{"type": "FeatureCollection", "features": [{"type": "Feature", "properties": {"cod": 109037, "dpto": 1, "secc": 9, "segm": 37, "loc": 621}, "geometry": {"type": "Polygon", "coordinates": [[[-56.22492586562187, -34.78961778634864], [-56.25015111103371, -34.8043506565661], [-56.25432214542868, -34.80173306576125], [-56.25641164052054, -34.800609100470695], [-56.23022180188434, -34.78601816212986], [-56.22492586562187, -34.78961778634864]]]}}, {"type": "Feature", "properties": {"cod": 201327, "dpto": 2, "secc": 1, "segm": 327, "loc": 830}, "geometry": {"type": "Polygon", "coordinates": [[[-56.47534121628025, -30.44396473244128], [-56.47523756832015, -30.443767769438384], [-56.475352896349406, -30.443775074418518], [-56.47530155278888, -30.443252529246053], [-56.47484422980056, -30.44324116678366], [-56.47479118185002, -30.44348200390392], [-56.47351225038643, -30.443514329883996], [-56.473457837268825, -30.443180437649826], [-56.47183021480205, -30.443096328177013], [-56.471802911936926, -30.44280699519453], [-56.47131728121402, -30.442826807782016], [-56.47131601902667, -30.442902241706097], [-56.46862750492204, -30.442725207416288], [-56.46741317954326, -30.44273227750915], [-56.466843142505915, -30.442157352712716], [-56.466289290912215, -30.442428859338232], [-56.46612062529346, -30.44241716715859], [-56.465922164810785, -30.44226715997217], [-56.464736579754536, -30.444316389001262], [-56.465057416935146, -30.444303520233568], [-56.465519128924925, -30.44364525615832], [-56.46683190670665, -30.44494781386174], [-56.46833438420365, -30.446156145690416], [-56.4684586313117, -30.4453522674135], [-56.468247747225455, -30.445307173277428], [-56.468303544457, -30.445160392293264], [-56.46947672688811, -30.445449425240184], [-56.47090510891733, -30.445948959581646], [-56.473113020337955, -30.446371389698335], [-56.47358925708334, -30.44508989067424], [-56.47507285878584, -30.445480278994122], [-56.475487610646425, -30.44574079840848], [-56.476222456144924, -30.44590370404428], [-56.47660984619938, -30.445752346545763], [-56.47720995436543, -30.445655257884482], [-56.47717864003195, -30.445347302689985], [-56.47617738942561, -30.444475755521733], [-56.474974604759765, -30.444293181375723], [-56.47534121628025, -30.44396473244128]]]}}, {"type": "Feature", "properties": {"cod": 302001, "dpto": 3, "secc": 2, "segm": 1, "loc": 323}, "geometry": {"type": "Polygon", "coordinates": [[[-56.404524089108136, -34.45575310725489], [-56.404059602797965, -34.45495635522211], [-56.404546760275515, -34.454814083992396], [-56.40515705886901, -34.45475803919626], [-56.40556762619261, -34.45460895216369], [-56.40579140494347, -34.45443729707971], [-56.40334916472975, -34.4514036082475], [-56.40286941744798, -34.4509959815415], [-56.40224347322121, -34.45003014630774], [-56.40011, -34.44738], [-56.400166828004366, -34.44682770283253], [-56.39971411933089, -34.4462089174723], [-56.39909086043041, -34.44556638959721], [-56.398884425589834, -34.44499385226433], [-56.39887863698883, -34.444573240948046], [-56.39900332101223, -34.44294580801439], [-56.399286049617594, -34.4423486455831], [-56.399322956140445, -34.44177216624756], [-56.39942216817406, -34.44149514015565], [-56.3993502434283, -34.440867050149954], [-56.39922160449217, -34.44062061627808], [-56.39925539383823, -34.43927913995836], [-56.398150828658785, -34.43847703173733], [-56.39765920442416, -34.43851826288719], [-56.39695982108751, -34.43897816685772], [-56.39638949691106, -34.43987791063567], [-56.39572342571745, -34.4404415068628], [-56.39550366808382, -34.44087609070397], [-56.39533915904671, -34.44159269174434], [-56.39512847897181, -34.4418348346155], [-56.39471331549296, -34.441949879479566], [-56.39434685297881, -34.44186746004505], [-56.39356766780928, -34.44188361442677], [-56.39312345497455, -34.44239093318202], [-56.39257953531038, -34.4433098002502], [-56.3919631748879, -34.44399547620388], [-56.39025805042568, -34.444165963028276], [-56.39119055478319, -34.44580175842473], [-56.39323247066715, -34.44499670367191], [-56.40223184907439, -34.45326778881813], [-56.40233058627742, -34.453125149943645], [-56.402405533368345, -34.45425757665397], [-56.40231480023822, -34.45545965855563], [-56.40203802964237, -34.45641016439162], [-56.401141102606786, -34.45781066247898], [-56.39975450272813, -34.459697831073065], [-56.40208577862364, -34.457792255821126], [-56.40388878241803, -34.45578167184067], [-56.404524089108136, -34.45575310725489]]]}}, {"type": "Feature", "properties": {"cod": 302002, "dpto": 3, "secc": 2, "segm": 2, "loc": 323}, "geometry": {"type": "Polygon", "coordinates": [[[-56.39647840171373, -34.44799363741079], [-56.39468067292018, -34.44950895024332], [-56.40209378764116, -34.45623013614793], [-56.40231480023822, -34.45545965855563], [-56.402405533368345, -34.45425757665397], [-56.40233058627742, -34.453125149943645], [-56.40223184907439, -34.45326778881813], [-56.39647840171373, -34.44799363741079]]]}}, {"type": "Feature", "properties": {"cod": 302003, "dpto": 3, "secc": 2, "segm": 3, "loc": 323}, "geometry": {"type": "Polygon", "coordinates": [[[-56.39080641198217, -34.44596983371284], [-56.39468067292018, -34.44950895024332], [-56.39647840171373, -34.44799363741079], [-56.39323247066715, -34.44499670367191], [-56.39080641198217, -34.44596983371284]]]}}, {"type": "Feature", "properties": {"cod": 302004, "dpto": 3, "secc": 2, "segm": 4, "loc": 323}, "geometry": {"type": "Polygon", "coordinates": [[[-56.40209378764116, -34.45623013614793], [-56.39468067292018, -34.44950895024332], [-56.392992276716335, -34.45100849810426], [-56.400770578908094, -34.45814813215309], [-56.40084612465425, -34.45816306208365], [-56.401141102606786, -34.45781066247898], [-56.40177620773423, -34.45686624264028], [-56.40203802964237, -34.45641016439162], [-56.40209378764116, -34.45623013614793]]]}}, {"type": "Feature", "properties": {"cod": 302005, "dpto": 3, "secc": 2, "segm": 5, "loc": 323}, "geometry": {"type": "Polygon", "coordinates": [[[-56.39025805042568, -34.444165963028276], [-56.38963546783857, -34.444304903181724], [-56.388658257518976, -34.445328892415134], [-56.387235772404026, -34.445557668179696], [-56.38669209136135, -34.44575395096146], [-56.386514127186636, -34.445906501513576], [-56.38633082128525, -34.44589885827456], [-56.38600360222317, -34.44620646297737], [-56.38733934617956, -34.44741519638066], [-56.38851222657939, -34.44690413852687], [-56.392992276716335, -34.45100849810426], [-56.39468067292018, -34.44950895024332], [-56.39080641198217, -34.44596983371284], [-56.39119055478319, -34.44580175842473], [-56.39025805042568, -34.444165963028276]]]}}, {"type": "Feature", "properties": {"cod": 302006, "dpto": 3, "secc": 2, "segm": 6, "loc": 323}, "geometry": {"type": "Polygon", "coordinates": [[[-56.40084612465425, -34.45816306208365], [-56.392992276716335, -34.45100849810426], [-56.391239072986, -34.452485710477866], [-56.399307368910264, -34.460028619947934], [-56.39975450272813, -34.459697831073065], [-56.40084612465425, -34.45816306208365]]]}}, {"type": "Feature", "properties": {"cod": 302007, "dpto": 3, "secc": 2, "segm": 7, "loc": 323}, "geometry": {"type": "Polygon", "coordinates": [[[-56.38600360222317, -34.44620646297737], [-56.38490059376022, -34.44657236475594], [-56.38792744597881, -34.44947456901609], [-56.391239072986, -34.452485710477866], [-56.392992276716335, -34.45100849810426], [-56.38851222657939, -34.44690413852687], [-56.38733934617956, -34.44741519638066], [-56.38600360222317, -34.44620646297737]]]}}, {"type": "Feature", "properties": {"cod": 302008, "dpto": 3, "secc": 2, "segm": 8, "loc": 323}, "geometry": {"type": "Polygon", "coordinates": [[[-56.391239072986, -34.452485710477866], [-56.389447512792415, -34.454026587129725], [-56.394250835523856, -34.45850375638191], [-56.39760454677077, -34.461493268432605], [-56.39819163385716, -34.46159492747271], [-56.39836143544794, -34.46169370163622], [-56.39975450272813, -34.459697831073065], [-56.399307368910264, -34.460028619947934], [-56.391239072986, -34.452485710477866]]]}}, {"type": "Feature", "properties": {"cod": 302009, "dpto": 3, "secc": 2, "segm": 9, "loc": 323}, "geometry": {"type": "Polygon", "coordinates": [[[-56.391239072986, -34.452485710477866], [-56.38490059376022, -34.44657236475594], [-56.38467226795988, -34.44673734419339], [-56.38388962317259, -34.447694060439574], [-56.38344174375361, -34.4478986976192], [-56.38309794999446, -34.4481880362776], [-56.38427064393212, -34.44938255087462], [-56.389447512792415, -34.454026587129725], [-56.391239072986, -34.452485710477866]]]}}, {"type": "Feature", "properties": {"cod": 302011, "dpto": 3, "secc": 2, "segm": 11, "loc": 323}, "geometry": {"type": "Polygon", "coordinates": [[[-56.389447512792415, -34.454026587129725], [-56.38427064393212, -34.44938255087462], [-56.38309794999446, -34.4481880362776], [-56.3829196804376, -34.44840770613903], [-56.38266987170747, -34.4485203501488], [-56.382301455424205, -34.44930327275087], [-56.38152737876369, -34.450529593397306], [-56.38124254940338, -34.45074844938669], [-56.38040682598239, -34.451146138535336], [-56.38114243329244, -34.4522100915642], [-56.38258775890339, -34.45097502461858], [-56.3875945007856, -34.455587541019604], [-56.389447512792415, -34.454026587129725]]]}}, {"type": "Feature", "properties": {"cod": 302012, "dpto": 3, "secc": 2, "segm": 12, "loc": 323}, "geometry": {"type": "Polygon", "coordinates": [[[-56.392542332845814, -34.45994274686407], [-56.3875945007856, -34.455587541019604], [-56.385912246561155, -34.457045641182866], [-56.39406930058974, -34.46451218745455], [-56.395864548584306, -34.46301361570814], [-56.39419644781934, -34.461557367079486], [-56.392542332845814, -34.45994274686407]]]}}, {"type": "Feature", "properties": {"cod": 302013, "dpto": 3, "secc": 2, "segm": 13, "loc": 323}, "geometry": {"type": "Polygon", "coordinates": [[[-56.38078805075691, -34.45243970287138], [-56.385912246561155, -34.457045641182866], [-56.3875945007856, -34.455587541019604], [-56.38258775890339, -34.45097502461858], [-56.38078805075691, -34.45243970287138]]]}}, {"type": "Feature", "properties": {"cod": 302014, "dpto": 3, "secc": 2, "segm": 14, "loc": 323}, "geometry": {"type": "Polygon", "coordinates": [[[-56.385912246561155, -34.457045641182866], [-56.38419130391069, -34.45856751342018], [-56.38505897516301, -34.459264996678414], [-56.38909090975177, -34.4629857963734], [-56.39406930058974, -34.46451218745455], [-56.385912246561155, -34.457045641182866]]]}}, {"type": "Feature", "properties": {"cod": 302015, "dpto": 3, "secc": 2, "segm": 15, "loc": 323}, "geometry": {"type": "Polygon", "coordinates": [[[-56.37992545049043, -34.45164187456422], [-56.379411955301194, -34.45242048748429], [-56.37846576565943, -34.45349750714175], [-56.37840295067163, -34.45366009929946], [-56.37818555245954, -34.45375027029951], [-56.37811182331317, -34.453920389380876], [-56.377801660429, -34.45417901946584], [-56.37743317734513, -34.45430647708733], [-56.37808823717099, -34.45480052889777], [-56.379014285687, -34.45399061008003], [-56.38168731276856, -34.45626544049984], [-56.38419130391069, -34.45856751342018], [-56.385912246561155, -34.457045641182866], [-56.38078805075691, -34.45243970287138], [-56.38114243329244, -34.4522100915642], [-56.38040682598239, -34.451146138535336], [-56.37992545049043, -34.45164187456422]]]}}, {"type": "Feature", "properties": {"cod": 302016, "dpto": 3, "secc": 2, "segm": 16, "loc": 323}, "geometry": {"type": "Polygon", "coordinates": [[[-56.388939228671966, -34.46282979845725], [-56.38168731276856, -34.45626544049984], [-56.379014285687, -34.45399061008003], [-56.37808823717099, -34.45480052889777], [-56.379925068498366, -34.45629665430065], [-56.3789186139207, -34.45686420865835], [-56.37712216012546, -34.45804349281226], [-56.37924334357528, -34.46076593076402], [-56.383921533654025, -34.46412298080022], [-56.38508631827051, -34.464518712642636], [-56.388939228671966, -34.46282979845725]]]}}, {"type": "Feature", "properties": {"cod": 302110, "dpto": 3, "secc": 2, "segm": 110, "loc": 323}, "geometry": {"type": "Polygon", "coordinates": [[[-56.39348295249778, -34.457722666638595], [-56.39171779020107, -34.459215520063566], [-56.39419644781934, -34.461557367079486], [-56.395864548584306, -34.46301361570814], [-56.39406930058974, -34.46451218745455], [-56.39527311661232, -34.46608753926879], [-56.39836143544794, -34.46169370163622], [-56.39819163385716, -34.46159492747271], [-56.39760454677077, -34.461493268432605], [-56.394250835523856, -34.45850375638191], [-56.39348295249778, -34.457722666638595]]]}}, {"type": "Feature", "properties": {"cod": 302117, "dpto": 3, "secc": 2, "segm": 117, "loc": 323}, "geometry": {"type": "Polygon", "coordinates": [[[-56.39926459944263, -34.439100655744], [-56.39208, -34.42914], [-56.39062, -34.41821], [-56.38608, -34.41395], [-56.38554075771949, -34.412258978091224], [-56.3847575027341, -34.41149781271308], [-56.38440385362098, -34.41087031747826], [-56.384058496489985, -34.409924499616466], [-56.38358371226926, -34.40932842408285], [-56.38351851909038, -34.408785024434515], [-56.3836556740339, -34.408318074545726], [-56.38415243847249, -34.407521181937554], [-56.384411359367846, -34.406888438770345], [-56.38475471293772, -34.40640582918], [-56.384824300714314, -34.40606741570935], [-56.37771035618557, -34.40794251938611], [-56.371991589676604, -34.427138357770595], [-56.376248911988974, -34.43215595268349], [-56.379649007990466, -34.43751903628639], [-56.38506732741686, -34.445250960598614], [-56.38600360222317, -34.44620646297737], [-56.38633082128525, -34.44589885827456], [-56.386514127186636, -34.445906501513576], [-56.38669209136135, -34.44575395096146], [-56.387235772404026, -34.445557668179696], [-56.388658257518976, -34.445328892415134], [-56.38963546783857, -34.444304903181724], [-56.39025805042568, -34.444165963028276], [-56.3919631748879, -34.44399547620388], [-56.39257953531038, -34.4433098002502], [-56.39312345497455, -34.44239093318202], [-56.39356766780928, -34.44188361442677], [-56.39434685297881, -34.44186746004505], [-56.39471331549296, -34.441949879479566], [-56.39522828724829, -34.44175109309922], [-56.39533915904671, -34.44159269174434], [-56.39550366808382, -34.44087609070397], [-56.39572342571745, -34.4404415068628], [-56.39638949691106, -34.43987791063567], [-56.39695982108751, -34.43897816685772], [-56.39739741715733, -34.43864668298649], [-56.39765920442416, -34.43851826288719], [-56.398150828658785, -34.43847703173733], [-56.39925539383823, -34.43927913995836], [-56.39926459944263, -34.439100655744]]]}}, {"type": "Feature", "properties": {"cod": 302118, "dpto": 3, "secc": 2, "segm": 118, "loc": 323}, "geometry": {"type": "Polygon", "coordinates": [[[-56.3747055980204, -34.45253096253479], [-56.36925212306808, -34.45139172690793], [-56.36481065313217, -34.45377708341361], [-56.36403192811201, -34.45398637375823], [-56.363465083558474, -34.45394542067159], [-56.36236078058099, -34.45759643708905], [-56.37343599764584, -34.471778788098526], [-56.37704777138837, -34.4694891477368], [-56.37960030506407, -34.47290452410833], [-56.38194390442441, -34.46796683260433], [-56.383921533654025, -34.46412298080022], [-56.37924334357528, -34.46076593076402], [-56.37712216012546, -34.45804349281226], [-56.3789186139207, -34.45686420865835], [-56.379925068498366, -34.45629665430065], [-56.37760173853386, -34.454413621811184], [-56.3747055980204, -34.45253096253479]]]}}, {"type": "Feature", "properties": {"cod": 302119, "dpto": 3, "secc": 2, "segm": 119, "loc": 323}, "geometry": {"type": "Polygon", "coordinates": [[[-56.40195096306167, -34.457914927830856], [-56.39975450272813, -34.459697831073065], [-56.39527311661232, -34.46608753926879], [-56.39406930058974, -34.46451218745455], [-56.38909090975177, -34.4629857963734], [-56.388939228671966, -34.46282979845725], [-56.38508631827051, -34.464518712642636], [-56.389403315936406, -34.46991963476568], [-56.391898431037404, -34.47333000394005], [-56.390147041948566, -34.4792519976031], [-56.39366337396748, -34.48330595732825], [-56.40170083647144, -34.47834390636551], [-56.40190608552675, -34.47859702103664], [-56.40225507163894, -34.478535009153454], [-56.4033288067658, -34.47895644236867], [-56.40495980194777, -34.47876253366238], [-56.40650584835254, -34.47881339033258], [-56.40697748086987, -34.478972127076396], [-56.407613505175135, -34.479464518855835], [-56.408318350428885, -34.47975272220867], [-56.40850252334365, -34.48021418893598], [-56.40926809493419, -34.480944751884905], [-56.40947361480509, -34.48145840543762], [-56.40942493376053, -34.48165573476368], [-56.40949401210517, -34.4817793666633], [-56.41017612064246, -34.482090886631475], [-56.41035506658745, -34.48265268484011], [-56.410212515275894, -34.48328723405269], [-56.41046074357539, -34.48357773809651], [-56.41105740305626, -34.483352433949044], [-56.412135906204334, -34.48242986003468], [-56.413405849881464, -34.48165840938628], [-56.4144748352467, -34.48073500547194], [-56.415423635080494, -34.47957424685157], [-56.4165543710554, -34.47849649994539], [-56.41685949760528, -34.47801055669086], [-56.41743346836082, -34.47741362948866], [-56.4181872824485, -34.476126737850834], [-56.418949891820326, -34.47445217526977], [-56.41909, -34.4655], [-56.41658, -34.46188], [-56.41688096602897, -34.456957749139114], [-56.41640534015284, -34.456724471791674], [-56.41518670959027, -34.456509419339454], [-56.41478204899669, -34.45651322587077], [-56.41248984605516, -34.45603350224503], [-56.40618, -34.45492], [-56.40579140494347, -34.45443729707971], [-56.40556762619261, -34.45460895216369], [-56.40515705886901, -34.45475803919626], [-56.404546760275515, -34.454814083992396], [-56.404059602797965, -34.45495635522211], [-56.404524089108136, -34.45575310725489], [-56.40388878241803, -34.45578167184067], [-56.40195096306167, -34.457914927830856]]]}}, {"type": "Feature", "properties": {"cod": 302210, "dpto": 3, "secc": 2, "segm": 210, "loc": 323}, "geometry": {"type": "Polygon", "coordinates": [[[-56.39348295249778, -34.457722666638595], [-56.389447512792415, -34.454026587129725], [-56.3875945007856, -34.455587541019604], [-56.39171779020107, -34.459215520063566], [-56.39348295249778, -34.457722666638595]]]}}, {"type": "Feature", "properties": {"cod": 302217, "dpto": 3, "secc": 2, "segm": 217, "loc": 323}, "geometry": {"type": "Polygon", "coordinates": [[[-56.38524033540257, -34.44545928037136], [-56.379649007990466, -34.43751903628639], [-56.376248911988974, -34.43215595268349], [-56.371991589676604, -34.427138357770595], [-56.36640675412345, -34.44444705430177], [-56.363465083558474, -34.45394542067159], [-56.36403192811201, -34.45398637375823], [-56.36481065313217, -34.45377708341361], [-56.36925212306808, -34.45139172690793], [-56.3747055980204, -34.45253096253479], [-56.37743317734513, -34.45430647708733], [-56.377801660429, -34.45417901946584], [-56.37811182331317, -34.453920389380876], [-56.37818555245954, -34.45375027029951], [-56.37840295067163, -34.45366009929946], [-56.37846576565943, -34.45349750714175], [-56.379411955301194, -34.45242048748429], [-56.37992545049043, -34.45164187456422], [-56.38040682598239, -34.451146138535336], [-56.38124254940338, -34.45074844938669], [-56.38152737876369, -34.450529593397306], [-56.382301455424205, -34.44930327275087], [-56.38271685752967, -34.448465643565825], [-56.3829196804376, -34.44840770613903], [-56.38332398436955, -34.447972395011085], [-56.38388962317259, -34.447694060439574], [-56.38467226795988, -34.44673734419339], [-56.384954792590186, -34.44653510786458], [-56.38600360222317, -34.44620646297737], [-56.38524033540257, -34.44545928037136]]]}}, {"type": "Feature", "properties": {"cod": 302218, "dpto": 3, "secc": 2, "segm": 218, "loc": 323}, "geometry": {"type": "Polygon", "coordinates": [[[-56.37343599764584, -34.471778788098526], [-56.36236078058099, -34.45759643708905], [-56.360460306013294, -34.46360621699121], [-56.36058373254616, -34.46362545911907], [-56.35648093001648, -34.47689597276424], [-56.35482417190139, -34.48512832590518], [-56.35375355145904, -34.486782671022574], [-56.35389630433327, -34.48706397706292], [-56.353760369826574, -34.487522691394965], [-56.3537722857657, -34.48822937819738], [-56.35395416729515, -34.48864018309911], [-56.35414512638333, -34.48885854703081], [-56.35420880834969, -34.489149778323345], [-56.35366502344759, -34.49032903566386], [-56.35366848605678, -34.49102664334197], [-56.35383363683558, -34.491419168555595], [-56.35423410096571, -34.49183363650723], [-56.36212, -34.49017], [-56.362182174492524, -34.490353586099985], [-56.36285771621531, -34.490349277043066], [-56.363405043837076, -34.49045581083704], [-56.3637275774858, -34.49076961533719], [-56.36376488709403, -34.492024846504016], [-56.36392347575439, -34.492265413452174], [-56.36414100876336, -34.49243563276251], [-56.36432903227221, -34.49280498996656], [-56.364598912870036, -34.49308056152298], [-56.365825035347186, -34.49372693085435], [-56.36712202353345, -34.493624095221456], [-56.36765247327743, -34.49324606050851], [-56.368377650282184, -34.492939518439876], [-56.36934888020954, -34.49287310219534], [-56.369735299794556, -34.49308321192011], [-56.36987238552509, -34.493271578406144], [-56.36997168432453, -34.493649882291216], [-56.370481021090335, -34.49434127952108], [-56.370485142454946, -34.494509708910485], [-56.37041555467835, -34.494848122381136], [-56.37004885358778, -34.49548828720196], [-56.37004713839509, -34.495631044983206], [-56.36930224581258, -34.496725482007314], [-56.36925492121844, -34.49691472438239], [-56.36931539678474, -34.497096410100255], [-56.36951147461216, -34.49720236526502], [-56.37073697665624, -34.49685993031621], [-56.37067396372936, -34.495988205939604], [-56.37100905701206, -34.493858091253216], [-56.37309066996042, -34.486822183205625], [-56.37603184622876, -34.48040728994785], [-56.37960030506407, -34.47290452410833], [-56.37704777138837, -34.4694891477368], [-56.37343599764584, -34.471778788098526]]]}}, {"type": "Feature", "properties": {"cod": 302219, "dpto": 3, "secc": 2, "segm": 219, "loc": 323}, "geometry": {"type": "Polygon", "coordinates": [[[-56.38307414802102, -34.465712826529206], [-56.37603184622876, -34.48040728994785], [-56.37309066996042, -34.486822183205625], [-56.37100905701206, -34.493858091253216], [-56.37067396372936, -34.495988205939604], [-56.37073697665624, -34.49685993031621], [-56.37219842487338, -34.49645156629279], [-56.372381534378945, -34.49612863625106], [-56.3729804786246, -34.49588684744663], [-56.373693859414075, -34.496033705667536], [-56.37997, -34.49428], [-56.380211063913855, -34.49461651053965], [-56.38101174503668, -34.49424298826012], [-56.381360887212686, -34.494180989951495], [-56.38162508061661, -34.494363756984804], [-56.38203355811756, -34.49507986337957], [-56.382208348091446, -34.49580089038622], [-56.38216088744378, -34.495989984152054], [-56.38232310263812, -34.49653350267259], [-56.382345241365684, -34.49701481207829], [-56.38781, -34.49681], [-56.38774731244408, -34.49710080060666], [-56.38841056376802, -34.49706436081763], [-56.388609074601085, -34.4971656386108], [-56.389084693686144, -34.49723241443364], [-56.38946405636203, -34.497425088079396], [-56.389669305417335, -34.49767820275052], [-56.389300819881136, -34.49911644172393], [-56.388601347331466, -34.500231797034836], [-56.388167790068586, -34.50145430815645], [-56.38789906060959, -34.501825817445706], [-56.387832259054065, -34.5020803705244], [-56.3873035589229, -34.50276534895945], [-56.387049628828166, -34.50270956357982], [-56.38679418755573, -34.50240160988243], [-56.386524747136924, -34.502319309327085], [-56.386259822693276, -34.50168286740776], [-56.385670974875396, -34.50080812446706], [-56.38515466131093, -34.50068747461458], [-56.38452641157502, -34.500733475248275], [-56.384348447400306, -34.50088602580039], [-56.38366630425652, -34.50090216401963], [-56.383116806616634, -34.5010726402242], [-56.38275437629401, -34.501814101522946], [-56.382751898446536, -34.50346901214817], [-56.383315514187586, -34.504711335981106], [-56.384352002802956, -34.506104026028595], [-56.38477871342576, -34.5065129891444], [-56.388125102763006, -34.50816394797675], [-56.38882367124048, -34.50823320871688], [-56.38984865856213, -34.50819650628106], [-56.39031309932838, -34.50807741666656], [-56.391090807931825, -34.50748143574511], [-56.39180267919207, -34.50654371034587], [-56.39222208795031, -34.5056139852467], [-56.39262070472829, -34.50508586959912], [-56.39366451262323, -34.50420225342406], [-56.394408555750324, -34.503964639228904], [-56.39473298859133, -34.503740894918046], [-56.39527527983886, -34.50362011553897], [-56.39607190675367, -34.50407605072801], [-56.39637400845588, -34.504396552186414], [-56.39644720816512, -34.50468861347543], [-56.39663481149498, -34.504864564712854], [-56.39676954050458, -34.5054241195909], [-56.39899, -34.50542], [-56.40434, -34.49944], [-56.40514729336216, -34.49935117160416], [-56.40532258406318, -34.49905172843101], [-56.40614882434266, -34.49832555113303], [-56.406705353392866, -34.497256534363544], [-56.40712275613765, -34.496209163164146], [-56.40755850341869, -34.49470950707843], [-56.4078174267715, -34.49276598252474], [-56.407581007635024, -34.49252697034104], [-56.40691948040252, -34.49214162053421], [-56.40635693323751, -34.4922689754425], [-56.406177477895376, -34.492169222642175], [-56.40612281883616, -34.49201334356366], [-56.40529575284509, -34.49202518571003], [-56.40518829141665, -34.49189820657166], [-56.405204785998144, -34.49132828919425], [-56.405398565913885, -34.49113513454658], [-56.40609241681872, -34.49084268135973], [-56.40681348071132, -34.49079979685737], [-56.40706, -34.49046], [-56.40685633207601, -34.49021800746665], [-56.40570523162231, -34.49050655497441], [-56.405277513374195, -34.490443956317684], [-56.40497720825637, -34.490308638940455], [-56.40463901488536, -34.49003545214149], [-56.40447140327793, -34.48965953297583], [-56.404522783732666, -34.48872301331191], [-56.40488675326401, -34.48783891562987], [-56.405143348127616, -34.48748316882101], [-56.405328018330465, -34.48649933197885], [-56.40534407268786, -34.48573614363145], [-56.40551590948963, -34.48529751755515], [-56.40595245453112, -34.48490700132907], [-56.406288391123304, -34.484801868115035], [-56.40698571919872, -34.48487949941551], [-56.40863237410298, -34.48464497300803], [-56.40936447329474, -34.484095476749545], [-56.41046074357539, -34.48357773809651], [-56.410212515275894, -34.48328723405269], [-56.41034602363521, -34.48251746762272], [-56.41017612064246, -34.482090886631475], [-56.40949401210517, -34.4817793666633], [-56.40942493376053, -34.48165573476368], [-56.40947361480509, -34.48145840543762], [-56.40926809493419, -34.480944751884905], [-56.40850252334365, -34.48021418893598], [-56.408318350428885, -34.47975272220867], [-56.407613505175135, -34.479464518855835], [-56.40697748086987, -34.478972127076396], [-56.40650584835254, -34.47881339033258], [-56.40465518480015, -34.478786431474035], [-56.4033288067658, -34.47895644236867], [-56.40225507163894, -34.478535009153454], [-56.40190608552675, -34.47859702103664], [-56.40170083647144, -34.47834390636551], [-56.39366337396748, -34.48330595732825], [-56.390147041948566, -34.4792519976031], [-56.391898431037404, -34.47333000394005], [-56.389403315936406, -34.46991963476568], [-56.38508631827051, -34.464518712642636], [-56.383921533654025, -34.46412298080022], [-56.38307414802102, -34.465712826529206]]]}}, {"type": "Feature", "properties": {"cod": 305001, "dpto": 3, "secc": 5, "segm": 1, "loc": 321}, "geometry": {"type": "Polygon", "coordinates": [[[-56.23182302207226, -34.76527218473771], [-56.23178684216682, -34.765443496630944], [-56.2248201080288, -34.76555725724608], [-56.224820789462804, -34.76465096106598], [-56.223081509342975, -34.76468520529799], [-56.223156820934754, -34.76562055514536], [-56.22379352391363, -34.765961463294275], [-56.224826466394305, -34.7662077243389], [-56.225614703319096, -34.76656048493753], [-56.225951371381406, -34.76715647030757], [-56.22619986271489, -34.7674215184723], [-56.22638038285427, -34.76751789185917], [-56.22675868264874, -34.7675242769993], [-56.22713796324409, -34.76764674415366], [-56.22773394749291, -34.76767889282667], [-56.22823864785337, -34.76805399549039], [-56.22833530784207, -34.768502478027415], [-56.23143909373697, -34.769929025775255], [-56.23167872573624, -34.76981242003891], [-56.23470808355094, -34.765868689130535], [-56.23486023435818, -34.76551651452675], [-56.23517851078325, -34.76519128364966], [-56.23182302207226, -34.76527218473771]]]}}, {"type": "Feature", "properties": {"cod": 305002, "dpto": 3, "secc": 5, "segm": 2, "loc": 321}, "geometry": {"type": "Polygon", "coordinates": [[[-56.233167807597084, -34.76355906610688], [-56.22131422162989, -34.763790523034594], [-56.221327088967605, -34.76414659796499], [-56.2211123290878, -34.76463305277143], [-56.22113525531995, -34.76497809256523], [-56.22122423275499, -34.76523411851623], [-56.22165693085861, -34.76543299322155], [-56.22216338973417, -34.76554378110601], [-56.2225501659695, -34.76545705210577], [-56.223156820934754, -34.76562055514536], [-56.223081509342975, -34.76468520529799], [-56.224820789462804, -34.76465096106598], [-56.2248201080288, -34.76555725724608], [-56.23178684216682, -34.765443496630944], [-56.23182302207226, -34.76527218473771], [-56.2331557715488, -34.76524005204646], [-56.233167807597084, -34.76355906610688]]]}}, {"type": "Feature", "properties": {"cod": 305003, "dpto": 3, "secc": 5, "segm": 3, "loc": 321}, "geometry": {"type": "Polygon", "coordinates": [[[-56.23311232467537, -34.761755660303706], [-56.22285617599019, -34.761956418930026], [-56.22300619651896, -34.76374972939132], [-56.233167807597084, -34.76355906610688], [-56.23311232467537, -34.761755660303706]]]}}, {"type": "Feature", "properties": {"cod": 305004, "dpto": 3, "secc": 5, "segm": 4, "loc": 321}, "geometry": {"type": "Polygon", "coordinates": [[[-56.23316015692781, -34.759911058894005], [-56.22269594169086, -34.76006275500679], [-56.22285617599019, -34.761956418930026], [-56.23311232467537, -34.761755660303706], [-56.23316015692781, -34.759911058894005]]]}}, {"type": "Feature", "properties": {"cod": 305005, "dpto": 3, "secc": 5, "segm": 5, "loc": 321}, "geometry": {"type": "Polygon", "coordinates": [[[-56.223755448599555, -34.758193764816106], [-56.22378299894374, -34.7600519258617], [-56.23316015692781, -34.759911058894005], [-56.23318558989972, -34.757648846183805], [-56.23224037314763, -34.7576716354316], [-56.23223522677011, -34.758105422380815], [-56.223755448599555, -34.758193764816106]]]}}, {"type": "Feature", "properties": {"cod": 305006, "dpto": 3, "secc": 5, "segm": 6, "loc": 321}, "geometry": {"type": "Polygon", "coordinates": [[[-56.23319565508615, -34.75480596862174], [-56.223752493806785, -34.75499494206057], [-56.223755448599555, -34.758193764816106], [-56.23223522677011, -34.758105422380815], [-56.23224037314763, -34.7576716354316], [-56.23318558989972, -34.757648846183805], [-56.23319565508615, -34.75480596862174]]]}}, {"type": "Feature", "properties": {"cod": 305007, "dpto": 3, "secc": 5, "segm": 7, "loc": 321}, "geometry": {"type": "Polygon", "coordinates": [[[-56.22774240884984, -34.739531825487866], [-56.227713201994504, -34.75491495506186], [-56.23319565508615, -34.75480596862174], [-56.233229333740574, -34.74567340160866], [-56.23408954999314, -34.745660351673365], [-56.234203992439475, -34.7457660081747], [-56.23476144981803, -34.74572937191396], [-56.234140335180626, -34.74312635958099], [-56.23324552693578, -34.73862460283664], [-56.22969006534196, -34.73953138524029], [-56.22774240884984, -34.739531825487866]]]}}, {"type": "Feature", "properties": {"cod": 305008, "dpto": 3, "secc": 5, "segm": 8, "loc": 321}, "geometry": {"type": "Polygon", "coordinates": [[[-56.219042685729505, -34.757734173289656], [-56.219053660711275, -34.75789665833099], [-56.218631569864456, -34.75858130647178], [-56.218168241985026, -34.759554628348], [-56.21813785187768, -34.759789385749244], [-56.218568655470875, -34.76015714491416], [-56.21880169175839, -34.76015664566887], [-56.219106494524745, -34.760389324206756], [-56.21950485069457, -34.76052696348123], [-56.219802009853495, -34.76093795584402], [-56.219798721807365, -34.761207201542874], [-56.22095, -34.76219], [-56.22107337628055, -34.76333165504298], [-56.22131422162989, -34.763790523034594], [-56.22300619651896, -34.76374972939132], [-56.22269594169086, -34.76006275500679], [-56.22378299894374, -34.7600519258617], [-56.223759533469625, -34.75571510654679], [-56.2189925942991, -34.755974510491896], [-56.21947, -34.75682], [-56.219042685729505, -34.757734173289656]]]}}, {"type": "Feature", "properties": {"cod": 305009, "dpto": 3, "secc": 5, "segm": 9, "loc": 321}, "geometry": {"type": "Polygon", "coordinates": [[[-56.223759533469625, -34.75571510654679], [-56.22372327563383, -34.75200589400798], [-56.22381962951571, -34.751221338908984], [-56.22005836661086, -34.751381737063234], [-56.22019922706442, -34.75321397030481], [-56.21751411561023, -34.75335611230972], [-56.2189925942991, -34.755974510491896], [-56.223759533469625, -34.75571510654679]]]}}, {"type": "Feature", "properties": {"cod": 305010, "dpto": 3, "secc": 5, "segm": 10, "loc": 321}, "geometry": {"type": "Polygon", "coordinates": [[[-56.223770580726516, -34.74716386563113], [-56.22381962951571, -34.751221338908984], [-56.22372327563383, -34.75200589400798], [-56.223752493806785, -34.75499494206057], [-56.227713201994504, -34.75491495506186], [-56.22769351615638, -34.747107985257415], [-56.223770580726516, -34.74716386563113]]]}}, {"type": "Feature", "properties": {"cod": 305011, "dpto": 3, "secc": 5, "segm": 11, "loc": 321}, "geometry": {"type": "Polygon", "coordinates": [[[-56.23319565508615, -34.75480596862174], [-56.23316008358594, -34.76084835513879], [-56.23310430064271, -34.760934793809554], [-56.23317764455042, -34.76264485921026], [-56.2331557715488, -34.76524005204646], [-56.23517851078325, -34.76519128364966], [-56.235327392354854, -34.76494754069115], [-56.23579636755508, -34.76456446858029], [-56.23599429870687, -34.76448998262564], [-56.23625701893757, -34.76451712574712], [-56.23827810384559, -34.76338409329868], [-56.23839283826614, -34.76323163870541], [-56.239520165888116, -34.76249194053838], [-56.24034783321038, -34.762061392410835], [-56.2403463190793, -34.76190649530064], [-56.23927447507275, -34.761537376569386], [-56.23667497746811, -34.761584544677405], [-56.23657309650875, -34.75793112219194], [-56.236656430450815, -34.756790621898524], [-56.2366456039151, -34.75472279009306], [-56.23319565508615, -34.75480596862174]]]}}, {"type": "Feature", "properties": {"cod": 305014, "dpto": 3, "secc": 5, "segm": 14, "loc": 838}, "geometry": {"type": "Polygon", "coordinates": [[[-56.2331681768037, -34.75103464662068], [-56.23586236355179, -34.75099288549419], [-56.23529847190234, -34.74843501140923], [-56.233190505480216, -34.74847032869532], [-56.2331681768037, -34.75103464662068]]]}}, {"type": "Feature", "properties": {"cod": 305112, "dpto": 3, "secc": 5, "segm": 112, "loc": 321}, "geometry": {"type": "Polygon", "coordinates": [[[-56.22774240884984, -34.739531825487866], [-56.2237719591313, -34.73960610497902], [-56.22381962430174, -34.742515430853224], [-56.22125812384581, -34.74257718882406], [-56.22166617228843, -34.74756317224082], [-56.223773532604675, -34.74746584569244], [-56.223770580726516, -34.74716386563113], [-56.22769351615638, -34.747107985257415], [-56.22774240884984, -34.739531825487866]]]}}, {"type": "Feature", "properties": {"cod": 305212, "dpto": 3, "secc": 5, "segm": 212, "loc": 321}, "geometry": {"type": "Polygon", "coordinates": [[[-56.22121725213231, -34.7432287946054], [-56.22072163302909, -34.743798454640434], [-56.220676143770284, -34.74397768095914], [-56.22009446694296, -34.744433184102064], [-56.22008735072039, -34.74468119906347], [-56.21997495216609, -34.74478463474233], [-56.21928700630052, -34.74501036266033], [-56.21911897400236, -34.745231245366654], [-56.218659083764656, -34.74556770656424], [-56.21839522641683, -34.7456669779577], [-56.21803986316589, -34.746055000787536], [-56.21738189024032, -34.746450445648634], [-56.21693418477168, -34.74707315835714], [-56.216584948738536, -34.74714347625102], [-56.216463543903664, -34.747285831002145], [-56.215889284074066, -34.74753982986281], [-56.21542583440529, -34.74848816931743], [-56.21527136014789, -34.74938417353923], [-56.21751411561023, -34.75335611230972], [-56.22019922706442, -34.75321397030481], [-56.22005836661086, -34.751381737063234], [-56.22381962951571, -34.751221338908984], [-56.223773532604675, -34.74746584569244], [-56.22166617228843, -34.74756317224082], [-56.22135886717688, -34.74321769031192], [-56.22121725213231, -34.7432287946054]]]}}, {"type": "Feature", "properties": {"cod": 306108, "dpto": 3, "secc": 6, "segm": 108, "loc": 836}, "geometry": {"type": "Polygon", "coordinates": [[[-56.00297701850981, -34.66827643270102], [-56.00297680559804, -34.66851119534329], [-56.003134623388824, -34.66861618933586], [-56.00328884966182, -34.66889493512381], [-56.002915411649276, -34.66900282219602], [-56.00383338655017, -34.66979541872753], [-56.00629626520608, -34.67042096036083], [-56.00612992849099, -34.669057108608115], [-56.00297701850981, -34.66827643270102]]]}}, {"type": "Feature", "properties": {"cod": 306208, "dpto": 3, "secc": 6, "segm": 208, "loc": 836}, "geometry": {"type": "Polygon", "coordinates": [[[-55.997148495676775, -34.66897761080431], [-55.99753760513508, -34.666303343012636], [-56.000237955145984, -34.66709030042169], [-56.00048647789564, -34.66729861100902], [-56.00077006987808, -34.66718593043123], [-56.00057154793165, -34.666719223094155], [-56.00031563756107, -34.66647956432843], [-56.00016677724656, -34.66598945222261], [-56.00024370651584, -34.665704534537646], [-56.00028744118899, -34.66457405813631], [-56.000438677677586, -34.66385230917626], [-56.000198037185754, -34.66316020430498], [-56.000442102556, -34.66297391237926], [-55.993358647617036, -34.660934664094704], [-55.99348483725679, -34.65954271741419], [-55.99380100337222, -34.65759340846748], [-55.993876074120465, -34.65753550564234], [-55.99433175767813, -34.65763582654612], [-55.994442992651265, -34.65665098924608], [-55.985197074514204, -34.653944141355296], [-55.984904046677315, -34.65401754750664], [-55.98441500055043, -34.65359531404689], [-55.98395024590754, -34.65363684493564], [-55.983826408930184, -34.653555505917986], [-55.98271, -34.65348], [-55.985685187330304, -34.65691505235091], [-55.98672895829955, -34.65785900244548], [-55.987280928853174, -34.65849328031053], [-55.99128, -34.6596], [-55.99191275206123, -34.66320552038576], [-55.994880070489536, -34.667484690041746], [-55.99525136488568, -34.66764928195828], [-55.995412454098286, -34.668474390898325], [-55.997148495676775, -34.66897761080431]]]}}, {"type": "Feature", "properties": {"cod": 308001, "dpto": 3, "secc": 8, "segm": 1, "loc": 630}, "geometry": {"type": "Polygon", "coordinates": [[[-55.70774475352146, -34.68484956568352], [-55.70775372176427, -34.684627156970464], [-55.70860155080976, -34.68488319408469], [-55.70891883479948, -34.68488053233679], [-55.70899782536923, -34.68431101863084], [-55.708982083682564, -34.68377512643257], [-55.70778527930513, -34.683844543006934], [-55.70791394072473, -34.68180975959996], [-55.708716383006426, -34.68064974845924], [-55.70852801993174, -34.67999684798273], [-55.707979401050935, -34.679493543262545], [-55.70774171385268, -34.679371033336594], [-55.70744406115735, -34.67934998734261], [-55.70683205459713, -34.67949239134116], [-55.70573552538153, -34.68030947487824], [-55.7046026869135, -34.68087481042708], [-55.703909554006344, -34.680713414040845], [-55.70374852377869, -34.68054240294372], [-55.7015171707634, -34.68128122915293], [-55.70277795427312, -34.681248029479114], [-55.70275258537488, -34.6818771676645], [-55.70399543863736, -34.681821725341706], [-55.70384680261195, -34.68504469706598], [-55.70774475352146, -34.68484956568352]]]}}, {"type": "Feature", "properties": {"cod": 308002, "dpto": 3, "secc": 8, "segm": 2, "loc": 630}, "geometry": {"type": "Polygon", "coordinates": [[[-55.701432171528175, -34.681306927960904], [-55.70029794891502, -34.681673137535704], [-55.70020027184147, -34.68178355441539], [-55.70015046057754, -34.6830188531625], [-55.698861396340455, -34.6830605758633], [-55.69871913050979, -34.68520305499889], [-55.70384680261195, -34.68504469706598], [-55.70399543863736, -34.681821725341706], [-55.70275258537488, -34.6818771676645], [-55.70277795427312, -34.681248029479114], [-55.701432171528175, -34.681306927960904]]]}}, {"type": "Feature", "properties": {"cod": 308003, "dpto": 3, "secc": 8, "segm": 3, "loc": 630}, "geometry": {"type": "Polygon", "coordinates": [[[-55.70475368355071, -34.68502070771072], [-55.69871913050979, -34.68520305499889], [-55.69859201998703, -34.68719937584163], [-55.69869911634219, -34.68731850491425], [-55.70111775388043, -34.68725556169364], [-55.70116906483279, -34.68713903788789], [-55.7024857954644, -34.6871040273608], [-55.70242560385716, -34.68905989457071], [-55.70341608382991, -34.68902022840213], [-55.703462484477704, -34.688099198600696], [-55.705750683193344, -34.68803286960636], [-55.7057673844044, -34.68784837355466], [-55.70888750368566, -34.687739778079745], [-55.70824378225095, -34.68473389077417], [-55.70775372176427, -34.684627156970464], [-55.70774475352146, -34.68484956568352], [-55.70475368355071, -34.68502070771072]]]}}, {"type": "Feature", "properties": {"cod": 308004, "dpto": 3, "secc": 8, "segm": 4, "loc": 630}, "geometry": {"type": "Polygon", "coordinates": [[[-55.70015046057754, -34.6830188531625], [-55.70020027184147, -34.68178355441539], [-55.69569397936899, -34.68318616693834], [-55.69575887842495, -34.68342925718826], [-55.69501226264517, -34.68366793344414], [-55.689834407402785, -34.6827551122614], [-55.688968068915884, -34.685733175069394], [-55.69440550654456, -34.68390981529164], [-55.69512954309795, -34.684231094513116], [-55.69631568284755, -34.68419270313397], [-55.696172763120956, -34.68727767910028], [-55.69859201998703, -34.68719937584163], [-55.698861396340455, -34.6830605758633], [-55.70015046057754, -34.6830188531625]]]}}, {"type": "Feature", "properties": {"cod": 308005, "dpto": 3, "secc": 8, "segm": 5, "loc": 630}, "geometry": {"type": "Polygon", "coordinates": [[[-55.70891883479948, -34.68488053233679], [-55.71142292414779, -34.685014118840414], [-55.7141056699313, -34.68534096889895], [-55.71478813978688, -34.68530366431401], [-55.71467223690543, -34.685169480286746], [-55.7137677009585, -34.6847006430792], [-55.71254002089022, -34.68391289109457], [-55.712146884346616, -34.68325127845835], [-55.71168665552307, -34.683097559062176], [-55.711405543897236, -34.68289975454977], [-55.71115350572996, -34.682210627363894], [-55.71020199902758, -34.68151345961974], [-55.709832791327614, -34.68141815423966], [-55.709562187235015, -34.68118945432427], [-55.7093033278744, -34.68112886502849], [-55.708716383006426, -34.68064974845924], [-55.70791394072473, -34.68180975959996], [-55.70778527930513, -34.683844543006934], [-55.708982083682564, -34.68377512643257], [-55.70891883479948, -34.68488053233679]]]}}, {"type": "Feature", "properties": {"cod": 308007, "dpto": 3, "secc": 8, "segm": 7, "loc": 725}, "geometry": {"type": "Polygon", "coordinates": [[[-55.683910792612814, -34.750974486861], [-55.68308433404183, -34.75168869225026], [-55.68857651560439, -34.75238459834078], [-55.694484388820264, -34.747302448832926], [-55.69494488691125, -34.74736271631905], [-55.69510309122832, -34.74706249613068], [-55.69392853868207, -34.74686713537166], [-55.691626899355484, -34.74633220937603], [-55.692240789952876, -34.74581460493577], [-55.69238238151268, -34.74583426493017], [-55.69296009069475, -34.74532294615621], [-55.69087750767097, -34.745069120456236], [-55.68977179287375, -34.746032759829596], [-55.687088772963975, -34.7457915537934], [-55.6862099329847, -34.745816338746714], [-55.685828852208836, -34.746106297302326], [-55.68561823680736, -34.74639168399181], [-55.681681306462416, -34.74762496148741], [-55.67843781461977, -34.75026238917106], [-55.683910792612814, -34.750974486861]]]}}, {"type": "Feature", "properties": {"cod": 308008, "dpto": 3, "secc": 8, "segm": 8, "loc": 724}, "geometry": {"type": "Polygon", "coordinates": [[[-55.67552683430808, -34.758269423493125], [-55.67564313178819, -34.76006630845524], [-55.67602860466815, -34.760168895174445], [-55.67589970071464, -34.7603262491408], [-55.67561758041578, -34.76038687777587], [-55.67571182305476, -34.76122531887718], [-55.67575398024114, -34.763053420837494], [-55.67882443352996, -34.76270022990439], [-55.68019814209059, -34.762640691404904], [-55.68057201502333, -34.76199168654526], [-55.68036193599865, -34.76193232275962], [-55.68054044536525, -34.76193828529017], [-55.67916012687001, -34.760845606574435], [-55.67943193868366, -34.7605781153576], [-55.679273205955504, -34.76043731657394], [-55.67864240588395, -34.760492853851396], [-55.67552683430808, -34.758269423493125]]]}}, {"type": "Feature", "properties": {"cod": 308009, "dpto": 3, "secc": 8, "segm": 9, "loc": 724}, "geometry": {"type": "Polygon", "coordinates": [[[-55.67552683430808, -34.758269423493125], [-55.671285014138576, -34.762092724313646], [-55.67053296908544, -34.76266082945748], [-55.668761962158406, -34.763100511167394], [-55.669939387687926, -34.7643816898812], [-55.67035392610576, -34.764309617683985], [-55.67213, -34.76351], [-55.67575398024114, -34.763053420837494], [-55.67571182305476, -34.76122531887718], [-55.67561758041578, -34.76038687777587], [-55.67589970071464, -34.7603262491408], [-55.67602860466815, -34.760168895174445], [-55.67564313178819, -34.76006630845524], [-55.67552683430808, -34.758269423493125]]]}}, {"type": "Feature", "properties": {"cod": 308010, "dpto": 3, "secc": 8, "segm": 10, "loc": 724}, "geometry": {"type": "Polygon", "coordinates": [[[-55.668761962158406, -34.763100511167394], [-55.67053296908544, -34.76266082945748], [-55.671285014138576, -34.762092724313646], [-55.67401905078747, -34.75956159948602], [-55.673384206791475, -34.75944313438646], [-55.66984366746029, -34.76109332235868], [-55.66980527410593, -34.762022657481054], [-55.66948525812903, -34.76244544511813], [-55.66836036943965, -34.76275068913831], [-55.668761962158406, -34.763100511167394]]]}}, {"type": "Feature", "properties": {"cod": 308011, "dpto": 3, "secc": 8, "segm": 11, "loc": 724}, "geometry": {"type": "Polygon", "coordinates": [[[-55.66268856109906, -34.7632979850932], [-55.66185563594801, -34.763645671729726], [-55.66159454225593, -34.76389014799535], [-55.6614945387027, -34.76413439191353], [-55.661897430810434, -34.76424317351072], [-55.66234496323447, -34.76424137096289], [-55.66362081872169, -34.76395144738736], [-55.664972227869754, -34.76406022353263], [-55.6658155247101, -34.76425662710139], [-55.66645147018612, -34.764697466519294], [-55.66771834247411, -34.764967895717604], [-55.668635268109696, -34.76480330648762], [-55.669939387687926, -34.7643816898812], [-55.668761962158406, -34.763100511167394], [-55.6676240404489, -34.76210938425004], [-55.666716385058834, -34.76249568937986], [-55.665948949614865, -34.76190845468356], [-55.665890410381955, -34.761745766694155], [-55.66549376104959, -34.761558662796915], [-55.663006877684964, -34.76334599408002], [-55.66320342288406, -34.76346187181607], [-55.66268856109906, -34.7632979850932]]]}}, {"type": "Feature", "properties": {"cod": 308012, "dpto": 3, "secc": 8, "segm": 12, "loc": 724}, "geometry": {"type": "Polygon", "coordinates": [[[-55.66695685588505, -34.756785522404385], [-55.66751855607607, -34.75748363425455], [-55.66747332101668, -34.75760168055606], [-55.66761717699696, -34.75781766870976], [-55.66756792492218, -34.7579879397917], [-55.66768112278239, -34.75825054629622], [-55.66783240630015, -34.75837334850854], [-55.66783904107558, -34.75885103945074], [-55.66796267699333, -34.75920925504491], [-55.6673541297106, -34.75965982141476], [-55.66650618136423, -34.76008270773932], [-55.666495528487594, -34.76043927019736], [-55.66612638721382, -34.760917455971594], [-55.665349495396676, -34.761572552163294], [-55.66469346554544, -34.762056079862376], [-55.66390878805344, -34.76247083509356], [-55.66320470052389, -34.763109648892254], [-55.66268856109906, -34.7632979850932], [-55.66320342288406, -34.76346187181607], [-55.663006877684964, -34.76334599408002], [-55.66549376104959, -34.761558662796915], [-55.665890410381955, -34.761745766694155], [-55.665948949614865, -34.76190845468356], [-55.666716385058834, -34.76249568937986], [-55.6676240404489, -34.76210938425004], [-55.66836036943965, -34.76275068913831], [-55.66948525812903, -34.76244544511813], [-55.66980527410593, -34.762022657481054], [-55.66984366746029, -34.76109332235868], [-55.673384206791475, -34.75944313438646], [-55.67401905078747, -34.75956159948602], [-55.677848110732704, -34.75620097207702], [-55.66695685588505, -34.756785522404385]]]}}, {"type": "Feature", "properties": {"cod": 308014, "dpto": 3, "secc": 8, "segm": 14, "loc": 724}, "geometry": {"type": "Polygon", "coordinates": [[[-55.677848110732704, -34.75620097207702], [-55.67552683430808, -34.758269423493125], [-55.69227466650992, -34.760545704858515], [-55.69376777221029, -34.760448085548596], [-55.694836619603784, -34.7606212013738], [-55.69489000855572, -34.76028757338112], [-55.695082183362366, -34.760122088336914], [-55.695027229761806, -34.760025870577095], [-55.69432138276881, -34.760012544577535], [-55.69258695997732, -34.7602198039026], [-55.692277282236724, -34.76017486717911], [-55.69253973368407, -34.76002663880021], [-55.692946911196, -34.7599683730338], [-55.69523830836691, -34.75984795535019], [-55.697352863740385, -34.75902461205508], [-55.699531077451894, -34.75776605813153], [-55.70080483758338, -34.75578103778064], [-55.690636109411834, -34.755620050929444], [-55.677848110732704, -34.75620097207702]]]}}, {"type": "Feature", "properties": {"cod": 308015, "dpto": 3, "secc": 8, "segm": 15, "loc": 826}, "geometry": {"type": "Polygon", "coordinates": [[[-55.65109581528761, -34.76847182435581], [-55.650251410271665, -34.77455163732547], [-55.65044208226213, -34.7747967765997], [-55.65060010812766, -34.775277058693256], [-55.65071430926791, -34.77760924494927], [-55.65086420575441, -34.77718861528073], [-55.65113312140697, -34.776986230741684], [-55.652143737075406, -34.77684135648508], [-55.652511621173936, -34.77704494883881], [-55.65284282215633, -34.77700217680885], [-55.654474660427134, -34.776167859840406], [-55.65584278615685, -34.7756366749419], [-55.657171712715346, -34.77490569029374], [-55.6576928387596, -34.77480839159962], [-55.658396083444046, -34.77332296660289], [-55.65839861810167, -34.772836405047904], [-55.65855410853134, -34.77193357462362], [-55.65907932715345, -34.770791437483595], [-55.65957042227931, -34.77026522119333], [-55.65227215928584, -34.76716702470114], [-55.65104186667627, -34.76797769934491], [-55.65109581528761, -34.76847182435581]]]}}, {"type": "Feature", "properties": {"cod": 308027, "dpto": 3, "secc": 8, "segm": 27, "loc": 975}, "geometry": {"type": "Polygon", "coordinates": [[[-55.54775032615564, -34.779715049935255], [-55.536669407683725, -34.7812817384357], [-55.53693173370575, -34.781885721338654], [-55.537450290280475, -34.782712741819815], [-55.53811843622511, -34.78756469436071], [-55.53893099175538, -34.78736394024561], [-55.539793618217175, -34.787850574802555], [-55.548663213672235, -34.78532834459209], [-55.548495655198536, -34.784715915105], [-55.548288821879844, -34.78298536861809], [-55.548108897459024, -34.78239777246257], [-55.54775032615564, -34.779715049935255]]]}}, {"type": "Feature", "properties": {"cod": 308028, "dpto": 3, "secc": 8, "segm": 28, "loc": 975}, "geometry": {"type": "Polygon", "coordinates": [[[-55.548663213672235, -34.78532834459209], [-55.539793618217175, -34.787850574802555], [-55.53893099175538, -34.78736394024561], [-55.53811843622511, -34.78756469436071], [-55.53866902478783, -34.78889688942333], [-55.53931388823809, -34.7893177133834], [-55.53961954121373, -34.79011207388222], [-55.5407293279502, -34.79087151057415], [-55.5407062103826, -34.79110343013391], [-55.54106791539268, -34.791897658470006], [-55.54279037362319, -34.79139208532473], [-55.54583, -34.78988], [-55.547208983750814, -34.78990751852274], [-55.54788074474311, -34.7897282114755], [-55.5482906488189, -34.789793568878245], [-55.54872518298121, -34.78946941585472], [-55.54905914976623, -34.78945218197911], [-55.54861337170907, -34.78621480669944], [-55.54871184172879, -34.78572590542188], [-55.548663213672235, -34.78532834459209]]]}}, {"type": "Feature", "properties": {"cod": 308029, "dpto": 3, "secc": 8, "segm": 29, "loc": 975}, "geometry": {"type": "Polygon", "coordinates": [[[-55.53801654341887, -34.78679465746573], [-55.5334239612874, -34.78807265834065], [-55.533891833672605, -34.78933050115562], [-55.53477437410478, -34.79018160215392], [-55.534631026134164, -34.79063744719961], [-55.53446994444317, -34.79068743544014], [-55.53522810378759, -34.79111635010336], [-55.53457580336246, -34.792608699853844], [-55.53623045187219, -34.79213270942542], [-55.53675388678452, -34.79355609684668], [-55.53842715253497, -34.792649359713494], [-55.53957702774133, -34.792398201670736], [-55.54001412991004, -34.792148724684324], [-55.54102672420825, -34.79188953250643], [-55.5407062103826, -34.79110343013391], [-55.5407293279502, -34.79087151057415], [-55.53961954121373, -34.79011207388222], [-55.53931388823809, -34.7893177133834], [-55.53866902478783, -34.78889688942333], [-55.53811843622511, -34.78756469436071], [-55.53801654341887, -34.78679465746573]]]}}, {"type": "Feature", "properties": {"cod": 308030, "dpto": 3, "secc": 8, "segm": 30, "loc": 975}, "geometry": {"type": "Polygon", "coordinates": [[[-55.537450290280475, -34.782712741819815], [-55.53693173370575, -34.781885721338654], [-55.536669407683725, -34.7812817384357], [-55.530573022137744, -34.782240292601614], [-55.5311792843427, -34.78604050575387], [-55.53326698911835, -34.787758393074306], [-55.5334239612874, -34.78807265834065], [-55.53801654341887, -34.78679465746573], [-55.537450290280475, -34.782712741819815]]]}}, {"type": "Feature", "properties": {"cod": 308031, "dpto": 3, "secc": 8, "segm": 31, "loc": 975}, "geometry": {"type": "Polygon", "coordinates": [[[-55.53446994444317, -34.79068743544014], [-55.534631026134164, -34.79063744719961], [-55.53477437410478, -34.79018160215392], [-55.533891833672605, -34.78933050115562], [-55.53326698911835, -34.787758393074306], [-55.5311792843427, -34.78604050575387], [-55.530573022137744, -34.782240292601614], [-55.52433378780251, -34.783207541615646], [-55.52456650676969, -34.784333425460005], [-55.52411614534953, -34.78572581264768], [-55.524120121241644, -34.78659556677212], [-55.52473741769342, -34.790080983588204], [-55.52502536562444, -34.79075123024773], [-55.52512338739973, -34.79143837106685], [-55.52532611474018, -34.79173608212804], [-55.52551080320385, -34.79185157909849], [-55.52587005802248, -34.79184250865911], [-55.526049378674585, -34.79152731545841], [-55.5261932700051, -34.790963759758824], [-55.52640260773457, -34.790689880985376], [-55.5268258661439, -34.79068065962973], [-55.527220366024544, -34.790861985916166], [-55.527793607934306, -34.79190416140608], [-55.528105740879475, -34.794429540919886], [-55.52910756452439, -34.79611682718691], [-55.52937093308277, -34.79616594920389], [-55.52957, -34.79593], [-55.53048686625658, -34.79573261450855], [-55.530986735695144, -34.79569827346986], [-55.53194479395709, -34.79578714226679], [-55.53251526159384, -34.79568644537009], [-55.5332575972389, -34.79538650536835], [-55.533607578287594, -34.79536909889238], [-55.53526476610444, -34.79468604160429], [-55.535969806849415, -34.79423709493294], [-55.536286224150096, -34.79387197009431], [-55.53675388678452, -34.79355609684668], [-55.53623045187219, -34.79213270942542], [-55.53457580336246, -34.792608699853844], [-55.53522810378759, -34.79111635010336], [-55.53446994444317, -34.79068743544014]]]}}, {"type": "Feature", "properties": {"cod": 308042, "dpto": 3, "secc": 8, "segm": 42, "loc": 922}, "geometry": {"type": "Polygon", "coordinates": [[[-55.454363446190925, -34.77921413393916], [-55.442790222709895, -34.779426854087745], [-55.44358831560112, -34.791969425344675], [-55.44438464651428, -34.79190882365351], [-55.44495609098564, -34.79208510098622], [-55.44662684823421, -34.79217986286691], [-55.44706320918709, -34.79232268403742], [-55.44946075568456, -34.79250464455578], [-55.45035621714519, -34.79268839744372], [-55.4512413652027, -34.79271399442602], [-55.45308606397807, -34.7929468385113], [-55.45474994271113, -34.793274437453114], [-55.456069999164555, -34.79328509336029], [-55.456917449945, -34.79343245060003], [-55.4583624592691, -34.79353783009721], [-55.45915075089545, -34.793483679137], [-55.45992870773453, -34.793634756867355], [-55.46018304294661, -34.78833187739543], [-55.455460136953555, -34.78653123708799], [-55.45826866238597, -34.78053269687038], [-55.454363446190925, -34.77921413393916]]]}}, {"type": "Feature", "properties": {"cod": 308044, "dpto": 3, "secc": 8, "segm": 44, "loc": 946}, "geometry": {"type": "Polygon", "coordinates": [[[-55.403421948244784, -34.7801943106141], [-55.397696087693085, -34.777740768598086], [-55.39372, -34.78288], [-55.39426375188055, -34.78687336058515], [-55.39437696234037, -34.78728037723266], [-55.394653822289094, -34.787841215342624], [-55.395857940359335, -34.78870384607862], [-55.39615696225315, -34.78923140606462], [-55.396257253531886, -34.78970214694354], [-55.396204543960124, -34.789834253069635], [-55.40028, -34.79016], [-55.400871912992926, -34.79084627593382], [-55.40483040480187, -34.79061783622013], [-55.406793247006306, -34.79067077654921], [-55.40778202889632, -34.79046783503859], [-55.40867818048867, -34.79050520817403], [-55.40977, -34.79031], [-55.413851720318014, -34.790532058365635], [-55.41445334726264, -34.79045563355539], [-55.413064775682436, -34.780780409340224], [-55.41287648885185, -34.78023031415169], [-55.40488019740036, -34.780409985937446], [-55.403421948244784, -34.7801943106141]]]}}, {"type": "Feature", "properties": {"cod": 308045, "dpto": 3, "secc": 8, "segm": 45, "loc": 946}, "geometry": {"type": "Polygon", "coordinates": [[[-55.45463570451229, -34.779226229534714], [-55.45119702645116, -34.777064348348404], [-55.450128805575694, -34.776605514930765], [-55.43473133719933, -34.7722460805264], [-55.41903955154988, -34.76994439939561], [-55.41813248557349, -34.77002753628931], [-55.41743504121819, -34.77025703680916], [-55.40855918634488, -34.773805487834785], [-55.407792152522376, -34.77432686846096], [-55.402680490786096, -34.771761538946265], [-55.40230205913867, -34.77210130402413], [-55.401749860883605, -34.772885907083854], [-55.40157542349795, -34.77296041017238], [-55.401337093048625, -34.77323095463123], [-55.40062039738075, -34.77417286678181], [-55.40048154456701, -34.77454381093633], [-55.40013309654407, -34.774987696225956], [-55.399438859205794, -34.775488175905004], [-55.397696087693085, -34.777740768598086], [-55.403421948244784, -34.7801943106141], [-55.40488019740036, -34.780409985937446], [-55.41287648885185, -34.78023031415169], [-55.413064775682436, -34.780780409340224], [-55.41445334726264, -34.79045563355539], [-55.41511025563191, -34.79047109055392], [-55.41625502238445, -34.79066280552306], [-55.424349643600685, -34.791103178262425], [-55.42330824165214, -34.779966993587266], [-55.44744737490506, -34.77929771463767], [-55.45463570451229, -34.779226229534714]]]}}, {"type": "Feature", "properties": {"cod": 308054, "dpto": 3, "secc": 8, "segm": 54, "loc": 724}, "geometry": {"type": "Polygon", "coordinates": [[[-55.67729572635576, -34.75010920611705], [-55.66993281717016, -34.74998222108195], [-55.66819285624919, -34.75003422443167], [-55.66820452252716, -34.75033733489753], [-55.66829731030907, -34.75051981411982], [-55.668107568154504, -34.75099279952569], [-55.667374597138526, -34.751655966528524], [-55.66764062629001, -34.75235997782373], [-55.66752706225175, -34.75254961386973], [-55.6672990058371, -34.75271762317642], [-55.66724485387174, -34.75294754114141], [-55.66640535435491, -34.7531511450066], [-55.66610689452166, -34.75341677059274], [-55.666214405727814, -34.75352781154372], [-55.66724486769268, -34.75384449307784], [-55.66745961204434, -34.75418151890659], [-55.66763395794935, -34.75423971652002], [-55.66769652906814, -34.75446510303272], [-55.667614244549995, -34.75471178042507], [-55.66732514508429, -34.75485814315774], [-55.66722779383877, -34.754957655210326], [-55.667234811703615, -34.75509434678903], [-55.66706065090532, -34.75525856455209], [-55.66725006357645, -34.755463927487106], [-55.66712748255124, -34.75599142996132], [-55.66727638691042, -34.756144080797284], [-55.66685288677794, -34.75651858667074], [-55.66692409670578, -34.756747045433876], [-55.690636109411834, -34.755620050929444], [-55.70080483758338, -34.75578103778064], [-55.70153861422406, -34.754637524548635], [-55.701412323652505, -34.754457992274496], [-55.70156381784026, -34.75323154965908], [-55.70186911039291, -34.75288020029332], [-55.70327077800011, -34.75193813063486], [-55.70343, -34.75169], [-55.70303574537845, -34.749266260178956], [-55.701710039159195, -34.74915149304074], [-55.70163647673221, -34.74906400472385], [-55.697477403228056, -34.747696073357645], [-55.694484388820264, -34.747302448832926], [-55.68857651560439, -34.75238459834078], [-55.68308433404183, -34.75168869225026], [-55.683910792612814, -34.750974486861], [-55.67729572635576, -34.75010920611705]]]}}, {"type": "Feature", "properties": {"cod": 308113, "dpto": 3, "secc": 8, "segm": 113, "loc": 724}, "geometry": {"type": "Polygon", "coordinates": [[[-55.68536521096724, -34.76023117388743], [-55.68199750919173, -34.76094624859323], [-55.68243880851101, -34.76102264701736], [-55.68272359010445, -34.76171429910165], [-55.68170940134074, -34.7616411017605], [-55.68057201502333, -34.76199168654526], [-55.68019814209059, -34.762640691404904], [-55.68594, -34.76204], [-55.68797235107342, -34.76238253107979], [-55.68939637217257, -34.76230494962091], [-55.6911536424935, -34.7624852572628], [-55.692115551749765, -34.76242868748335], [-55.693285182621274, -34.76257251260509], [-55.69334192056234, -34.76264634390303], [-55.694214795825665, -34.7625849373385], [-55.69523063735417, -34.76275068182396], [-55.69569990103212, -34.76269914861575], [-55.695913953537655, -34.762483922624234], [-55.69587879345065, -34.762364111785445], [-55.69546860541989, -34.76223358250529], [-55.6947520748155, -34.76156862387137], [-55.694659881814175, -34.76137868248994], [-55.694546132669196, -34.76134590315945], [-55.694565614298135, -34.76121476764876], [-55.69443622542935, -34.76115346765799], [-55.694485940708994, -34.76109066802311], [-55.69443276657615, -34.760972124468104], [-55.69467631426254, -34.76083632626927], [-55.694836619603784, -34.7606212013738], [-55.69376777221029, -34.760448085548596], [-55.69227466650992, -34.760545704858515], [-55.68784015105066, -34.75993845811027], [-55.68536521096724, -34.76023117388743]]]}}, {"type": "Feature", "properties": {"cod": 308116, "dpto": 3, "secc": 8, "segm": 116, "loc": 826}, "geometry": {"type": "Polygon", "coordinates": [[[-55.65397572281457, -34.7565375152747], [-55.65227215928584, -34.76716702470114], [-55.65284612609247, -34.7674171140702], [-55.65569947430369, -34.76549659747028], [-55.6586136108596, -34.76394188270783], [-55.661430637325175, -34.76257931039818], [-55.66155165620829, -34.76235464726301], [-55.66236670304058, -34.761475209195375], [-55.660008196486295, -34.76040180700131], [-55.65397572281457, -34.7565375152747]]]}}, {"type": "Feature", "properties": {"cod": 308117, "dpto": 3, "secc": 8, "segm": 117, "loc": 826}, "geometry": {"type": "Polygon", "coordinates": [[[-55.65486360428069, -34.75094472890545], [-55.65397572281457, -34.7565375152747], [-55.65512337683332, -34.75731694934553], [-55.65522251450504, -34.75733438376843], [-55.65597024117426, -34.75665317566662], [-55.65659003327377, -34.75705960032305], [-55.65818994993943, -34.757050897381475], [-55.65930268592164, -34.75681438659282], [-55.661419291031756, -34.756907428705446], [-55.661575900895215, -34.757247912355076], [-55.66258878442804, -34.75711833458982], [-55.66333045598312, -34.75873756526062], [-55.66443123270026, -34.758159895502274], [-55.66509706473986, -34.75881226012826], [-55.66596162341615, -34.759243101312364], [-55.665302010648546, -34.76012894420605], [-55.66595805705913, -34.759934878975905], [-55.666155997860926, -34.75964346089479], [-55.666247960226904, -34.759288468202975], [-55.66658262440782, -34.7587480643852], [-55.66661702997157, -34.75826429371764], [-55.666512491726614, -34.75781969029856], [-55.66666526303848, -34.75715795566825], [-55.66687727063907, -34.75689682229898], [-55.6674583994711, -34.7566527836671], [-55.66794489845599, -34.75576941845701], [-55.667669179821225, -34.75501630221708], [-55.6675615646708, -34.754160202409594], [-55.66726196044943, -34.75376591210986], [-55.667033956587815, -34.75320437927434], [-55.66703049436715, -34.75285487851994], [-55.66677903765942, -34.75239565392957], [-55.66679140638388, -34.752153989983185], [-55.6658948940969, -34.750660486406524], [-55.65486360428069, -34.75094472890545]]]}}, {"type": "Feature", "properties": {"cod": 308118, "dpto": 3, "secc": 8, "segm": 118, "loc": 925}, "geometry": {"type": "Polygon", "coordinates": [[[-55.65486360428069, -34.75094472890545], [-55.63399227183372, -34.752196995394414], [-55.63658697901733, -34.76657523921508], [-55.6377873729402, -34.766473575559225], [-55.63793477563977, -34.76727294832241], [-55.63861448693394, -34.766067330463414], [-55.64127133230084, -34.767006556640744], [-55.64265608445875, -34.76736794175172], [-55.64213809191594, -34.768494223445536], [-55.64400314677291, -34.7690370254402], [-55.645476704399165, -34.769152372606825], [-55.645604907302925, -34.77086210772058], [-55.64673692284832, -34.771471467769], [-55.647979790394096, -34.77230752174389], [-55.649011868839764, -34.773218086069036], [-55.65034576788441, -34.773496967962544], [-55.65109581528761, -34.76847182435581], [-55.65104186667627, -34.76797769934491], [-55.65227215928584, -34.76716702470114], [-55.65486360428069, -34.75094472890545]]]}}, {"type": "Feature", "properties": {"cod": 308119, "dpto": 3, "secc": 8, "segm": 119, "loc": 986}, "geometry": {"type": "Polygon", "coordinates": [[[-55.63333188175166, -34.75685159904005], [-55.633699647177956, -34.75933213565835], [-55.63360408555602, -34.7593377621639], [-55.63642270324031, -34.774705266835326], [-55.63805012333637, -34.77468722951274], [-55.634850543832556, -34.75668452690177], [-55.63333188175166, -34.75685159904005]]]}}, {"type": "Feature", "properties": {"cod": 308120, "dpto": 3, "secc": 8, "segm": 120, "loc": 834}, "geometry": {"type": "Polygon", "coordinates": [[[-55.58378372550549, -34.76458154583102], [-55.58975449902748, -34.77362332891958], [-55.592265225894614, -34.7725133943947], [-55.586086251747346, -34.76306894708663], [-55.58378372550549, -34.76458154583102]]]}}, {"type": "Feature", "properties": {"cod": 308121, "dpto": 3, "secc": 8, "segm": 121, "loc": 834}, "geometry": {"type": "Polygon", "coordinates": [[[-55.598942541383884, -34.76263314052001], [-55.59889589962749, -34.762169735783154], [-55.59839282627249, -34.76167400695335], [-55.598389376048935, -34.76151001833354], [-55.598240771566076, -34.76137397415854], [-55.59627835868248, -34.76038084292671], [-55.59610721349327, -34.75982594627604], [-55.596036050970916, -34.75920972982809], [-55.59591870913684, -34.759064706503764], [-55.59588484490515, -34.75819166111849], [-55.59563539757219, -34.75777322576547], [-55.59452041289267, -34.75752521130503], [-55.58985764951773, -34.76058996150124], [-55.593889878648966, -34.76676720712485], [-55.59806944378515, -34.7641919222552], [-55.59749466525363, -34.763248160316664], [-55.598942541383884, -34.76263314052001]]]}}, {"type": "Feature", "properties": {"cod": 308122, "dpto": 3, "secc": 8, "segm": 122, "loc": 834}, "geometry": {"type": "Polygon", "coordinates": [[[-55.5914078618513, -34.771235345334276], [-55.59895360452657, -34.76796706378904], [-55.59806188456417, -34.766619878928246], [-55.59872582162146, -34.76632990695126], [-55.59757478812483, -34.764498619414944], [-55.590048981939596, -34.76915080470907], [-55.5914078618513, -34.771235345334276]]]}}, {"type": "Feature", "properties": {"cod": 308123, "dpto": 3, "secc": 8, "segm": 123, "loc": 834}, "geometry": {"type": "Polygon", "coordinates": [[[-55.580734083312464, -34.766585048550006], [-55.57983641010834, -34.76459569548467], [-55.572779392207586, -34.765939170499216], [-55.57545154223792, -34.770052188066266], [-55.577035153390696, -34.77227506758647], [-55.57925018162973, -34.77578002669806], [-55.57856075870007, -34.77604064834381], [-55.57999196503716, -34.778322500622195], [-55.57950399588274, -34.778998351451], [-55.58023607425527, -34.78011785038124], [-55.58117945361167, -34.778704381921415], [-55.581494019891814, -34.77850240837303], [-55.58317027083975, -34.77802134743442], [-55.584896363455904, -34.77768436555376], [-55.587382917567226, -34.77674850285615], [-55.58374846732431, -34.77129920799093], [-55.580734083312464, -34.766585048550006]]]}}, {"type": "Feature", "properties": {"cod": 308213, "dpto": 3, "secc": 8, "segm": 213, "loc": 724}, "geometry": {"type": "Polygon", "coordinates": [[[-55.67552683430808, -34.758269423493125], [-55.67864240588395, -34.760492853851396], [-55.679273205955504, -34.76043731657394], [-55.67943193868366, -34.7605781153576], [-55.67916012687001, -34.760845606574435], [-55.68054044536525, -34.76193828529017], [-55.68036193599865, -34.76193232275962], [-55.68057201502333, -34.76199168654526], [-55.68170940134074, -34.7616411017605], [-55.68272359010445, -34.76171429910165], [-55.68243880851101, -34.76102264701736], [-55.68199750919173, -34.76094624859323], [-55.684831340430016, -34.76030577277868], [-55.68784015105066, -34.75993845811027], [-55.67552683430808, -34.758269423493125]]]}}, {"type": "Feature", "properties": {"cod": 308216, "dpto": 3, "secc": 8, "segm": 216, "loc": 826}, "geometry": {"type": "Polygon", "coordinates": [[[-55.65284612609247, -34.7674171140702], [-55.65957042227931, -34.77026522119333], [-55.660047481038866, -34.769834810458725], [-55.66058, -34.76871], [-55.66580121112119, -34.76635932486319], [-55.66540604381821, -34.76603630435031], [-55.66466575514623, -34.76579241262925], [-55.663919853943234, -34.766030596291024], [-55.66360701059184, -34.766002346547076], [-55.663544221494604, -34.76590498958095], [-55.663352594448234, -34.76597849816946], [-55.66307119722471, -34.76590185397071], [-55.66323884442105, -34.76566660397904], [-55.662830524013614, -34.76544970945991], [-55.66284236572941, -34.764943995833114], [-55.66303089724262, -34.76445886548562], [-55.66356574586109, -34.76416316733273], [-55.66380232168961, -34.76380724857267], [-55.66155165620829, -34.76235464726301], [-55.661430637325175, -34.76257931039818], [-55.6586136108596, -34.76394188270783], [-55.65569947430369, -34.76549659747028], [-55.65284612609247, -34.7674171140702]]]}}, {"type": "Feature", "properties": {"cod": 308217, "dpto": 3, "secc": 8, "segm": 217, "loc": 826}, "geometry": {"type": "Polygon", "coordinates": [[[-55.65522251450504, -34.75733438376843], [-55.660008196486295, -34.76040180700131], [-55.66236670304058, -34.761475209195375], [-55.66155165620829, -34.76235464726301], [-55.66380232168961, -34.76380724857267], [-55.66430053969642, -34.76345932271426], [-55.664759986539394, -34.762328899565404], [-55.66511671080562, -34.76187269428192], [-55.665109239829754, -34.76175665025967], [-55.66549996020033, -34.761399497224694], [-55.666492642193184, -34.75950715598164], [-55.66683008689147, -34.75820507982898], [-55.66670982094908, -34.757458493785684], [-55.666841971383896, -34.757178664322815], [-55.66720239810443, -34.75687767934753], [-55.6672078414543, -34.756784146464334], [-55.66687727063907, -34.75689682229898], [-55.66663725584066, -34.75722954559222], [-55.666512491726614, -34.75781969029856], [-55.66661702997157, -34.75826429371764], [-55.66658262440782, -34.7587480643852], [-55.666247960226904, -34.759288468202975], [-55.666155997860926, -34.75964346089479], [-55.66595805705913, -34.759934878975905], [-55.665302010648546, -34.76012894420605], [-55.66596162341615, -34.759243101312364], [-55.66509706473986, -34.75881226012826], [-55.66443123270026, -34.758159895502274], [-55.66333045598312, -34.75873756526062], [-55.66258878442804, -34.75711833458982], [-55.661575900895215, -34.757247912355076], [-55.661419291031756, -34.756907428705446], [-55.65930268592164, -34.75681438659282], [-55.65818994993943, -34.757050897381475], [-55.65659003327377, -34.75705960032305], [-55.65597024117426, -34.75665317566662], [-55.65522251450504, -34.75733438376843]]]}}, {"type": "Feature", "properties": {"cod": 308218, "dpto": 3, "secc": 8, "segm": 218, "loc": 925}, "geometry": {"type": "Polygon", "coordinates": [[[-55.63658697901733, -34.76657523921508], [-55.63805012333637, -34.77468722951274], [-55.63888569151819, -34.7747933445163], [-55.640008189918476, -34.77507695829385], [-55.64028622812444, -34.774609955892245], [-55.64066464575337, -34.774300070182086], [-55.641835503664936, -34.77360950528766], [-55.64179250773138, -34.772733917856705], [-55.643652128218015, -34.772655539542896], [-55.642136402326976, -34.772060930212945], [-55.64344869370252, -34.76887540442344], [-55.64213809191594, -34.768494223445536], [-55.64265608445875, -34.76736794175172], [-55.64127133230084, -34.767006556640744], [-55.63861448693394, -34.766067330463414], [-55.63793477563977, -34.76727294832241], [-55.6377873729402, -34.766473575559225], [-55.63658697901733, -34.76657523921508]]]}}, {"type": "Feature", "properties": {"cod": 308219, "dpto": 3, "secc": 8, "segm": 219, "loc": 986}, "geometry": {"type": "Polygon", "coordinates": [[[-55.61391238739319, -34.75338697978625], [-55.61345104902626, -34.7551548240335], [-55.617931739223295, -34.7727837334401], [-55.62297, -34.7732], [-55.623749013527224, -34.773345656080494], [-55.62544449181482, -34.77333132663337], [-55.627223300070256, -34.773552900024505], [-55.630160733619604, -34.77417257050353], [-55.63133322824578, -34.774274530805876], [-55.63228964608971, -34.77454452517623], [-55.63289837266017, -34.77481171953645], [-55.63680539720065, -34.77552974045161], [-55.63755025873726, -34.77580447590356], [-55.63815301494918, -34.77590115346657], [-55.63805012333637, -34.77468722951274], [-55.63642270324031, -34.774705266835326], [-55.63360408555602, -34.7593377621639], [-55.633699647177956, -34.75933213565835], [-55.63333188175166, -34.75685159904005], [-55.634850543832556, -34.75668452690177], [-55.63399227183372, -34.752196995394414], [-55.61391238739319, -34.75338697978625]]]}}, {"type": "Feature", "properties": {"cod": 308220, "dpto": 3, "secc": 8, "segm": 220, "loc": 834}, "geometry": {"type": "Polygon", "coordinates": [[[-55.58975449902748, -34.77362332891958], [-55.58378372550549, -34.76458154583102], [-55.580734083312464, -34.766585048550006], [-55.58374846732431, -34.77129920799093], [-55.587382917567226, -34.77674850285615], [-55.591302987396524, -34.77527310881242], [-55.59333370147941, -34.77418644155924], [-55.592265225894614, -34.7725133943947], [-55.58975449902748, -34.77362332891958]]]}}, {"type": "Feature", "properties": {"cod": 308221, "dpto": 3, "secc": 8, "segm": 221, "loc": 834}, "geometry": {"type": "Polygon", "coordinates": [[[-55.590048981939596, -34.76915080470907], [-55.593889878648966, -34.76676720712485], [-55.58985764951773, -34.76058996150124], [-55.586086251747346, -34.76306894708663], [-55.590048981939596, -34.76915080470907]]]}}, {"type": "Feature", "properties": {"cod": 308222, "dpto": 3, "secc": 8, "segm": 222, "loc": 834}, "geometry": {"type": "Polygon", "coordinates": [[[-55.59333370147941, -34.77418644155924], [-55.59459366670264, -34.77366247645931], [-55.596397276998594, -34.77332854402944], [-55.59798271774825, -34.77282146405264], [-55.6006797246304, -34.77227145246937], [-55.60136453615192, -34.77220220960448], [-55.60301370238791, -34.77174817670671], [-55.60306408249802, -34.77163498792648], [-55.602877272789456, -34.77128475213244], [-55.60259453324658, -34.77107756454273], [-55.60242204451867, -34.77079225422764], [-55.6020408817304, -34.77063127711027], [-55.60147746253969, -34.77052316731152], [-55.60044424705259, -34.769453813904136], [-55.59997116002521, -34.76807440728892], [-55.60016352734742, -34.76687947747037], [-55.6000335523165, -34.76663565333208], [-55.59945025489885, -34.766332696291975], [-55.59902327662552, -34.76596621962928], [-55.59870114311279, -34.76532813632968], [-55.5985632714489, -34.764730453134774], [-55.598711533047194, -34.76399529477098], [-55.59900108862384, -34.76334128579913], [-55.59887351391411, -34.76266337964845], [-55.59749466525363, -34.763248160316664], [-55.59806944378515, -34.7641919222552], [-55.59757478812483, -34.764498619414944], [-55.59872582162146, -34.76632990695126], [-55.59806188456417, -34.766619878928246], [-55.59895360452657, -34.76796706378904], [-55.5914078618513, -34.771235345334276], [-55.59333370147941, -34.77418644155924]]]}}, {"type": "Feature", "properties": {"cod": 308223, "dpto": 3, "secc": 8, "segm": 223, "loc": 834}, "geometry": {"type": "Polygon", "coordinates": [[[-55.57021450990036, -34.783443111404594], [-55.57120331987509, -34.78325228476352], [-55.57220131832928, -34.78286919548571], [-55.57380606909185, -34.78244872812183], [-55.575497592371455, -34.78222681840459], [-55.57646389741728, -34.78199859852435], [-55.57734152038401, -34.781945935911786], [-55.57848007540674, -34.781408593854074], [-55.5791070533016, -34.781270594886834], [-55.57977382282216, -34.78097260472692], [-55.5801297168183, -34.78053187589411], [-55.5802116025145, -34.78030511147576], [-55.58023607425527, -34.78011785038124], [-55.57950399588274, -34.778998351451], [-55.57999196503716, -34.778322500622195], [-55.57856075870007, -34.77604064834381], [-55.57925018162973, -34.77578002669806], [-55.577035153390696, -34.77227506758647], [-55.57545154223792, -34.770052188066266], [-55.572779392207586, -34.765939170499216], [-55.570387379977916, -34.76639348018338], [-55.57095902541778, -34.773010202119124], [-55.569638265691516, -34.77387694688327], [-55.56813150741474, -34.77439709402306], [-55.57021450990036, -34.783443111404594]]]}}, {"type": "Feature", "properties": {"cod": 308318, "dpto": 3, "secc": 8, "segm": 318, "loc": 925}, "geometry": {"type": "Polygon", "coordinates": [[[-55.64344869370252, -34.76887540442344], [-55.642136402326976, -34.772060930212945], [-55.643652128218015, -34.772655539542896], [-55.64179250773138, -34.772733917856705], [-55.641835503664936, -34.77360950528766], [-55.64066464575337, -34.774300070182086], [-55.64028622812444, -34.774609955892245], [-55.640008189918476, -34.77507695829385], [-55.63888569151819, -34.7747933445163], [-55.63805012333637, -34.77468722951274], [-55.63815301494918, -34.77590115346657], [-55.639955929508524, -34.77641662770247], [-55.641120243039346, -34.776853091311416], [-55.64275372305934, -34.7771999582492], [-55.64459053051995, -34.77800863057957], [-55.64566659307878, -34.778240593999215], [-55.6486295684998, -34.778446956597634], [-55.64958896436745, -34.778281700128154], [-55.65043372113007, -34.77792880067732], [-55.65071430926791, -34.77760924494927], [-55.65060010812766, -34.775277058693256], [-55.65044208226213, -34.7747967765997], [-55.650251410271665, -34.77455163732547], [-55.65034576788441, -34.773496967962544], [-55.649011868839764, -34.773218086069036], [-55.647979790394096, -34.77230752174389], [-55.64673692284832, -34.771471467769], [-55.645604907302925, -34.77086210772058], [-55.645476704399165, -34.769152372606825], [-55.64400314677291, -34.7690370254402], [-55.64344869370252, -34.76887540442344]]]}}, {"type": "Feature", "properties": {"cod": 308319, "dpto": 3, "secc": 8, "segm": 319, "loc": 986}, "geometry": {"type": "Polygon", "coordinates": [[[-55.61300392921423, -34.753440468256656], [-55.60321441579061, -34.75403241462147], [-55.601455475426896, -34.7544001852116], [-55.600050719045676, -34.75487914240694], [-55.59875700713662, -34.75552255631434], [-55.59762558867452, -34.75621864054198], [-55.592800239367314, -34.76069110942055], [-55.593208319531605, -34.76110228432168], [-55.59392284562413, -34.76110675720259], [-55.59434118227638, -34.76126096250288], [-55.59461907451212, -34.76150880789081], [-55.5950549312489, -34.76275751187875], [-55.59545814284336, -34.763394226175905], [-55.59592557309515, -34.76387956257869], [-55.596306756790014, -34.764043670407695], [-55.597766774586304, -34.764392782545244], [-55.59876432995878, -34.764940244939126], [-55.59926153154522, -34.765431543449914], [-55.599564146689254, -34.76643172675961], [-55.59963482493189, -34.767624275934025], [-55.60001136072486, -34.76866664988216], [-55.60046685503728, -34.76913713256603], [-55.6018252562426, -34.769515625662905], [-55.602030865482014, -34.769666673069324], [-55.60214953654842, -34.76994716457634], [-55.60225532157445, -34.77092010894131], [-55.602596896559, -34.77146723994143], [-55.60279103076538, -34.77206187993795], [-55.603171415027475, -34.772544626434495], [-55.60893, -34.77204], [-55.617931739223295, -34.7727837334401], [-55.61300392921423, -34.753440468256656]]]}}, {"type": "Feature", "properties": {"cod": 309105, "dpto": 3, "secc": 9, "segm": 105, "loc": 632}, "geometry": {"type": "Polygon", "coordinates": [[[-55.56545805190444, -34.489966292753714], [-55.56807438457256, -34.49301896342655], [-55.568149225482, -34.49333938838714], [-55.56829146989706, -34.49353156533938], [-55.57012248741127, -34.495502140495326], [-55.57068947471866, -34.4961913232184], [-55.5707155320965, -34.4963212965183], [-55.57115206915025, -34.49646977956735], [-55.57269139579793, -34.49494604394277], [-55.57233276005494, -34.49455013518127], [-55.57448162488521, -34.492380930854154], [-55.57442371162501, -34.49112405991249], [-55.574226550445836, -34.490811059622715], [-55.57167633915782, -34.48785932395959], [-55.57413130512489, -34.4852977411346], [-55.575123385692535, -34.48562663377446], [-55.57582233561697, -34.48492327599014], [-55.57576447435482, -34.48462298413011], [-55.572713176066166, -34.483744122828504], [-55.572022701893346, -34.483819882224644], [-55.57119026520324, -34.48423164025493], [-55.56545805190444, -34.489966292753714]]]}}, {"type": "Feature", "properties": {"cod": 309205, "dpto": 3, "secc": 9, "segm": 205, "loc": 632}, "geometry": {"type": "Polygon", "coordinates": [[[-55.56545805190444, -34.489966292753714], [-55.56210361969238, -34.49316748876203], [-55.55620401783804, -34.497293973976234], [-55.55782966609215, -34.500107484775135], [-55.557949720142545, -34.50002020487286], [-55.558455811049626, -34.500867614424244], [-55.560478244442145, -34.49928388365082], [-55.56120085685015, -34.49958754381711], [-55.56132710533097, -34.50134427962708], [-55.56263596555616, -34.50116129522377], [-55.562600380165605, -34.50145969979263], [-55.56521089351703, -34.49894100097966], [-55.565305210231784, -34.498933010777826], [-55.56570300176692, -34.49962867136966], [-55.56590406806472, -34.49947327551798], [-55.56969848448956, -34.49574273838597], [-55.56957058101082, -34.495600650845155], [-55.57012248741127, -34.495502140495326], [-55.56829146989706, -34.49353156533938], [-55.568149225482, -34.49333938838714], [-55.56807438457256, -34.49301896342655], [-55.56545805190444, -34.489966292753714]]]}}, {"type": "Feature", "properties": {"cod": 309305, "dpto": 3, "secc": 9, "segm": 305, "loc": 632}, "geometry": {"type": "Polygon", "coordinates": [[[-55.55198222956398, -34.48960442433905], [-55.55230534808371, -34.49018891993931], [-55.552164819871784, -34.49029573867041], [-55.55620401783804, -34.497293973976234], [-55.56210361969238, -34.49316748876203], [-55.56495701773767, -34.49044443882236], [-55.56417728579642, -34.48951185547564], [-55.56216492852963, -34.4915143027828], [-55.55878557635556, -34.48574519061206], [-55.55780787441727, -34.48642312842186], [-55.557537626754126, -34.485769786270346], [-55.55198222956398, -34.48960442433905]]]}}, {"type": "Feature", "properties": {"cod": 309405, "dpto": 3, "secc": 9, "segm": 405, "loc": 632}, "geometry": {"type": "Polygon", "coordinates": [[[-55.5577006511105, -34.48615184931001], [-55.559492772131875, -34.48484263793481], [-55.558357797779706, -34.482945977469626], [-55.556623590434604, -34.48423640611997], [-55.5577006511105, -34.48615184931001]]]}}, {"type": "Feature", "properties": {"cod": 310001, "dpto": 3, "secc": 10, "segm": 1, "loc": 528}, "geometry": {"type": "Polygon", "coordinates": [[[-55.76645136470332, -34.33874137202447], [-55.756411490717795, -34.34098419271782], [-55.75638116063466, -34.34156466109299], [-55.75671294357449, -34.34278163119235], [-55.76708153232287, -34.34051758953046], [-55.76645136470332, -34.33874137202447]]]}}, {"type": "Feature", "properties": {"cod": 310002, "dpto": 3, "secc": 10, "segm": 2, "loc": 528}, "geometry": {"type": "Polygon", "coordinates": [[[-55.76708153232287, -34.34051758953046], [-55.75671294357449, -34.34278163119235], [-55.757301882888996, -34.34461601681889], [-55.76767239094729, -34.342294029071816], [-55.76708153232287, -34.34051758953046]]]}}, {"type": "Feature", "properties": {"cod": 310003, "dpto": 3, "secc": 10, "segm": 3, "loc": 528}, "geometry": {"type": "Polygon", "coordinates": [[[-55.76767239094729, -34.342294029071816], [-55.75954640782512, -34.3441584338347], [-55.757301882888996, -34.34461601681889], [-55.75789530462507, -34.34630538159391], [-55.7683771903831, -34.3442052172095], [-55.76767239094729, -34.342294029071816]]]}}, {"type": "Feature", "properties": {"cod": 310004, "dpto": 3, "secc": 10, "segm": 4, "loc": 528}, "geometry": {"type": "Polygon", "coordinates": [[[-55.768970324803156, -34.34590434441642], [-55.7683771903831, -34.3442052172095], [-55.75789530462507, -34.34630538159391], [-55.758487372577896, -34.34803348248704], [-55.76074286716919, -34.34765313698057], [-55.761032422079396, -34.34851234359924], [-55.76468936131143, -34.34777599835368], [-55.764242430493596, -34.346907919817546], [-55.768970324803156, -34.34590434441642]]]}}, {"type": "Feature", "properties": {"cod": 310105, "dpto": 3, "secc": 10, "segm": 105, "loc": 528}, "geometry": {"type": "Polygon", "coordinates": [[[-55.7683771903831, -34.3442052172095], [-55.768970324803156, -34.34590434441642], [-55.767834640986734, -34.34614281514515], [-55.76839002985462, -34.347339157979235], [-55.768065804520425, -34.34765050211783], [-55.768004420415565, -34.34795075818105], [-55.7652354217875, -34.34884660515912], [-55.76626330634292, -34.35048518402969], [-55.76854703500868, -34.3544863467395], [-55.76950142796123, -34.355951220147205], [-55.7703208633144, -34.35575310678461], [-55.77137907167282, -34.35591164672585], [-55.77170892665025, -34.355851690885835], [-55.77200715749806, -34.355530890189755], [-55.77240636881776, -34.35489984892257], [-55.77281241221141, -34.35403671328355], [-55.77297818821835, -34.35331032689183], [-55.773323134825525, -34.3527376848035], [-55.773909422237836, -34.35243446384385], [-55.7752704223036, -34.35211726356278], [-55.77581910635503, -34.351756319719954], [-55.7767907158345, -34.350851261031], [-55.776974079894885, -34.34997001891179], [-55.77723214890369, -34.34967841269035], [-55.77878520214408, -34.34863467759198], [-55.77909077301347, -34.34850716282648], [-55.779628774836326, -34.34805921903311], [-55.78005284042545, -34.34747636927551], [-55.78029153798206, -34.34694305580225], [-55.78044285926449, -34.34626508291517], [-55.78098086108734, -34.345817139121806], [-55.781000373085426, -34.345604179860295], [-55.7811375246423, -34.3454003169655], [-55.781043164886924, -34.34504300537155], [-55.781012826098994, -34.34428860164184], [-55.7808760931334, -34.34402835052936], [-55.78070397512935, -34.344077654589064], [-55.780209052481084, -34.343954661380856], [-55.78013449435867, -34.3438099295239], [-55.78021617187343, -34.3437128044965], [-55.78038750609273, -34.34368286909964], [-55.78073188259202, -34.34312959446721], [-55.780805089194736, -34.342877603482734], [-55.780457786764444, -34.34263774853661], [-55.78005280350202, -34.342572339975874], [-55.780111907231216, -34.34234955369562], [-55.775408292394964, -34.34342084547106], [-55.7683771903831, -34.3442052172095]]]}}, {"type": "Feature", "properties": {"cod": 310106, "dpto": 3, "secc": 10, "segm": 106, "loc": 528}, "geometry": {"type": "Polygon", "coordinates": [[[-55.76453821431058, -34.33329681947922], [-55.76435678521968, -34.335890131559395], [-55.763122282754345, -34.3394856262299], [-55.76645136470332, -34.33874137202447], [-55.7683771903831, -34.3442052172095], [-55.775408292394964, -34.34342084547106], [-55.77982107851174, -34.34241889252396], [-55.779589636205124, -34.342255840008356], [-55.779532879757134, -34.34195625125757], [-55.77925514960775, -34.341580611188675], [-55.778557912356426, -34.34119757988073], [-55.77859472498255, -34.34083952732424], [-55.778442470771694, -34.34065666336263], [-55.77848654966968, -34.3405016580026], [-55.77875801157168, -34.3401904544736], [-55.77829348811918, -34.33947738915379], [-55.77810078933453, -34.33933332460989], [-55.777812450032854, -34.33932534989715], [-55.777204582168864, -34.339019270691956], [-55.77687194808526, -34.338731001034546], [-55.77668352284412, -34.33844175939631], [-55.7763436892848, -34.33750553729498], [-55.77528448120299, -34.336931065712186], [-55.77483804905978, -34.33648868249707], [-55.77356513360313, -34.33604120679231], [-55.77266991982841, -34.33524351388146], [-55.772395752515266, -34.33519673064745], [-55.77225560817417, -34.335052369292065], [-55.77057984939426, -34.334916681756326], [-55.76964711239434, -34.33495107537089], [-55.76935941695028, -34.33491397193637], [-55.769036968735904, -34.33472230845983], [-55.7681033788386, -34.334785674473665], [-55.76748247920186, -34.33447966887795], [-55.76704616386994, -34.3341434955798], [-55.76676928656443, -34.33373888307163], [-55.76671566333599, -34.333332852098614], [-55.766491627792426, -34.33291818026644], [-55.766546598523995, -34.33238590456718], [-55.76526221010163, -34.331435653552845], [-55.76536745948231, -34.33098039333623], [-55.765310415608916, -34.33069056701797], [-55.76513323806833, -34.33046911536351], [-55.763509670912626, -34.329452926671394], [-55.76338625709168, -34.32918283947692], [-55.76274534678222, -34.3286640978217], [-55.76266288321975, -34.32834529004092], [-55.76239127907294, -34.32821143204027], [-55.76453821431058, -34.33329681947922]]]}}, {"type": "Feature", "properties": {"cod": 310205, "dpto": 3, "secc": 10, "segm": 205, "loc": 528}, "geometry": {"type": "Polygon", "coordinates": [[[-55.75191702713977, -34.34208327073232], [-55.75329078257712, -34.342675172379], [-55.75316149329919, -34.34706733120929], [-55.7538836561985, -34.347053491250215], [-55.75387355035675, -34.34784669443825], [-55.755983843388066, -34.34748653333295], [-55.75598071011383, -34.347592975555486], [-55.756230876000245, -34.34756259488095], [-55.75627346509443, -34.34790083470416], [-55.755800755883044, -34.35727641969917], [-55.756115942514974, -34.35726487853012], [-55.756362189025936, -34.35692500722993], [-55.756711907796564, -34.3566328833686], [-55.75718390017474, -34.3566495815329], [-55.75745571794252, -34.35678343836722], [-55.7575401124579, -34.35747928659526], [-55.757624286342846, -34.357739992048664], [-55.75781470933305, -34.3579613688867], [-55.758515362538716, -34.35822835302934], [-55.75923431841525, -34.35833071651838], [-55.76011336080816, -34.35833535470741], [-55.76048223741001, -34.35828493926422], [-55.7609771577953, -34.3579726310014], [-55.76152918240832, -34.356605673175544], [-55.76213640477047, -34.356041153059216], [-55.7627961100918, -34.35592139878769], [-55.76391385637495, -34.35629229409761], [-55.764035346196565, -34.356620484826394], [-55.764225481816055, -34.35685162409664], [-55.76432710784328, -34.35741198288706], [-55.76469171095512, -34.35750674457821], [-55.76747367224212, -34.35662042776741], [-55.76776877445042, -34.356405911845044], [-55.768405618613095, -34.3561702588335], [-55.76950142796123, -34.355951220147205], [-55.76854703500868, -34.3544863467395], [-55.76626330634292, -34.35048518402969], [-55.7652354217875, -34.34884660515912], [-55.768004420415565, -34.34795075818105], [-55.768065804520425, -34.34765050211783], [-55.76839002985462, -34.347339157979235], [-55.767834640986734, -34.34614281514515], [-55.764242430493596, -34.346907919817546], [-55.76468936131143, -34.34777599835368], [-55.761032422079396, -34.34851234359924], [-55.76074286716919, -34.34765313698057], [-55.758487372577896, -34.34803348248704], [-55.757301882888996, -34.34461601681889], [-55.756631332855896, -34.34243385097229], [-55.75492588084221, -34.34241435910868], [-55.75251093030258, -34.34152858669829], [-55.75191702713977, -34.34208327073232]]]}}, {"type": "Feature", "properties": {"cod": 310206, "dpto": 3, "secc": 10, "segm": 206, "loc": 528}, "geometry": {"type": "Polygon", "coordinates": [[[-55.76190425722883, -34.328262672245025], [-55.76163600698551, -34.32845751483677], [-55.76120061989023, -34.32898233591708], [-55.76078652423051, -34.32922649159147], [-55.76052154945271, -34.32975995345032], [-55.76009413464834, -34.330013945206694], [-55.759565031600616, -34.33015232597158], [-55.759093609331515, -34.33011626031107], [-55.75891664778545, -34.330330108920386], [-55.758640850232005, -34.33123123738235], [-55.7582973312125, -34.331755382086364], [-55.75821066955397, -34.332471718217334], [-55.75806903083023, -34.3328207594534], [-55.75755758896692, -34.33325894979719], [-55.756500019830206, -34.33307143862331], [-55.75625611585754, -34.33288909230159], [-55.75550853321564, -34.33287395075815], [-55.754885290987104, -34.33309016274433], [-55.754192538585585, -34.33299741201465], [-55.75396701334761, -34.333075985365106], [-55.75356224376087, -34.333010575637736], [-55.75280995806815, -34.33270531213087], [-55.75210139704948, -34.332699711024574], [-55.751645213288455, -34.33259586323689], [-55.7508956376416, -34.3326484290442], [-55.750406413696886, -34.33276722031783], [-55.75251093030258, -34.34152858669829], [-55.75492588084221, -34.34241435910868], [-55.756631332855896, -34.34243385097229], [-55.75638116063466, -34.34156466109299], [-55.756411490717795, -34.34098419271782], [-55.763122282754345, -34.3394856262299], [-55.76435678521968, -34.335890131559395], [-55.76453821431058, -34.33329681947922], [-55.76239127907294, -34.32821143204027], [-55.76190425722883, -34.328262672245025]]]}}, {"type": "Feature", "properties": {"cod": 312001, "dpto": 3, "secc": 12, "segm": 1, "loc": 628}, "geometry": {"type": "Polygon", "coordinates": [[[-55.955129252727524, -34.44209777888376], [-55.96253602348853, -34.43943310750998], [-55.96147933001515, -34.438413211728545], [-55.96067842909759, -34.437216092347406], [-55.96034735679398, -34.43636535148599], [-55.96017034250891, -34.435215688330985], [-55.95972880191783, -34.433932165023336], [-55.959766169432356, -34.43559869819411], [-55.95551909946666, -34.43706042107386], [-55.95694358668074, -34.43953521327309], [-55.956758009898046, -34.43960302884415], [-55.957313891906566, -34.44033771991749], [-55.95458420909594, -34.44133243364429], [-55.955129252727524, -34.44209777888376]]]}}, {"type": "Feature", "properties": {"cod": 312002, "dpto": 3, "secc": 12, "segm": 2, "loc": 628}, "geometry": {"type": "Polygon", "coordinates": [[[-55.955129252727524, -34.44209777888376], [-55.955630332385674, -34.44283665547172], [-55.958920690160774, -34.4424959035026], [-55.95902241870726, -34.44261770310163], [-55.96438562390806, -34.442091056738185], [-55.96328658780998, -34.441019873400194], [-55.964383754846295, -34.44059358037363], [-55.96253602348853, -34.43943310750998], [-55.955129252727524, -34.44209777888376]]]}}, {"type": "Feature", "properties": {"cod": 312103, "dpto": 3, "secc": 12, "segm": 103, "loc": 628}, "geometry": {"type": "Polygon", "coordinates": [[[-55.960397200929705, -34.43491323185178], [-55.96098637663503, -34.43585411515299], [-55.9706019062792, -34.442955966596855], [-55.97293892376559, -34.444289480148655], [-55.973621135298586, -34.44412151989951], [-55.97178678872864, -34.4413585446262], [-55.972494355533264, -34.44106731629922], [-55.97127732557482, -34.438923137397545], [-55.973502960576994, -34.43830781903742], [-55.96932314580855, -34.43511814645644], [-55.966473526944085, -34.43614583604772], [-55.96616947269462, -34.43484251195175], [-55.960397200929705, -34.43491323185178]]]}}, {"type": "Feature", "properties": {"cod": 312203, "dpto": 3, "secc": 12, "segm": 203, "loc": 628}, "geometry": {"type": "Polygon", "coordinates": [[[-55.964383754846295, -34.44059358037363], [-55.96328658780998, -34.441019873400194], [-55.96438562390806, -34.442091056738185], [-55.95902241870726, -34.44261770310163], [-55.958920690160774, -34.4424959035026], [-55.9537371723633, -34.44305393038912], [-55.95601894886745, -34.44700123284877], [-55.96788391413904, -34.44559150778158], [-55.967814644738496, -34.44553307688297], [-55.97293892376559, -34.444289480148655], [-55.9706019062792, -34.442955966596855], [-55.96098637663503, -34.43585411515299], [-55.96051665378107, -34.43519717500347], [-55.96017511458996, -34.43437083182833], [-55.95950591353148, -34.432178116196255], [-55.959129509944134, -34.43224529566406], [-55.96017034250891, -34.435215688330985], [-55.960392485999364, -34.436494899943696], [-55.96074847036667, -34.437334906492524], [-55.96110817608515, -34.43793377972668], [-55.96155649607869, -34.43849053606775], [-55.96229620491605, -34.439202336900124], [-55.964383754846295, -34.44059358037363]]]}}, {"type": "Feature", "properties": {"cod": 313001, "dpto": 3, "secc": 13, "segm": 1, "loc": 526}, "geometry": {"type": "Polygon", "coordinates": [[[-56.033157367743485, -34.496441561828355], [-56.0361839291424, -34.498477865519924], [-56.03812286120096, -34.49573910986984], [-56.035058801815616, -34.49376451424508], [-56.033157367743485, -34.496441561828355]]]}}, {"type": "Feature", "properties": {"cod": 313002, "dpto": 3, "secc": 13, "segm": 2, "loc": 526}, "geometry": {"type": "Polygon", "coordinates": [[[-56.03900694276683, -34.5029100743921], [-56.04092716909611, -34.50029557726092], [-56.0368325040118, -34.49755302241558], [-56.03483892444694, -34.50030006514374], [-56.03449180105719, -34.50113075880679], [-56.03900694276683, -34.5029100743921]]]}}, {"type": "Feature", "properties": {"cod": 313003, "dpto": 3, "secc": 13, "segm": 3, "loc": 526}, "geometry": {"type": "Polygon", "coordinates": [[[-56.03483083587055, -34.50032656909922], [-56.0361839291424, -34.498477865519924], [-56.033157367743485, -34.496441561828355], [-56.03212315360094, -34.49787664761151], [-56.032283250394116, -34.4996731157431], [-56.03475217385651, -34.500601034440336], [-56.03483083587055, -34.50032656909922]]]}}, {"type": "Feature", "properties": {"cod": 313004, "dpto": 3, "secc": 13, "segm": 4, "loc": 526}, "geometry": {"type": "Polygon", "coordinates": [[[-56.0368325040118, -34.49755302241558], [-56.04295408763687, -34.50163544288087], [-56.04428156120667, -34.49975967295907], [-56.03812286120096, -34.49573910986984], [-56.0368325040118, -34.49755302241558]]]}}, {"type": "Feature", "properties": {"cod": 313005, "dpto": 3, "secc": 13, "segm": 5, "loc": 526}, "geometry": {"type": "Polygon", "coordinates": [[[-56.03812286120096, -34.49573910986984], [-56.04327598791241, -34.499107694526494], [-56.04457511373684, -34.497275961744634], [-56.043547123137785, -34.49662356085003], [-56.0442697425223, -34.49566421150647], [-56.044368784589025, -34.495745396465416], [-56.04451317944253, -34.49555184776362], [-56.04316701667247, -34.49476219257021], [-56.04313463868338, -34.494957274403035], [-56.04238533796983, -34.49588072430192], [-56.040283313249276, -34.49456653189257], [-56.040322468155864, -34.4949845878501], [-56.03980156740646, -34.49548447854903], [-56.0387868264679, -34.494850026248685], [-56.03812286120096, -34.49573910986984]]]}}, {"type": "Feature", "properties": {"cod": 313106, "dpto": 3, "secc": 13, "segm": 106, "loc": 526}, "geometry": {"type": "Polygon", "coordinates": [[[-56.02667225059902, -34.49091554907957], [-56.02912386721115, -34.49253611968916], [-56.02930304066262, -34.49393303804959], [-56.033157367743485, -34.496441561828355], [-56.035058801815616, -34.49376451424508], [-56.03812286120096, -34.49573910986984], [-56.0387868264679, -34.494850026248685], [-56.03980156740646, -34.49548447854903], [-56.040322468155864, -34.4949845878501], [-56.040283313249276, -34.49456653189257], [-56.04238533796983, -34.49588072430192], [-56.04313463868338, -34.494957274403035], [-56.04335804903007, -34.49421382431264], [-56.04082883202641, -34.49287655210927], [-56.03990423413495, -34.49252762209134], [-56.025757483857745, -34.48841685967274], [-56.025781326137356, -34.49056689189588], [-56.02667225059902, -34.49091554907957]]]}}, {"type": "Feature", "properties": {"cod": 313206, "dpto": 3, "secc": 13, "segm": 206, "loc": 526}, "geometry": {"type": "Polygon", "coordinates": [[[-56.025781326137356, -34.49056689189588], [-56.02595274158874, -34.49775577110251], [-56.025991846688605, -34.50477427577548], [-56.027251673513874, -34.50521628295315], [-56.02783838360393, -34.5057299035078], [-56.02818470401578, -34.50582297361472], [-56.02848647584595, -34.50610215478346], [-56.02932855289524, -34.50660115645705], [-56.03013688725915, -34.506913221192434], [-56.03040978530633, -34.50695217268291], [-56.03091843685127, -34.506816347719685], [-56.03145440879058, -34.506814027137935], [-56.03170490693621, -34.50685270096102], [-56.03201945405956, -34.507052083249896], [-56.032627734973026, -34.50690852883718], [-56.03302374136267, -34.506949006405875], [-56.03343672584769, -34.50731834326751], [-56.03354070581047, -34.50753289973516], [-56.033818947000874, -34.50761630606918], [-56.0340453097506, -34.507547974633695], [-56.034157559205994, -34.50690088819565], [-56.03430175450836, -34.50670719244133], [-56.034595334323846, -34.50663983883916], [-56.03491991130273, -34.506830381010126], [-56.03507546675445, -34.506823489394804], [-56.035283538467155, -34.50623079916647], [-56.03634078204272, -34.505453296670005], [-56.03686677589004, -34.505646335551404], [-56.037410249103935, -34.505706425422616], [-56.03765075176324, -34.50594031398836], [-56.038229926256115, -34.50620514946588], [-56.03863383911642, -34.50621912078471], [-56.038884845947514, -34.506541916669015], [-56.039399627437525, -34.50636177915577], [-56.04003743864474, -34.50655620411625], [-56.040157396302405, -34.50671760562159], [-56.04033260616698, -34.506781950397965], [-56.04050949985558, -34.506766503421424], [-56.04097988678072, -34.50649689383408], [-56.04154284185344, -34.506068517268375], [-56.041774039060925, -34.50576051861522], [-56.04207931505504, -34.505604388309365], [-56.04088967306751, -34.50412993794072], [-56.03995247364803, -34.50333936571399], [-56.03949836617109, -34.50309386487274], [-56.03449180105719, -34.50113075880679], [-56.03475217385651, -34.500601034440336], [-56.032283250394116, -34.4996731157431], [-56.03212315360094, -34.49787664761151], [-56.033157367743485, -34.496441561828355], [-56.02930304066262, -34.49393303804959], [-56.02912386721115, -34.49253611968916], [-56.02667225059902, -34.49091554907957], [-56.025781326137356, -34.49056689189588]]]}}, {"type": "Feature", "properties": {"cod": 313306, "dpto": 3, "secc": 13, "segm": 306, "loc": 526}, "geometry": {"type": "Polygon", "coordinates": [[[-56.044477529931555, -34.495533621539614], [-56.044368784589025, -34.495745396465416], [-56.0442697425223, -34.49566421150647], [-56.043547123137785, -34.49662356085003], [-56.04457511373684, -34.497275961744634], [-56.04327598791241, -34.499107694526494], [-56.04428156120667, -34.49975967295907], [-56.04295408763687, -34.50163544288087], [-56.04092716909611, -34.50029557726092], [-56.03900694276683, -34.5029100743921], [-56.03995247364803, -34.50333936571399], [-56.040807852032565, -34.50404283536298], [-56.04207931505504, -34.505604388309365], [-56.04283483974457, -34.50556936515987], [-56.04303137044278, -34.505625009780395], [-56.04356022938869, -34.5052851322504], [-56.043855423852506, -34.504951322681315], [-56.04402083650359, -34.50437588804418], [-56.04435564160641, -34.50372259590399], [-56.04472747823984, -34.50346969366352], [-56.04556879534006, -34.503497906915776], [-56.04572707882172, -34.503419911706814], [-56.04558091416464, -34.503320358304485], [-56.045819224318905, -34.50334991659899], [-56.04591244892617, -34.503288899277926], [-56.04624261903358, -34.50287542144385], [-56.04632492349852, -34.502538972907296], [-56.04660833521812, -34.502107131144456], [-56.04693001150645, -34.5018090739681], [-56.047816481884475, -34.501562406470605], [-56.049133598173206, -34.501552129118345], [-56.04951130402965, -34.50162794850312], [-56.04972269903669, -34.501435085750984], [-56.04989048628964, -34.50106398360533], [-56.049964884232836, -34.500754041280985], [-56.04988586751243, -34.50046880149854], [-56.04994812922781, -34.50033626299086], [-56.05015911899215, -34.500232316940966], [-56.050465827579956, -34.499809728411456], [-56.05092082415864, -34.49950435937857], [-56.05171111752191, -34.498643590510156], [-56.05222506048422, -34.498365700971675], [-56.05167649412579, -34.497612681519556], [-56.04976820540777, -34.49790885552718], [-56.043301130448995, -34.494390817589725], [-56.04335804903007, -34.49421382431264], [-56.04316701667247, -34.49476219257021], [-56.044477529931555, -34.495533621539614]]]}}, {"type": "Feature", "properties": {"cod": 314001, "dpto": 3, "secc": 14, "segm": 1, "loc": 629}, "geometry": {"type": "Polygon", "coordinates": [[[-55.868099605390285, -34.54121149397461], [-55.87317528714754, -34.54489647633152], [-55.875893239892754, -34.5429568124012], [-55.87088616637369, -34.53920250262752], [-55.868099605390285, -34.54121149397461]]]}}, {"type": "Feature", "properties": {"cod": 314002, "dpto": 3, "secc": 14, "segm": 2, "loc": 629}, "geometry": {"type": "Polygon", "coordinates": [[[-55.868099605390285, -34.54121149397461], [-55.86603240008341, -34.54271164889921], [-55.86904351214296, -34.54492835243518], [-55.867878766694474, -34.54577621744648], [-55.86885950939595, -34.54650228570525], [-55.869886117744294, -34.547248452589514], [-55.87105104157088, -34.546408945374175], [-55.87205480265251, -34.54715327922652], [-55.874167546268446, -34.54562353525966], [-55.868099605390285, -34.54121149397461]]]}}, {"type": "Feature", "properties": {"cod": 314003, "dpto": 3, "secc": 14, "segm": 3, "loc": 629}, "geometry": {"type": "Polygon", "coordinates": [[[-55.86230135208242, -34.539771151116874], [-55.860363348844785, -34.53907353799242], [-55.857486984203106, -34.539289722683776], [-55.859558178660954, -34.54605901268253], [-55.85706989196142, -34.54625438354623], [-55.8589480998591, -34.55174419041228], [-55.868673223210045, -34.55064791044989], [-55.86861597741236, -34.550891702340614], [-55.86927714238769, -34.551900068767694], [-55.87759835216812, -34.550707767249335], [-55.87661755091503, -34.55004764330124], [-55.873686634803384, -34.54747310736248], [-55.873469611543385, -34.54753140169933], [-55.872899072505106, -34.54738979609706], [-55.87231745240739, -34.54696607573575], [-55.87205480265251, -34.54715327922652], [-55.87105104157088, -34.546408945374175], [-55.869886117744294, -34.547248452589514], [-55.867878766694474, -34.54577621744648], [-55.86904351214296, -34.54492835243518], [-55.86603240008341, -34.54271164889921], [-55.86616957982792, -34.54261431013326], [-55.86230135208242, -34.539771151116874]]]}}, {"type": "Feature", "properties": {"cod": 314104, "dpto": 3, "secc": 14, "segm": 104, "loc": 629}, "geometry": {"type": "Polygon", "coordinates": [[[-55.872899072505106, -34.54738979609706], [-55.873469611543385, -34.54753140169933], [-55.873686634803384, -34.54747310736248], [-55.87661755091503, -34.55004764330124], [-55.87806597267052, -34.55106500515181], [-55.88478897501669, -34.55059722857059], [-55.88428881130374, -34.54818683882359], [-55.8834128205194, -34.54497112424315], [-55.88327588518508, -34.545002397969085], [-55.88304834606745, -34.54414201356009], [-55.87317528714754, -34.54489647633152], [-55.874167546268446, -34.54562353525966], [-55.87231745240739, -34.54696607573575], [-55.872899072505106, -34.54738979609706]]]}}, {"type": "Feature", "properties": {"cod": 314204, "dpto": 3, "secc": 14, "segm": 204, "loc": 629}, "geometry": {"type": "Polygon", "coordinates": [[[-55.88159178563378, -34.54425331853968], [-55.88077964491594, -34.541393288556094], [-55.88111079993048, -34.5412526310821], [-55.88089445216427, -34.54055014404127], [-55.880654877429734, -34.5404826708372], [-55.87989276877908, -34.53746573101702], [-55.87966473990672, -34.53736614186234], [-55.865659605026956, -34.53849148807293], [-55.86472608938123, -34.53583381000393], [-55.857831878278915, -34.53643757983903], [-55.86616957982792, -34.54261431013326], [-55.87088616637369, -34.53920250262752], [-55.875893239892754, -34.5429568124012], [-55.87317528714754, -34.54489647633152], [-55.88159178563378, -34.54425331853968]]]}}, {"type": "Feature", "properties": {"cod": 315001, "dpto": 3, "secc": 15, "segm": 1, "loc": 730}, "geometry": {"type": "Polygon", "coordinates": [[[-56.07995447937433, -34.439252959198136], [-56.083629683466185, -34.449378212309256], [-56.08158210088605, -34.44901880085557], [-56.080643113320434, -34.44877073279196], [-56.08096435538341, -34.44974086138766], [-56.08194130964774, -34.44990937899766], [-56.082206481320604, -34.450605109278214], [-56.08322524276212, -34.45075679667433], [-56.0833155606494, -34.45118186192556], [-56.086579623905834, -34.46012440602525], [-56.088600402508376, -34.460458621383374], [-56.08468361401787, -34.44955982688639], [-56.0843010187056, -34.4495051777966], [-56.084223339480836, -34.44931974605109], [-56.080636693451524, -34.439315328201175], [-56.07995447937433, -34.439252959198136]]]}}, {"type": "Feature", "properties": {"cod": 315002, "dpto": 3, "secc": 15, "segm": 2, "loc": 730}, "geometry": {"type": "Polygon", "coordinates": [[[-56.07995447937433, -34.439252959198136], [-56.07690632276292, -34.43880265838222], [-56.07628043424769, -34.437124345664266], [-56.074440090653255, -34.43688214279526], [-56.07503900781181, -34.438535000230054], [-56.07490813978124, -34.43851166114844], [-56.076774624171264, -34.4436108603235], [-56.08181323641257, -34.44426683771072], [-56.07995447937433, -34.439252959198136]]]}}, {"type": "Feature", "properties": {"cod": 315003, "dpto": 3, "secc": 15, "segm": 3, "loc": 730}, "geometry": {"type": "Polygon", "coordinates": [[[-56.08181323641257, -34.44426683771072], [-56.076774624171264, -34.4436108603235], [-56.07850856476997, -34.44834189826237], [-56.078198988762324, -34.44827803515246], [-56.07856324376527, -34.44932300236648], [-56.07873397297373, -34.44931853868197], [-56.07951457134568, -34.448546920076915], [-56.08158210088605, -34.44901880085557], [-56.083629683466185, -34.449378212309256], [-56.08181323641257, -34.44426683771072]]]}}, {"type": "Feature", "properties": {"cod": 315207, "dpto": 3, "secc": 15, "segm": 207, "loc": 730}, "geometry": {"type": "Polygon", "coordinates": [[[-56.07705027372223, -34.43427434661309], [-56.07938009277409, -34.43450034949034], [-56.07783089378322, -34.4306015265213], [-56.07717576754072, -34.43052420357624], [-56.07743684734451, -34.43119754653947], [-56.07580677775204, -34.43096304438037], [-56.07705027372223, -34.43427434661309]]]}}, {"type": "Feature", "properties": {"cod": 317146, "dpto": 3, "secc": 17, "segm": 146, "loc": 729}, "geometry": {"type": "Polygon", "coordinates": [[[-55.8512662815243, -34.7673685824969], [-55.85271477216856, -34.76202888752879], [-55.84397127256234, -34.76123341276426], [-55.84204726232188, -34.76824379628859], [-55.84210217360795, -34.76852173417249], [-55.84178192963085, -34.76978548472416], [-55.85041172106481, -34.770543102470484], [-55.85070945375052, -34.76914614524647], [-55.8512662815243, -34.7673685824969]]]}}, {"type": "Feature", "properties": {"cod": 317147, "dpto": 3, "secc": 17, "segm": 147, "loc": 729}, "geometry": {"type": "Polygon", "coordinates": [[[-55.84397127256234, -34.76123341276426], [-55.834589800055284, -34.760353722083565], [-55.832283483213544, -34.76888230988034], [-55.83725456144626, -34.76941777633373], [-55.83939371206722, -34.76956706221618], [-55.84031199981092, -34.76608105328365], [-55.84258551673068, -34.766275993097615], [-55.84397127256234, -34.76123341276426]]]}}, {"type": "Feature", "properties": {"cod": 317150, "dpto": 3, "secc": 17, "segm": 150, "loc": 980}, "geometry": {"type": "Polygon", "coordinates": [[[-55.77688542946321, -34.76295163719487], [-55.777991206242014, -34.763603905051575], [-55.77676297739654, -34.7644768769996], [-55.77802979425749, -34.76528241954005], [-55.77924895749675, -34.764430322763445], [-55.77981395435927, -34.76484741580546], [-55.780643145150925, -34.76696280297625], [-55.781975519815454, -34.76677477958449], [-55.780821022415545, -34.76546519539201], [-55.783431028065394, -34.76362746218603], [-55.78046845070853, -34.76170383771942], [-55.77940188700622, -34.76114928975925], [-55.77688542946321, -34.76295163719487]]]}}, {"type": "Feature", "properties": {"cod": 317182, "dpto": 3, "secc": 17, "segm": 182, "loc": 729}, "geometry": {"type": "Polygon", "coordinates": [[[-55.84939254453914, -34.74144622755921], [-55.8492417240622, -34.73903066882182], [-55.84881282528805, -34.73911013530113], [-55.84836223189961, -34.739042070498705], [-55.84774566524492, -34.739076635759496], [-55.84741782406179, -34.73891793636425], [-55.84714686305635, -34.73900865804682], [-55.846853406774336, -34.73896594110876], [-55.846189665068394, -34.739069767629346], [-55.84571465974397, -34.739357766077724], [-55.845335605858935, -34.739479056506255], [-55.84497629365409, -34.73977616326509], [-55.84467398514424, -34.73986165633431], [-55.84406337754389, -34.740271656025946], [-55.84258369218019, -34.74145821779771], [-55.841732670412426, -34.74197826050572], [-55.84113476088534, -34.74204960322985], [-55.84023259774165, -34.74192761597547], [-55.839849705703536, -34.74195224530607], [-55.839480588549826, -34.742084364666354], [-55.83458980434692, -34.76035370623027], [-55.84397127256234, -34.76123341276426], [-55.84939254453914, -34.74144622755921]]]}}, {"type": "Feature", "properties": {"cod": 317246, "dpto": 3, "secc": 17, "segm": 246, "loc": 729}, "geometry": {"type": "Polygon", "coordinates": [[[-55.85041172106481, -34.770543102470484], [-55.84178192963085, -34.76978548472416], [-55.84034602959826, -34.77524732559055], [-55.8445426871252, -34.77565263913613], [-55.844072157851585, -34.777405796606295], [-55.84843568144533, -34.777847800427956], [-55.85041172106481, -34.770543102470484]]]}}, {"type": "Feature", "properties": {"cod": 317247, "dpto": 3, "secc": 17, "segm": 247, "loc": 729}, "geometry": {"type": "Polygon", "coordinates": [[[-55.84258551673068, -34.766275993097615], [-55.84031199981092, -34.76608105328365], [-55.83939371206722, -34.76956706221618], [-55.83725456144626, -34.76941777633373], [-55.832283483213544, -34.76888230988034], [-55.83135339779131, -34.77253918820566], [-55.832185890693054, -34.77259699813311], [-55.831688828492204, -34.774427445546614], [-55.83259795099329, -34.77460338475197], [-55.833603040940375, -34.7746123841079], [-55.83995635404226, -34.775217953242624], [-55.83988765244207, -34.77544674145805], [-55.84027731198736, -34.775476345694905], [-55.84210217360795, -34.76852173417249], [-55.84204726232188, -34.76824379628859], [-55.84258551673068, -34.766275993097615]]]}}, {"type": "Feature", "properties": {"cod": 317250, "dpto": 3, "secc": 17, "segm": 250, "loc": 980}, "geometry": {"type": "Polygon", "coordinates": [[[-55.780535588473285, -34.76666253802412], [-55.77981395435927, -34.76484741580546], [-55.77924895749675, -34.764430322763445], [-55.77802979425749, -34.76528241954005], [-55.77676297739654, -34.7644768769996], [-55.777991206242014, -34.763603905051575], [-55.77688542946321, -34.76295163719487], [-55.77449838455706, -34.76462735883675], [-55.77377019661457, -34.76416913424032], [-55.77218820453539, -34.7653166337322], [-55.77262587489676, -34.765601355254496], [-55.772955505356265, -34.76601248890588], [-55.77281811361278, -34.767768667373105], [-55.780535588473285, -34.76666253802412]]]}}, {"type": "Feature", "properties": {"cod": 317282, "dpto": 3, "secc": 17, "segm": 282, "loc": 729}, "geometry": {"type": "Polygon", "coordinates": [[[-55.84397127256234, -34.76123341276426], [-55.85271477216856, -34.76202888752879], [-55.85783181119377, -34.743123805348], [-55.85761680144214, -34.742863410670665], [-55.85786430616841, -34.74203917689839], [-55.85726168183338, -34.741874306258204], [-55.855979695570475, -34.74127325425355], [-55.85532391343089, -34.74110955033005], [-55.85520617534532, -34.74097531380494], [-55.8547762241259, -34.740915277673324], [-55.854611235053795, -34.740696657289746], [-55.854316802302684, -34.74066808290565], [-55.85411555133886, -34.74051541011304], [-55.853866132938066, -34.74044637293834], [-55.8526607607548, -34.74057766636606], [-55.85222385796033, -34.74015657019986], [-55.85164178370924, -34.739846315098674], [-55.85095279263111, -34.739245096561476], [-55.850413955549854, -34.73892261395682], [-55.84977290866306, -34.73885248942342], [-55.8492417240622, -34.73903066882182], [-55.84939254453914, -34.74144622755921], [-55.84397127256234, -34.76123341276426]]]}}, {"type": "Feature", "properties": {"cod": 317346, "dpto": 3, "secc": 17, "segm": 346, "loc": 729}, "geometry": {"type": "Polygon", "coordinates": [[[-55.84843568144533, -34.777847800427956], [-55.844072157851585, -34.777405796606295], [-55.8445426871252, -34.77565263913613], [-55.84034602959826, -34.77524732559055], [-55.83881889293013, -34.78111208790046], [-55.838449783468775, -34.7809370992026], [-55.83792634038714, -34.78315212680442], [-55.836752643617, -34.78680811212817], [-55.83975549566032, -34.788095687341915], [-55.840731143500065, -34.78868585290888], [-55.84180804073605, -34.78903757099754], [-55.84232329802903, -34.78908757616123], [-55.84260111856943, -34.7892045013687], [-55.84364111682813, -34.79000966001896], [-55.844849916504046, -34.7905236969866], [-55.84633196754497, -34.785621417181375], [-55.84843568144533, -34.777847800427956]]]}}, {"type": "Feature", "properties": {"cod": 317347, "dpto": 3, "secc": 17, "segm": 347, "loc": 729}, "geometry": {"type": "Polygon", "coordinates": [[[-55.83135339779131, -34.77253918820566], [-55.82843157708341, -34.78342109575067], [-55.82891236530785, -34.7836928032247], [-55.83288395771737, -34.78539613703827], [-55.833749967413176, -34.78552048718689], [-55.8354706573541, -34.786207060123516], [-55.8360694358437, -34.78658237772392], [-55.836752643617, -34.78680811212817], [-55.83792634038714, -34.78315212680442], [-55.838449783468775, -34.7809370992026], [-55.83881889293013, -34.78111208790046], [-55.84027731198736, -34.775476345694905], [-55.83988765244207, -34.77544674145805], [-55.83995635404226, -34.775217953242624], [-55.833603040940375, -34.7746123841079], [-55.83259795099329, -34.77460338475197], [-55.831688828492204, -34.774427445546614], [-55.832185890693054, -34.77259699813311], [-55.83135339779131, -34.77253918820566]]]}}, {"type": "Feature", "properties": {"cod": 317350, "dpto": 3, "secc": 17, "segm": 350, "loc": 980}, "geometry": {"type": "Polygon", "coordinates": [[[-55.773205280712354, -34.76794877737186], [-55.77263851847843, -34.769965833924985], [-55.77346770927008, -34.77208122109577], [-55.774496613661796, -34.772073844072516], [-55.7756580759868, -34.77193814387102], [-55.77739151522017, -34.77168518046608], [-55.77880045768025, -34.771377836138406], [-55.7820402485886, -34.770978044378246], [-55.780535588473285, -34.76666253802412], [-55.77252205238986, -34.76781205665895], [-55.771800883473574, -34.76773846694835], [-55.771933956513934, -34.768094622396795], [-55.773205280712354, -34.76794877737186]]]}}, {"type": "Feature", "properties": {"cod": 327095, "dpto": 3, "secc": 27, "segm": 95, "loc": 911}, "geometry": {"type": "Polygon", "coordinates": [[[-55.95668739357937, -34.70041031867258], [-55.95244499475704, -34.70003023343049], [-55.95320407962558, -34.701729005034196], [-55.95753125414355, -34.7019954359068], [-55.956972721170835, -34.70103982965327], [-55.96040789547326, -34.70141156671186], [-55.95971478585334, -34.700044946290745], [-55.95641221857839, -34.699772800706114], [-55.95668739357937, -34.70041031867258]]]}}, {"type": "Feature", "properties": {"cod": 327096, "dpto": 3, "secc": 27, "segm": 96, "loc": 912}, "geometry": {"type": "Polygon", "coordinates": [[[-55.955150296116, -34.69712523048123], [-55.95827379609295, -34.69729388906509], [-55.959153172708604, -34.697337017176395], [-55.95809442201297, -34.69529223341341], [-55.953934172738236, -34.69505178197651], [-55.95460147073064, -34.696054077998426], [-55.95483511225292, -34.696627238643266], [-55.955150296116, -34.69712523048123]]]}}, {"type": "Feature", "properties": {"cod": 327097, "dpto": 3, "secc": 27, "segm": 97, "loc": 913}, "geometry": {"type": "Polygon", "coordinates": [[[-55.952534830017896, -34.692811431392386], [-55.9494150310267, -34.68879690017702], [-55.94619202116961, -34.688358555895334], [-55.94533357686056, -34.688288308329454], [-55.944775574674956, -34.68833280199453], [-55.948230537431215, -34.693055211829126], [-55.952534830017896, -34.692811431392386]]]}}, {"type": "Feature", "properties": {"cod": 337031, "dpto": 3, "secc": 37, "segm": 31, "loc": 523}, "geometry": {"type": "Polygon", "coordinates": [[[-56.034018644776715, -34.82000646629785], [-56.034230626689535, -34.82039424095782], [-56.03739910866734, -34.82381042611203], [-56.037877925455845, -34.824106249425704], [-56.03834527511536, -34.824232637947], [-56.03900346088359, -34.824193852136986], [-56.040873334836895, -34.82295242002576], [-56.04551145106519, -34.82206920749208], [-56.05204730753462, -34.82066331667591], [-56.05215035120626, -34.8201611038297], [-56.05209352070349, -34.81916693428969], [-56.05215181098442, -34.818748778817444], [-56.05261220146708, -34.81701249234851], [-56.05275150599105, -34.816154662332316], [-56.04992058840743, -34.811864658802364], [-56.03269204902357, -34.81525518175572], [-56.034018644776715, -34.82000646629785]]]}}, {"type": "Feature", "properties": {"cod": 337039, "dpto": 3, "secc": 37, "segm": 39, "loc": 939}, "geometry": {"type": "Polygon", "coordinates": [[[-55.972694105818796, -34.838240884173885], [-55.97852997280131, -34.82417148425937], [-55.9784373435623, -34.82412116418012], [-55.97674774730525, -34.82364374426658], [-55.971123256459286, -34.83722896585772], [-55.97143029718952, -34.837410246171], [-55.96834304263153, -34.845071819235585], [-55.96986984669833, -34.84599254549384], [-55.9729745409094, -34.83837216158821], [-55.972694105818796, -34.838240884173885]]]}}, {"type": "Feature", "properties": {"cod": 337125, "dpto": 3, "secc": 37, "segm": 125, "loc": 722}, "geometry": {"type": "Polygon", "coordinates": [[[-56.03488191506883, -34.84389628315143], [-56.033989182828904, -34.869110924230675], [-56.03437145197716, -34.87260549445845], [-56.03460031612299, -34.87315955614156], [-56.03495556452553, -34.87372635718171], [-56.03563483896855, -34.874630344088644], [-56.035823209141455, -34.87475674394527], [-56.036665646275395, -34.87225114484072], [-56.037005590788965, -34.87059717568854], [-56.03771109662796, -34.868807313300735], [-56.037924217487934, -34.86849753554916], [-56.03848091380661, -34.86832205429919], [-56.03918958664008, -34.8686095684578], [-56.03971585314513, -34.86844195939541], [-56.040696127235535, -34.86743872310704], [-56.04099617931027, -34.86692549014571], [-56.03749754229833, -34.8548476715596], [-56.036481287440154, -34.851067091734976], [-56.03506813069883, -34.846413954481974], [-56.035163137575935, -34.84357185211976], [-56.03488191506883, -34.84389628315143]]]}}, {"type": "Feature", "properties": {"cod": 337126, "dpto": 3, "secc": 37, "segm": 126, "loc": 525}, "geometry": {"type": "Polygon", "coordinates": [[[-56.05355313462242, -34.82895326613033], [-56.05375652193676, -34.82993175887505], [-56.05227982109022, -34.832607095360466], [-56.05222766047459, -34.83247722291907], [-56.04584825716303, -34.840064640946615], [-56.04771419078642, -34.844652976584804], [-56.051606344648945, -34.85336142261545], [-56.05333199817229, -34.85044221861461], [-56.05428835164463, -34.84897651847234], [-56.05491051589715, -34.830129494042446], [-56.05355313462242, -34.82895326613033]]]}}, {"type": "Feature", "properties": {"cod": 337127, "dpto": 3, "secc": 37, "segm": 127, "loc": 525}, "geometry": {"type": "Polygon", "coordinates": [[[-56.05333199817229, -34.85044221861461], [-56.051606344648945, -34.85336142261545], [-56.053688285894175, -34.85812894020407], [-56.052748706682, -34.859704734199866], [-56.05166220829598, -34.86098158997485], [-56.04806319535012, -34.86473837299522], [-56.0468565169971, -34.8633931301541], [-56.046785560043695, -34.86257692208958], [-56.04628562615929, -34.86092560722598], [-56.04596036938476, -34.86135924696366], [-56.04684051432823, -34.8644132700006], [-56.04762800309604, -34.86538543660145], [-56.04895613395202, -34.86783454187257], [-56.05258965103146, -34.869234223549086], [-56.05284801479121, -34.86918970852752], [-56.0531048393562, -34.869022933255515], [-56.053299579932705, -34.86902083327432], [-56.05359805797466, -34.86915981445155], [-56.05428782931937, -34.869075509863414], [-56.05516732483634, -34.868818597893906], [-56.055733406648436, -34.868110895553656], [-56.05654537562332, -34.86641852693337], [-56.05701994502963, -34.86623968302138], [-56.057245968040334, -34.86596264509758], [-56.05734211866017, -34.865731257532005], [-56.0572944633422, -34.86552800706056], [-56.057436760107265, -34.864772870062794], [-56.057455921905834, -34.8635754907996], [-56.05706091735214, -34.861070446791146], [-56.0563, -34.86011], [-56.05421, -34.85135], [-56.05428835164463, -34.84897651847234], [-56.05333199817229, -34.85044221861461]]]}}, {"type": "Feature", "properties": {"cod": 337128, "dpto": 3, "secc": 37, "segm": 128, "loc": 727}, "geometry": {"type": "Polygon", "coordinates": [[[-56.01341189131019, -34.84282384101633], [-56.00364572542745, -34.84785377775486], [-56.00652425106236, -34.85076877083255], [-56.00884240573702, -34.85326159957654], [-56.01151223805837, -34.85197469734741], [-56.013053224824766, -34.85353904048479], [-56.01458780155217, -34.85280495515093], [-56.01707957950203, -34.85541221504714], [-56.020450085351285, -34.853742590250974], [-56.01904321459737, -34.85213095493578], [-56.01961130362186, -34.85184674390921], [-56.02174429130807, -34.854220089549386], [-56.02622463129274, -34.851996103960715], [-56.02386656134256, -34.849195061014804], [-56.023553055195926, -34.84842788317661], [-56.02328892234072, -34.84735044064574], [-56.022023181773044, -34.84559883066152], [-56.016841675287985, -34.84431529067893], [-56.01506945969398, -34.843805443159646], [-56.013929979964445, -34.84320136103176], [-56.01341189131019, -34.84282384101633]]]}}, {"type": "Feature", "properties": {"cod": 337129, "dpto": 3, "secc": 37, "segm": 129, "loc": 727}, "geometry": {"type": "Polygon", "coordinates": [[[-56.022088614854354, -34.86509624389913], [-56.01360944515382, -34.85830575278267], [-56.010536107507995, -34.855072572798164], [-56.00308297578848, -34.85880644180826], [-56.006246673174324, -34.86206882653707], [-56.00297812975973, -34.86374577928585], [-56.002928379594806, -34.86371007670547], [-56.00106724494925, -34.86480587222227], [-56.01276704644876, -34.87186133840242], [-56.022088614854354, -34.86509624389913]]]}}, {"type": "Feature", "properties": {"cod": 337132, "dpto": 3, "secc": 37, "segm": 132, "loc": 523}, "geometry": {"type": "Polygon", "coordinates": [[[-56.022674338886404, -34.81212754579675], [-56.02313046014474, -34.814016145185285], [-56.025843147622545, -34.81670110719093], [-56.025160059307666, -34.81680756976813], [-56.02582532084431, -34.81804904464581], [-56.0262983568828, -34.818696932427045], [-56.0307364913671, -34.816139170963524], [-56.03084733157, -34.81584665542135], [-56.03269204902357, -34.81525518175572], [-56.04992058840743, -34.811864658802364], [-56.047467879425994, -34.80814779673288], [-56.04710581637162, -34.80775207300941], [-56.04705578497303, -34.80755121645537], [-56.04175675200914, -34.80562909212281], [-56.03925116641567, -34.80601331778581], [-56.039798074220066, -34.808788559783906], [-56.022674338886404, -34.81212754579675]]]}}, {"type": "Feature", "properties": {"cod": 337133, "dpto": 3, "secc": 37, "segm": 133, "loc": 523}, "geometry": {"type": "Polygon", "coordinates": [[[-56.00829225647878, -34.81707251652237], [-56.00491084405215, -34.81753742740002], [-56.00511292596591, -34.818706392381266], [-56.00466677427523, -34.819324559792], [-56.00539171714772, -34.81964973898163], [-56.00517433377268, -34.819997507868614], [-56.00532321059139, -34.81998298198812], [-56.006132814166364, -34.824451718434645], [-56.006271768765515, -34.82492723345046], [-56.00667897014467, -34.82539520380346], [-56.00604725397963, -34.8263169379238], [-56.00838276678048, -34.82734773500919], [-56.007050286196566, -34.82943248016739], [-56.009223649256235, -34.83042340161154], [-56.009818007579206, -34.830281280616575], [-56.01019767809819, -34.82997351996539], [-56.010556617560695, -34.829495917172814], [-56.009436192038834, -34.823645147338624], [-56.00856887160475, -34.818330088332125], [-56.00849981291014, -34.81828009176714], [-56.00829225647878, -34.81707251652237]]]}}, {"type": "Feature", "properties": {"cod": 337134, "dpto": 3, "secc": 37, "segm": 134, "loc": 835}, "geometry": {"type": "Polygon", "coordinates": [[[-56.01341189131019, -34.84282384101633], [-56.01245467903202, -34.842120195593104], [-56.011842574014324, -34.841337888469816], [-56.01112379805963, -34.83953364482806], [-56.010329794366484, -34.837157130156534], [-56.00998691964514, -34.83707189714274], [-56.00142513053341, -34.842198458828676], [-56.001327846478375, -34.84216254187984], [-55.994417094684856, -34.846271148306656], [-55.9901696089839, -34.84867782639103], [-55.996210473479685, -34.851625154646854], [-56.00300605568939, -34.84824028099414], [-56.01341189131019, -34.84282384101633]]]}}, {"type": "Feature", "properties": {"cod": 337135, "dpto": 3, "secc": 37, "segm": 135, "loc": 633}, "geometry": {"type": "Polygon", "coordinates": [[[-56.01296468369356, -34.83553201110576], [-56.01095408795614, -34.83173918809206], [-56.010799614312404, -34.8317318705575], [-56.008957242081955, -34.830830651220204], [-56.002434482751354, -34.829249600309296], [-55.99443906740139, -34.83540899106869], [-56.003798623231965, -34.84078963095503], [-56.01258101695859, -34.83547602554307], [-56.01296468369356, -34.83553201110576]]]}}, {"type": "Feature", "properties": {"cod": 337136, "dpto": 3, "secc": 37, "segm": 136, "loc": 633}, "geometry": {"type": "Polygon", "coordinates": [[[-55.9991268231174, -34.8434573981897], [-55.988469263232645, -34.84011198129419], [-55.988625440291116, -34.84060986940265], [-55.98866714841776, -34.8411454974376], [-55.988589059065426, -34.841540611899056], [-55.98838735189487, -34.84185451175102], [-55.987802868195196, -34.8423550374242], [-55.987607671144985, -34.842701529742534], [-55.9875825059877, -34.84294825829502], [-55.98786422776249, -34.84350060739098], [-55.98816841899868, -34.84371442399166], [-55.99026580874939, -34.846465722863606], [-55.99054048512528, -34.84763753984914], [-55.990504599874455, -34.84856295440919], [-55.99679132966457, -34.844915261402036], [-55.9991268231174, -34.8434573981897]]]}}, {"type": "Feature", "properties": {"cod": 337137, "dpto": 3, "secc": 37, "segm": 137, "loc": 831}, "geometry": {"type": "Polygon", "coordinates": [[[-55.993000690598, -34.80313009701354], [-55.9872071998303, -34.80142466146782], [-55.986790631603796, -34.8014095122329], [-55.98593976132565, -34.806494066521005], [-55.98340151285297, -34.81236124621415], [-55.9809379583094, -34.818332133938036], [-55.98195468500785, -34.81894486270991], [-55.983110804480084, -34.8193733353319], [-55.98320305133133, -34.81959699337779], [-55.983712162661156, -34.81915267009257], [-55.98412369906539, -34.818611048674924], [-55.98520099071642, -34.81692592305927], [-55.98503697164677, -34.81861850585386], [-55.984831123839754, -34.81948592749665], [-55.98531879652862, -34.81954801989952], [-55.98563401262749, -34.81970768900465], [-55.98583359934387, -34.819910252891745], [-55.98540390494037, -34.82088999938334], [-55.9886674595458, -34.82269608270636], [-55.988732392486845, -34.82453471781265], [-55.9984672104518, -34.80446747869689], [-55.993000690598, -34.80313009701354]]]}}, {"type": "Feature", "properties": {"cod": 337138, "dpto": 3, "secc": 37, "segm": 138, "loc": 831}, "geometry": {"type": "Polygon", "coordinates": [[[-55.97916203241817, -34.84405434017209], [-55.9868397354088, -34.82834964143275], [-55.98570937575319, -34.82772143951002], [-55.9851624269851, -34.82752239521121], [-55.983525078565044, -34.82668352443221], [-55.977368776430865, -34.84173968835325], [-55.97916203241817, -34.84405434017209]]]}}, {"type": "Feature", "properties": {"cod": 337140, "dpto": 3, "secc": 37, "segm": 140, "loc": 732}, "geometry": {"type": "Polygon", "coordinates": [[[-55.97143029718952, -34.837410246171], [-55.97007564350235, -34.83655775187659], [-55.965856629699374, -34.83430413933435], [-55.96354945580277, -34.8396623791977], [-55.962565297977875, -34.83901132784967], [-55.961563263705656, -34.84164703266893], [-55.96242333405716, -34.84215075626958], [-55.96322745298002, -34.842959355281074], [-55.96377684162901, -34.84335526839308], [-55.96703, -34.84428], [-55.96834304263153, -34.845071819235585], [-55.97143029718952, -34.837410246171]]]}}, {"type": "Feature", "properties": {"cod": 337141, "dpto": 3, "secc": 37, "segm": 141, "loc": 732}, "geometry": {"type": "Polygon", "coordinates": [[[-55.96318793322485, -34.837562404482306], [-55.96521155298806, -34.83286302025187], [-55.96511822164704, -34.83175426722822], [-55.96423447594045, -34.832412140872165], [-55.965465451249635, -34.82881577287455], [-55.964807641651326, -34.8293029270625], [-55.964050995863055, -34.83021298641929], [-55.96237938742713, -34.82938394776804], [-55.9626714537857, -34.82831855442432], [-55.96269837678196, -34.82768526404457], [-55.96232485649647, -34.82797539800286], [-55.961590601841536, -34.82773378283804], [-55.961390092234296, -34.827367966406285], [-55.960949787543804, -34.8296209939367], [-55.95971763465839, -34.83233229363093], [-55.958625822011626, -34.834300693938125], [-55.95787828542738, -34.83645911016997], [-55.95474615886668, -34.83470207967339], [-55.95405635439683, -34.83692249906675], [-55.95449, -34.83709], [-55.956579279172786, -34.83900681337474], [-55.95703920061796, -34.839240387463285], [-55.958134336839265, -34.83941696484355], [-55.95870491940651, -34.839859358139236], [-55.9600524501842, -34.840512005828494], [-55.961563263705656, -34.84164703266893], [-55.96318793322485, -34.837562404482306]]]}}, {"type": "Feature", "properties": {"cod": 337143, "dpto": 3, "secc": 37, "segm": 143, "loc": 828}, "geometry": {"type": "Polygon", "coordinates": [[[-55.935032956133504, -34.79171645255318], [-55.933310926404246, -34.796493704964774], [-55.934135579498324, -34.800239408733965], [-55.93957830402743, -34.79925165033576], [-55.945720453808505, -34.79792346832231], [-55.94385532819782, -34.79657587042162], [-55.944955982374026, -34.79629879700076], [-55.94459455437322, -34.7954593546181], [-55.94323210121355, -34.79593582103966], [-55.94244655949277, -34.7951924604614], [-55.9399844971255, -34.79322980239089], [-55.93849341715606, -34.792539919075054], [-55.935032956133504, -34.79171645255318]]]}}, {"type": "Feature", "properties": {"cod": 337186, "dpto": 3, "secc": 37, "segm": 186, "loc": 828}, "geometry": {"type": "Polygon", "coordinates": [[[-55.91085668655934, -34.80235364944511], [-55.90780616096209, -34.802963496693096], [-55.90772153232542, -34.803105252885125], [-55.908659687971905, -34.804767191014875], [-55.9083215636915, -34.80488497034362], [-55.907580051828575, -34.805449610413895], [-55.907131934901265, -34.80526226314428], [-55.906487050815, -34.80645645427491], [-55.90601098928674, -34.806277845351694], [-55.905179803314745, -34.8076164974661], [-55.90312704501713, -34.8065015498948], [-55.90207165473091, -34.80774655821922], [-55.89910057240538, -34.806246180164244], [-55.898469429079036, -34.80638769237564], [-55.898243456070546, -34.806300387361006], [-55.89803688168161, -34.8061485539856], [-55.89794902687048, -34.80588131888165], [-55.89690070855372, -34.80726337703763], [-55.8998238081874, -34.80855294406937], [-55.90082003645842, -34.80888907921888], [-55.90143714626013, -34.809264691135965], [-55.90698, -34.81171], [-55.91097649519614, -34.81373011963044], [-55.91370564637726, -34.81488854038943], [-55.914822277649684, -34.81383131613696], [-55.91455400696536, -34.813688962427584], [-55.9129775416988, -34.81124139699995], [-55.91339254149024, -34.81100765179309], [-55.91451960632023, -34.80820951493374], [-55.914595006740655, -34.80790270656189], [-55.914558176502936, -34.80726999181997], [-55.914350791517094, -34.80675712520507], [-55.91401065755051, -34.806350335082094], [-55.91344870322909, -34.80589796451815], [-55.91288177003858, -34.805574142649085], [-55.912491553627184, -34.80513819940505], [-55.91177109763409, -34.80403857915618], [-55.91085668655934, -34.80235364944511]]]}}, {"type": "Feature", "properties": {"cod": 337188, "dpto": 3, "secc": 37, "segm": 188, "loc": 733}, "geometry": {"type": "Polygon", "coordinates": [[[-55.988942092522215, -34.79468428975997], [-55.98990679477915, -34.79859775364853], [-55.99785104904077, -34.79713811460695], [-55.9973411070672, -34.795094788324384], [-55.998174309995676, -34.79464566041424], [-55.996454581311184, -34.79486332542851], [-55.99597108999874, -34.79333301909517], [-55.99541300995789, -34.79214538081217], [-55.99416369623548, -34.792378516017905], [-55.993123812688765, -34.792028891358036], [-55.992000935876874, -34.7920362939171], [-55.990900193659044, -34.79247252711441], [-55.99026981864709, -34.79310744271668], [-55.989995783612784, -34.79368687789533], [-55.99001667896556, -34.79445397662964], [-55.988942092522215, -34.79468428975997]]]}}, {"type": "Feature", "properties": {"cod": 337190, "dpto": 3, "secc": 37, "segm": 190, "loc": 732}, "geometry": {"type": "Polygon", "coordinates": [[[-55.986790631603796, -34.8014095122329], [-55.97895023032807, -34.80105177246585], [-55.97852763775873, -34.802231528226784], [-55.97565655215948, -34.80881833966676], [-55.97667798939416, -34.80967174551981], [-55.97781726314958, -34.810018438464695], [-55.97726772880875, -34.811455937102], [-55.97861567503318, -34.811338649248654], [-55.98085258651636, -34.81082167558016], [-55.98343914660239, -34.812283096756246], [-55.98593976132565, -34.806494066521005], [-55.986790631603796, -34.8014095122329]]]}}, {"type": "Feature", "properties": {"cod": 337191, "dpto": 3, "secc": 37, "segm": 191, "loc": 732}, "geometry": {"type": "Polygon", "coordinates": [[[-55.967107538331796, -34.818596434862805], [-55.96930936263309, -34.81592433420564], [-55.96912560920795, -34.8149185909524], [-55.96883501587703, -34.81397232836867], [-55.968507427408355, -34.81335416352508], [-55.96784191198017, -34.812496233110465], [-55.9666151635252, -34.81184745263787], [-55.96770686712655, -34.80885897913932], [-55.9643314197172, -34.80766251512213], [-55.961410941444576, -34.815929701806105], [-55.964772951451444, -34.817187688479855], [-55.967107538331796, -34.818596434862805]]]}}, {"type": "Feature", "properties": {"cod": 337192, "dpto": 3, "secc": 37, "segm": 192, "loc": 828}, "geometry": {"type": "Polygon", "coordinates": [[[-55.93849341715606, -34.792539919075054], [-55.9399844971255, -34.79322980239089], [-55.94244655949277, -34.7951924604614], [-55.94323210121355, -34.79593582103966], [-55.94459455437322, -34.7954593546181], [-55.943875982712, -34.79357046883585], [-55.94122341833232, -34.79123407803126], [-55.94234525997662, -34.788537078304365], [-55.94327858565384, -34.78878884429118], [-55.94406672842033, -34.78728609186305], [-55.942313281578755, -34.78671372819842], [-55.94219848770376, -34.78656432856441], [-55.93992710194076, -34.78606464542965], [-55.93974057012971, -34.78696464439408], [-55.939580298439054, -34.78713404905266], [-55.93450176621429, -34.78595936552657], [-55.932992374207345, -34.785722350146436], [-55.93288299551704, -34.7862819411867], [-55.93258290227184, -34.786944223159466], [-55.93231250471145, -34.78781591558806], [-55.92908583626308, -34.78707451478635], [-55.92795614174288, -34.79002860735646], [-55.93849341715606, -34.792539919075054]]]}}, {"type": "Feature", "properties": {"cod": 337193, "dpto": 3, "secc": 37, "segm": 193, "loc": 828}, "geometry": {"type": "Polygon", "coordinates": [[[-55.88469955412001, -34.80188066400055], [-55.890544955669746, -34.80445944613954], [-55.89147781407457, -34.803073959990456], [-55.89133535155859, -34.802960605005495], [-55.894116929197295, -34.80083995645773], [-55.89832628578934, -34.79623274802907], [-55.88735359182396, -34.79713060167469], [-55.88469955412001, -34.80188066400055]]]}}, {"type": "Feature", "properties": {"cod": 337225, "dpto": 3, "secc": 37, "segm": 225, "loc": 722}, "geometry": {"type": "Polygon", "coordinates": [[[-56.03347996467938, -34.8688667557651], [-56.03258874152602, -34.86662608081538], [-56.028219625129445, -34.87137238539153], [-56.02824219593135, -34.87149606881954], [-56.02663251263315, -34.86850584909808], [-56.02401323439456, -34.87139278349444], [-56.02445430346153, -34.872526981109516], [-56.02650656817897, -34.87625097105729], [-56.026779599481486, -34.87706667285939], [-56.02746241828955, -34.87847297624477], [-56.03034, -34.8795], [-56.0348, -34.8778], [-56.035823209141455, -34.87475674394527], [-56.03563483896855, -34.874630344088644], [-56.03495556452553, -34.87372635718171], [-56.03460031612299, -34.87315955614156], [-56.03437145197716, -34.87260549445845], [-56.034256685340594, -34.87164601941753], [-56.03347996467938, -34.8688667557651]]]}}, {"type": "Feature", "properties": {"cod": 337226, "dpto": 3, "secc": 37, "segm": 226, "loc": 525}, "geometry": {"type": "Polygon", "coordinates": [[[-56.05375652193676, -34.82993175887505], [-56.05305144955275, -34.82733126527932], [-56.05294402775293, -34.82750057281762], [-56.05153323439349, -34.82356013588966], [-56.050675018014296, -34.8249013286277], [-56.04319512107832, -34.83399987609901], [-56.04584825716303, -34.840064640946615], [-56.05222766047459, -34.83247722291907], [-56.05227982109022, -34.832607095360466], [-56.05375652193676, -34.82993175887505]]]}}, {"type": "Feature", "properties": {"cod": 337227, "dpto": 3, "secc": 37, "segm": 227, "loc": 525}, "geometry": {"type": "Polygon", "coordinates": [[[-56.050806045736756, -34.85157135595155], [-56.045057773819465, -34.858181566739944], [-56.04596036938476, -34.86135924696366], [-56.04628562615929, -34.86092560722598], [-56.0464345195374, -34.861313816760834], [-56.046785560043695, -34.86257692208958], [-56.0468565169971, -34.8633931301541], [-56.04806319535012, -34.86473837299522], [-56.05166220829598, -34.86098158997485], [-56.052748706682, -34.859704734199866], [-56.053688285894175, -34.85812894020407], [-56.050806045736756, -34.85157135595155]]]}}, {"type": "Feature", "properties": {"cod": 337228, "dpto": 3, "secc": 37, "segm": 228, "loc": 727}, "geometry": {"type": "Polygon", "coordinates": [[[-56.00884240573702, -34.85326159957654], [-56.01360944515382, -34.85830575278267], [-56.022088614854354, -34.86509624389913], [-56.03111040856598, -34.85872183233018], [-56.0296823698207, -34.85609938087504], [-56.02622463129274, -34.851996103960715], [-56.02174429130807, -34.854220089549386], [-56.01961130362186, -34.85184674390921], [-56.01904321459737, -34.85213095493578], [-56.020450085351285, -34.853742590250974], [-56.01707957950203, -34.85541221504714], [-56.01458780155217, -34.85280495515093], [-56.013053224824766, -34.85353904048479], [-56.01151223805837, -34.85197469734741], [-56.00884240573702, -34.85326159957654]]]}}, {"type": "Feature", "properties": {"cod": 337229, "dpto": 3, "secc": 37, "segm": 229, "loc": 727}, "geometry": {"type": "Polygon", "coordinates": [[[-56.007213514464084, -34.85151418580225], [-56.00255181442346, -34.85383203234844], [-56.00201230467975, -34.85353970860381], [-56.001640183885186, -34.85363825997952], [-56.001492648864755, -34.8539181230823], [-56.0017669617805, -34.85423492232595], [-55.99966493512578, -34.855300237630274], [-56.00169437127835, -34.8572793007691], [-56.00308297578848, -34.85880644180826], [-56.010536107507995, -34.855072572798164], [-56.007213514464084, -34.85151418580225]]]}}, {"type": "Feature", "properties": {"cod": 337232, "dpto": 3, "secc": 37, "segm": 232, "loc": 523}, "geometry": {"type": "Polygon", "coordinates": [[[-56.016703711186935, -34.81325617900771], [-56.00792246543599, -34.815051035849464], [-56.00849981291014, -34.81828009176714], [-56.00856887160475, -34.818330088332125], [-56.009649021561124, -34.8246997173965], [-56.015582694383404, -34.82473392825007], [-56.02118954729338, -34.821714390720885], [-56.02471724889854, -34.81961777308394], [-56.0262600022518, -34.818809741585724], [-56.0262983568828, -34.818696932427045], [-56.02582532084431, -34.81804904464581], [-56.025160059307666, -34.81680756976813], [-56.025843147622545, -34.81670110719093], [-56.02313046014474, -34.814016145185285], [-56.022674338886404, -34.81212754579675], [-56.016703711186935, -34.81325617900771]]]}}, {"type": "Feature", "properties": {"cod": 337233, "dpto": 3, "secc": 37, "segm": 233, "loc": 523}, "geometry": {"type": "Polygon", "coordinates": [[[-56.007050286196566, -34.82943248016739], [-56.00838276678048, -34.82734773500919], [-56.00604725397963, -34.8263169379238], [-56.00667897014467, -34.82539520380346], [-56.006271768765515, -34.82492723345046], [-56.006132814166364, -34.824451718434645], [-56.00532321059139, -34.81998298198812], [-56.00517433377268, -34.819997507868614], [-56.00539171714772, -34.81964973898163], [-55.99835574928259, -34.8164788162561], [-55.993393254901086, -34.82250909305595], [-55.99391024708532, -34.82279164108803], [-55.99389828908157, -34.823013244719206], [-55.993649128609235, -34.82330554921444], [-56.007050286196566, -34.82943248016739]]]}}, {"type": "Feature", "properties": {"cod": 337234, "dpto": 3, "secc": 37, "segm": 234, "loc": 835}, "geometry": {"type": "Polygon", "coordinates": [[[-55.996210473479685, -34.851625154646854], [-55.9901696089839, -34.84867782639103], [-55.9848288934056, -34.85177536737795], [-55.98500869061144, -34.85183957270369], [-55.98222718799894, -34.85344453548073], [-55.98716541486538, -34.85642249135867], [-55.98767556920389, -34.856034344202335], [-55.996210473479685, -34.851625154646854]]]}}, {"type": "Feature", "properties": {"cod": 337235, "dpto": 3, "secc": 37, "segm": 235, "loc": 633}, "geometry": {"type": "Polygon", "coordinates": [[[-56.00368846470095, -34.84076283144635], [-55.99448593847719, -34.83548130644058], [-55.98835874258056, -34.84009060380794], [-55.9991268231174, -34.8434573981897], [-56.00368846470095, -34.84076283144635]]]}}, {"type": "Feature", "properties": {"cod": 337236, "dpto": 3, "secc": 37, "segm": 236, "loc": 633}, "geometry": {"type": "Polygon", "coordinates": [[[-55.99054048512528, -34.84763753984914], [-55.99026580874939, -34.846465722863606], [-55.98816841899868, -34.84371442399166], [-55.98786422776249, -34.84350060739098], [-55.9875825059877, -34.84294825829502], [-55.987607671144985, -34.842701529742534], [-55.987802868195196, -34.8423550374242], [-55.98838735189487, -34.84185451175102], [-55.988589059065426, -34.841540611899056], [-55.98866714841776, -34.8411454974376], [-55.988625440291116, -34.84060986940265], [-55.988469263232645, -34.84011198129419], [-55.98835874258056, -34.84009060380794], [-55.98322787589261, -34.84402522919768], [-55.98359821509022, -34.84460295772625], [-55.98540658346024, -34.84678533197543], [-55.98303996139622, -34.848193206740866], [-55.98434486135822, -34.8488910522687], [-55.98399227258011, -34.84914385172888], [-55.98484030658254, -34.849593627968915], [-55.985222949293636, -34.84940690806333], [-55.98712734982575, -34.850537405181484], [-55.990504599874455, -34.84856295440919], [-55.99054048512528, -34.84763753984914]]]}}, {"type": "Feature", "properties": {"cod": 337237, "dpto": 3, "secc": 37, "segm": 237, "loc": 831}, "geometry": {"type": "Polygon", "coordinates": [[[-55.9809379583094, -34.818332133938036], [-55.97852997280131, -34.82417148425937], [-55.9851624269851, -34.82752239521121], [-55.98570937575319, -34.82772143951002], [-55.9868397354088, -34.82834964143275], [-55.988732392486845, -34.82453471781265], [-55.9886674595458, -34.82269608270636], [-55.98540390494037, -34.82088999938334], [-55.98583359934387, -34.819910252891745], [-55.98563401262749, -34.81970768900465], [-55.98531879652862, -34.81954801989952], [-55.984831123839754, -34.81948592749665], [-55.98503697164677, -34.81861850585386], [-55.98520099071642, -34.81692592305927], [-55.98412369906539, -34.818611048674924], [-55.983712162661156, -34.81915267009257], [-55.98320305133133, -34.81959699337779], [-55.983110804480084, -34.8193733353319], [-55.98195468500785, -34.81894486270991], [-55.9809379583094, -34.818332133938036]]]}}, {"type": "Feature", "properties": {"cod": 337238, "dpto": 3, "secc": 37, "segm": 238, "loc": 831}, "geometry": {"type": "Polygon", "coordinates": [[[-55.97439094717931, -34.83670499165793], [-55.97493505878392, -34.8356924090487], [-55.97516975479126, -34.83634678685161], [-55.975907456790125, -34.836221691229014], [-55.976738670385906, -34.836011964146444], [-55.9771642457564, -34.83574557770119], [-55.97733996353045, -34.835281343636694], [-55.977048409638094, -34.837193309512955], [-55.976575244391285, -34.8377429067289], [-55.97536194815506, -34.840862600449704], [-55.9753279688851, -34.84150747004765], [-55.97657287188726, -34.84150621160243], [-55.977368776430865, -34.84173968835325], [-55.983525078565044, -34.82668352443221], [-55.97852997280131, -34.82417148425937], [-55.97352575104076, -34.836241312801526], [-55.97439094717931, -34.83670499165793]]]}}, {"type": "Feature", "properties": {"cod": 337240, "dpto": 3, "secc": 37, "segm": 240, "loc": 732}, "geometry": {"type": "Polygon", "coordinates": [[[-55.9683857189626, -34.83565690973804], [-55.970786411430716, -34.829704219134115], [-55.969944467594914, -34.829060438595235], [-55.969741974050756, -34.82956117608333], [-55.9682756838502, -34.82863484074006], [-55.96726893275472, -34.8281154174383], [-55.962565297977875, -34.83901132784967], [-55.96354945580277, -34.8396623791977], [-55.965856629699374, -34.83430413933435], [-55.9683857189626, -34.83565690973804]]]}}, {"type": "Feature", "properties": {"cod": 337241, "dpto": 3, "secc": 37, "segm": 241, "loc": 732}, "geometry": {"type": "Polygon", "coordinates": [[[-55.96173359768774, -34.82577768023743], [-55.961826064828465, -34.82370153694315], [-55.96113867927779, -34.824033504903504], [-55.96088367069901, -34.82336569151814], [-55.96083392782056, -34.82289881223383], [-55.959581796838805, -34.82329668566003], [-55.95954552089768, -34.82306651894454], [-55.95942038439338, -34.82335256286116], [-55.95873715683865, -34.82356790425767], [-55.95484575129295, -34.83474084720881], [-55.95787828542738, -34.83645911016997], [-55.958625822011626, -34.834300693938125], [-55.95971763465839, -34.83233229363093], [-55.960949787543804, -34.8296209939367], [-55.96173359768774, -34.82577768023743]]]}}, {"type": "Feature", "properties": {"cod": 337243, "dpto": 3, "secc": 37, "segm": 243, "loc": 828}, "geometry": {"type": "Polygon", "coordinates": [[[-55.935032956133504, -34.79171645255318], [-55.92795614174288, -34.79002860735646], [-55.92528979924815, -34.79699608257588], [-55.92640139943135, -34.79735406374555], [-55.92665447472824, -34.79656776198387], [-55.92671643092547, -34.79605438736641], [-55.93356514867583, -34.79766153659858], [-55.933310926404246, -34.796493704964774], [-55.935032956133504, -34.79171645255318]]]}}, {"type": "Feature", "properties": {"cod": 337274, "dpto": 3, "secc": 37, "segm": 274, "loc": 828}, "geometry": {"type": "Polygon", "coordinates": [[[-55.93992710194076, -34.78606464542965], [-55.935594895589915, -34.78520429273961], [-55.936089321401, -34.783643377032625], [-55.93491116039951, -34.78345081303981], [-55.93159992678065, -34.782326699680006], [-55.930817966621916, -34.78255062739267], [-55.93066447710435, -34.781522975431336], [-55.930830508153726, -34.78083047179938], [-55.925662400141235, -34.77992598788513], [-55.92412979358909, -34.78186344370032], [-55.930510964141114, -34.78334787931038], [-55.92908583626308, -34.78707451478635], [-55.93231250471145, -34.78781591558806], [-55.93258290227184, -34.786944223159466], [-55.93288299551704, -34.7862819411867], [-55.932992374207345, -34.785722350146436], [-55.93450176621429, -34.78595936552657], [-55.939580298439054, -34.78713404905266], [-55.93974057012971, -34.78696464439408], [-55.93992710194076, -34.78606464542965]]]}}, {"type": "Feature", "properties": {"cod": 337286, "dpto": 3, "secc": 37, "segm": 286, "loc": 828}, "geometry": {"type": "Polygon", "coordinates": [[[-55.90772153232542, -34.803105252885125], [-55.90908895318202, -34.800709851104955], [-55.908046542101204, -34.80026192764291], [-55.90774296401265, -34.80020879765856], [-55.9070227506864, -34.79938833732082], [-55.90523065588665, -34.79846881726346], [-55.900171324506495, -34.80416661893774], [-55.89794902687048, -34.80588131888165], [-55.89803688168161, -34.8061485539856], [-55.898243456070546, -34.806300387361006], [-55.898469429079036, -34.80638769237564], [-55.89910057240538, -34.806246180164244], [-55.90207165473091, -34.80774655821922], [-55.90312704501713, -34.8065015498948], [-55.905179803314745, -34.8076164974661], [-55.90601098928674, -34.806277845351694], [-55.906487050815, -34.80645645427491], [-55.907131934901265, -34.80526226314428], [-55.907580051828575, -34.805449610413895], [-55.9083215636915, -34.80488497034362], [-55.908659687971905, -34.804767191014875], [-55.90772153232542, -34.803105252885125]]]}}, {"type": "Feature", "properties": {"cod": 337288, "dpto": 3, "secc": 37, "segm": 288, "loc": 733}, "geometry": {"type": "Polygon", "coordinates": [[[-55.99001667896556, -34.79445397662964], [-55.989995783612784, -34.79368687789533], [-55.99026981864709, -34.79310744271668], [-55.990900193659044, -34.79247252711441], [-55.992000935876874, -34.7920362939171], [-55.993123812688765, -34.792028891358036], [-55.99416369623548, -34.792378516017905], [-55.9986100047463, -34.79147018865683], [-55.99830808527119, -34.79043008627352], [-56.00149015951154, -34.78982629592981], [-56.00038759283169, -34.786096882354535], [-56.00072468446792, -34.78602838570028], [-56.0004418649247, -34.785360843749054], [-55.99930854189979, -34.784445450599364], [-55.998346853607316, -34.783823506246144], [-55.99784307081037, -34.78423279508503], [-55.99798860274495, -34.78473904422824], [-55.9961836151936, -34.78508832369561], [-55.99712000662736, -34.78808712032384], [-55.99031267901758, -34.78945389380644], [-55.99034702027599, -34.789585935385325], [-55.990241946951684, -34.78969056981449], [-55.99004090958496, -34.790258741750925], [-55.98929284918445, -34.79147131541409], [-55.9882869821629, -34.792141806412], [-55.988942092522215, -34.79468428975997], [-55.99001667896556, -34.79445397662964]]]}}, {"type": "Feature", "properties": {"cod": 337290, "dpto": 3, "secc": 37, "segm": 290, "loc": 732}, "geometry": {"type": "Polygon", "coordinates": [[[-55.97852997280131, -34.82417148425937], [-55.98343914660239, -34.812283096756246], [-55.98085258651636, -34.81082167558016], [-55.97861567503318, -34.811338649248654], [-55.97726772880875, -34.811455937102], [-55.977047247395795, -34.81230829334149], [-55.97643494909346, -34.81367734682802], [-55.97519221159492, -34.815236881391726], [-55.9763973264475, -34.82111722373708], [-55.97636054199161, -34.82165701927336], [-55.97716587307742, -34.82245555958573], [-55.97727789195473, -34.822356062674785], [-55.97674774730525, -34.82364374426658], [-55.97852997280131, -34.82417148425937]]]}}, {"type": "Feature", "properties": {"cod": 337291, "dpto": 3, "secc": 37, "segm": 291, "loc": 732}, "geometry": {"type": "Polygon", "coordinates": [[[-55.96883501587703, -34.81397232836867], [-55.96951955726041, -34.81293855282935], [-55.969998929505834, -34.81191573035165], [-55.97372202788365, -34.8015320862666], [-55.97527295561489, -34.80154888227119], [-55.97556703792256, -34.800723487763875], [-55.97365269165962, -34.80049350689573], [-55.969764320355424, -34.79755797087258], [-55.96946070986909, -34.79862667721356], [-55.96896044754947, -34.79827953630584], [-55.96820866102928, -34.797917808426874], [-55.96677827925962, -34.800118228053776], [-55.96726173984207, -34.800893707253806], [-55.96475985182313, -34.80779937571575], [-55.96630017784122, -34.80828110403149], [-55.96770686712655, -34.80885897913932], [-55.9666151635252, -34.81184745263787], [-55.96784191198017, -34.812496233110465], [-55.968507427408355, -34.81335416352508], [-55.96883501587703, -34.81397232836867]]]}}, {"type": "Feature", "properties": {"cod": 337292, "dpto": 3, "secc": 37, "segm": 292, "loc": 828}, "geometry": {"type": "Polygon", "coordinates": [[[-55.930510964141114, -34.78334787931038], [-55.92412979358909, -34.78186344370032], [-55.924909355389055, -34.78080850312251], [-55.92504059602744, -34.78076343772418], [-55.9253805552633, -34.77957704518368], [-55.92530353535729, -34.778910038766426], [-55.92461469260171, -34.776474769381345], [-55.92431080690173, -34.77639443838106], [-55.92415624364109, -34.776517085219545], [-55.923049695639, -34.77963892797355], [-55.922031319408894, -34.77947432832574], [-55.921560427179344, -34.78073298728633], [-55.918842821570536, -34.78029138921341], [-55.91713702921475, -34.78434316312696], [-55.9184555447166, -34.784628325112266], [-55.917232742051695, -34.7876889348853], [-55.92795614174288, -34.79002860735646], [-55.930510964141114, -34.78334787931038]]]}}, {"type": "Feature", "properties": {"cod": 337293, "dpto": 3, "secc": 37, "segm": 293, "loc": 828}, "geometry": {"type": "Polygon", "coordinates": [[[-55.89794902687048, -34.80588131888165], [-55.900171324506495, -34.80416661893774], [-55.901810518215136, -34.8023498684714], [-55.90049612335626, -34.801547969007586], [-55.89580964412619, -34.798984926780435], [-55.894116929197295, -34.80083995645773], [-55.89133535155859, -34.802960605005495], [-55.89147781407457, -34.803073959990456], [-55.890544955669746, -34.80445944613954], [-55.89690070855372, -34.80726337703763], [-55.89794902687048, -34.80588131888165]]]}}, {"type": "Feature", "properties": {"cod": 337325, "dpto": 3, "secc": 37, "segm": 325, "loc": 722}, "geometry": {"type": "Polygon", "coordinates": [[[-56.028219625129445, -34.87137238539153], [-56.03258874152602, -34.86662608081538], [-56.02953560614705, -34.85961421109094], [-56.02865759363709, -34.8591563911557], [-56.02786547772302, -34.8590139424916], [-56.026673493824106, -34.859051604004705], [-56.02651341625796, -34.85947647806024], [-56.02120647180368, -34.86576926261291], [-56.021759347753616, -34.86666074847273], [-56.02326343639219, -34.869538936544835], [-56.02401323439456, -34.87139278349444], [-56.02663251263315, -34.86850584909808], [-56.02824219593135, -34.87149606881954], [-56.028219625129445, -34.87137238539153]]]}}, {"type": "Feature", "properties": {"cod": 337326, "dpto": 3, "secc": 37, "segm": 326, "loc": 525}, "geometry": {"type": "Polygon", "coordinates": [[[-56.04175840358788, -34.83572244636497], [-56.050675018014296, -34.8249013286277], [-56.05153323439349, -34.82356013588966], [-56.05083717893508, -34.823438563212676], [-56.050308726235045, -34.823516372021686], [-56.0482981340231, -34.823479943244735], [-56.043897621249144, -34.82198960138674], [-56.042857139318436, -34.82124443180186], [-56.04133057162401, -34.82249976706626], [-56.041069335094114, -34.82136022970626], [-56.04096164594687, -34.8211589006646], [-56.040795732720376, -34.821181991983536], [-56.03876054007956, -34.82381007236284], [-56.03761449668466, -34.82207773363014], [-56.03438162365612, -34.818200983238086], [-56.03411321630415, -34.81768299054088], [-56.0336896448388, -34.81625589135388], [-56.0336755594091, -34.81674242850765], [-56.03350630989679, -34.816319859178314], [-56.03303925461492, -34.815995769832405], [-56.033302650485176, -34.815845390664535], [-56.032645584586284, -34.81582137490824], [-56.03199440184473, -34.81532376603251], [-56.03246513350813, -34.81733955465628], [-56.032319848486594, -34.821149685489814], [-56.03254747872978, -34.82360199988675], [-56.034589082881446, -34.83789952552919], [-56.03488191506883, -34.84389628315143], [-56.04175840358788, -34.83572244636497]]]}}, {"type": "Feature", "properties": {"cod": 337329, "dpto": 3, "secc": 37, "segm": 329, "loc": 727}, "geometry": {"type": "Polygon", "coordinates": [[[-56.00300605568939, -34.84824028099414], [-55.996210473479685, -34.851625154646854], [-55.99631910760801, -34.85163916223031], [-55.99636702658462, -34.85188565241937], [-55.99966493512578, -34.855300237630274], [-56.0017669617805, -34.85423492232595], [-56.001492648864755, -34.8539181230823], [-56.001640183885186, -34.85363825997952], [-56.00201230467975, -34.85353970860381], [-56.00255181442346, -34.85383203234844], [-56.007213514464084, -34.85151418580225], [-56.00364572542745, -34.84785377775486], [-56.00300605568939, -34.84824028099414]]]}}, {"type": "Feature", "properties": {"cod": 337336, "dpto": 3, "secc": 37, "segm": 336, "loc": 633}, "geometry": {"type": "Polygon", "coordinates": [[[-55.98322787589261, -34.84402522919768], [-55.97604798005612, -34.84951128647843], [-55.975950187690735, -34.84965924362009], [-55.979003220070695, -34.85150034893325], [-55.97958506012193, -34.85171633437649], [-55.98041681773469, -34.85189583773141], [-55.98285060983187, -34.8532185352625], [-55.98695457158411, -34.85080416155813], [-55.98675973114314, -34.85075720858662], [-55.98712734982575, -34.850537405181484], [-55.985222949293636, -34.84940690806333], [-55.98484030658254, -34.849593627968915], [-55.98399227258011, -34.84914385172888], [-55.98434486135822, -34.8488910522687], [-55.98303996139622, -34.848193206740866], [-55.98540658346024, -34.84678533197543], [-55.98359821509022, -34.84460295772625], [-55.98322787589261, -34.84402522919768]]]}}, {"type": "Feature", "properties": {"cod": 337338, "dpto": 3, "secc": 37, "segm": 338, "loc": 831}, "geometry": {"type": "Polygon", "coordinates": [[[-55.9729745409094, -34.83837216158821], [-55.96986984669833, -34.84599254549384], [-55.976417353200674, -34.84994096382329], [-55.976675796615474, -34.84913662005191], [-55.97916203241817, -34.84405434017209], [-55.977326346073845, -34.841684516092776], [-55.97657287188726, -34.84150621160243], [-55.9753279688851, -34.84150747004765], [-55.97536194815506, -34.840862600449704], [-55.976575244391285, -34.8377429067289], [-55.977048409638094, -34.837193309512955], [-55.97733996353045, -34.835281343636694], [-55.9771642457564, -34.83574557770119], [-55.976738670385906, -34.836011964146444], [-55.975907456790125, -34.836221691229014], [-55.97516975479126, -34.83634678685161], [-55.97493505878392, -34.8356924090487], [-55.97439094717931, -34.83670499165793], [-55.97352575104076, -34.836241312801526], [-55.972694105818796, -34.838240884173885], [-55.9729745409094, -34.83837216158821]]]}}, {"type": "Feature", "properties": {"cod": 337340, "dpto": 3, "secc": 37, "segm": 340, "loc": 732}, "geometry": {"type": "Polygon", "coordinates": [[[-55.969741974050756, -34.82956117608333], [-55.969944467594914, -34.829060438595235], [-55.970786411430716, -34.829704219134115], [-55.9738161303464, -34.82225253024341], [-55.97058692884869, -34.82043658807664], [-55.96726893275472, -34.8281154174383], [-55.9682756838502, -34.82863484074006], [-55.969741974050756, -34.82956117608333]]]}}, {"type": "Feature", "properties": {"cod": 337341, "dpto": 3, "secc": 37, "segm": 341, "loc": 732}, "geometry": {"type": "Polygon", "coordinates": [[[-55.963949120319306, -34.82840421826007], [-55.96442120110017, -34.826969526059536], [-55.964607053681604, -34.82540537563888], [-55.967107538331796, -34.818596434862805], [-55.964772951451444, -34.817187688479855], [-55.961410941444576, -34.815929701806105], [-55.95873715683865, -34.82356790425767], [-55.95942038439338, -34.82335256286116], [-55.95954552089768, -34.82306651894454], [-55.959581796838805, -34.82329668566003], [-55.96083392782056, -34.82289881223383], [-55.96088367069901, -34.82336569151814], [-55.96113867927779, -34.824033504903504], [-55.961826064828465, -34.82370153694315], [-55.96173359768774, -34.82577768023743], [-55.961390092234296, -34.827367966406285], [-55.961590601841536, -34.82773378283804], [-55.96232485649647, -34.82797539800286], [-55.96269837678196, -34.82768526404457], [-55.9626714537857, -34.82831855442432], [-55.96237938742713, -34.82938394776804], [-55.963116561416705, -34.82973044757952], [-55.963949120319306, -34.82840421826007]]]}}, {"type": "Feature", "properties": {"cod": 337343, "dpto": 3, "secc": 37, "segm": 343, "loc": 828}, "geometry": {"type": "Polygon", "coordinates": [[[-55.93356514867583, -34.79766153659858], [-55.92671643092547, -34.79605438736641], [-55.92665447472824, -34.79656776198387], [-55.92640139943135, -34.79735406374555], [-55.923594495572246, -34.79645428278823], [-55.92166197961934, -34.79594587194369], [-55.919627841510945, -34.800586838298706], [-55.91924769554796, -34.80067687524117], [-55.92229871795332, -34.80247036120038], [-55.92432332523452, -34.80200096973549], [-55.934135579498324, -34.800239408733965], [-55.93356514867583, -34.79766153659858]]]}}, {"type": "Feature", "properties": {"cod": 337386, "dpto": 3, "secc": 37, "segm": 386, "loc": 828}, "geometry": {"type": "Polygon", "coordinates": [[[-55.91924769554796, -34.80067687524117], [-55.91385034385395, -34.79773756195524], [-55.9061332101157, -34.79473952003004], [-55.906055227543305, -34.79625763828368], [-55.90584341106685, -34.79724174519229], [-55.90523065588665, -34.79846881726346], [-55.9070227506864, -34.79938833732082], [-55.90774296401265, -34.80020879765856], [-55.908046542101204, -34.80026192764291], [-55.90908895318202, -34.800709851104955], [-55.90780616096209, -34.802963496693096], [-55.91924769554796, -34.80067687524117]]]}}, {"type": "Feature", "properties": {"cod": 337388, "dpto": 3, "secc": 37, "segm": 388, "loc": 733}, "geometry": {"type": "Polygon", "coordinates": [[[-55.99597108999874, -34.79333301909517], [-55.996454581311184, -34.79486332542851], [-55.998174309995676, -34.79464566041424], [-55.9973411070672, -34.795094788324384], [-55.99785104904077, -34.79713811460695], [-56.00323176629363, -34.79614132393071], [-56.00283605552229, -34.794528589798915], [-56.002407704044494, -34.79335479870448], [-56.00193343348175, -34.79164775656947], [-56.00149015951154, -34.78982629592981], [-55.99830808527119, -34.79043008627352], [-55.9986100047463, -34.79147018865683], [-55.99541300995789, -34.79214538081217], [-55.99597108999874, -34.79333301909517]]]}}, {"type": "Feature", "properties": {"cod": 337390, "dpto": 3, "secc": 37, "segm": 390, "loc": 732}, "geometry": {"type": "Polygon", "coordinates": [[[-55.97565655215948, -34.80881833966676], [-55.97058692884869, -34.82043658807664], [-55.97556853459767, -34.823308513221804], [-55.97674774730525, -34.82364374426658], [-55.97727789195473, -34.822356062674785], [-55.97716587307742, -34.82245555958573], [-55.97636054199161, -34.82165701927336], [-55.9763973264475, -34.82111722373708], [-55.97519221159492, -34.815236881391726], [-55.97643494909346, -34.81367734682802], [-55.97676221783485, -34.81306374068412], [-55.97781726314958, -34.810018438464695], [-55.97667798939416, -34.80967174551981], [-55.97565655215948, -34.80881833966676]]]}}, {"type": "Feature", "properties": {"cod": 337391, "dpto": 3, "secc": 37, "segm": 391, "loc": 732}, "geometry": {"type": "Polygon", "coordinates": [[[-55.97780650928079, -34.800995017335445], [-55.97556703792256, -34.800723487763875], [-55.97527295561489, -34.80154888227119], [-55.97372202788365, -34.8015320862666], [-55.969998929505834, -34.81191573035165], [-55.96951955726041, -34.81293855282935], [-55.96883501587703, -34.81397232836867], [-55.96912560920795, -34.8149185909524], [-55.96930936263309, -34.81592433420564], [-55.967150351081976, -34.81847826911499], [-55.967107538331796, -34.818596434862805], [-55.969735126981504, -34.819911226544995], [-55.97058692884869, -34.82043658807664], [-55.97852763775873, -34.802231528226784], [-55.97895023032807, -34.80105177246585], [-55.97780650928079, -34.800995017335445]]]}}, {"type": "Feature", "properties": {"cod": 337392, "dpto": 3, "secc": 37, "segm": 392, "loc": 828}, "geometry": {"type": "Polygon", "coordinates": [[[-55.9184555447166, -34.784628325112266], [-55.90742603700501, -34.78216017581127], [-55.90388996419558, -34.7756866121447], [-55.90367568439059, -34.776091665050586], [-55.90343410853391, -34.77630800473209], [-55.90346, -34.77658], [-55.90030464065386, -34.78021967031555], [-55.90008497305204, -34.781127367477374], [-55.899885095297755, -34.781316987785026], [-55.89983452597505, -34.78148520364641], [-55.89958471174031, -34.78167295435642], [-55.8994790144281, -34.781940332498664], [-55.898898308859486, -34.78266929484138], [-55.89847193956737, -34.782969084403575], [-55.89765768503497, -34.78327290284338], [-55.89701, -34.78402], [-55.896115908544104, -34.78442778791919], [-55.89532821871682, -34.78495144925811], [-55.89434197797996, -34.7852368633765], [-55.89066913784919, -34.786912016208554], [-55.89396376078297, -34.788763233917564], [-55.89568242043269, -34.788975598695174], [-55.89766540899772, -34.78906391731757], [-55.900015974886294, -34.78896470718868], [-55.90321520770815, -34.78850343572064], [-55.908984720301994, -34.787212088767504], [-55.9119099740347, -34.78665522144295], [-55.913174871639, -34.78672678628427], [-55.917232742051695, -34.7876889348853], [-55.9184555447166, -34.784628325112266]]]}}, {"type": "Feature", "properties": {"cod": 337393, "dpto": 3, "secc": 37, "segm": 393, "loc": 828}, "geometry": {"type": "Polygon", "coordinates": [[[-55.89580964412619, -34.798984926780435], [-55.90049612335626, -34.801547969007586], [-55.901810518215136, -34.8023498684714], [-55.90523065588665, -34.79846881726346], [-55.90584341106685, -34.79724174519229], [-55.906055227543305, -34.79625763828368], [-55.9061332101157, -34.79473952003004], [-55.901332680962845, -34.79289181858674], [-55.89580964412619, -34.798984926780435]]]}}, {"type": "Feature", "properties": {"cod": 337425, "dpto": 3, "secc": 37, "segm": 425, "loc": 722}, "geometry": {"type": "Polygon", "coordinates": [[[-56.03488191506883, -34.84389628315143], [-56.019276970353964, -34.86174555285809], [-56.020141777032535, -34.863802561000085], [-56.02120647180368, -34.86576926261291], [-56.02651341625796, -34.85947647806024], [-56.026673493824106, -34.859051604004705], [-56.02786547772302, -34.8590139424916], [-56.02865759363709, -34.8591563911557], [-56.02953560614705, -34.85961421109094], [-56.03258874152602, -34.86662608081538], [-56.03347996467938, -34.8688667557651], [-56.034256685340594, -34.87164601941753], [-56.034014640666896, -34.86956139241192], [-56.03399355684062, -34.86791033127532], [-56.03488191506883, -34.84389628315143]]]}}, {"type": "Feature", "properties": {"cod": 337426, "dpto": 3, "secc": 37, "segm": 426, "loc": 525}, "geometry": {"type": "Polygon", "coordinates": [[[-56.04584825716303, -34.840064640946615], [-56.04319512107832, -34.83399987609901], [-56.039777076524004, -34.838107418079254], [-56.04147122482771, -34.84431962701624], [-56.041231148048254, -34.84457912561108], [-56.045057773819465, -34.858181566739944], [-56.050806045736756, -34.85157135595155], [-56.04771419078642, -34.844652976584804], [-56.04584825716303, -34.840064640946615]]]}}, {"type": "Feature", "properties": {"cod": 337429, "dpto": 3, "secc": 37, "segm": 429, "loc": 727}, "geometry": {"type": "Polygon", "coordinates": [[[-56.000542194663666, -34.85615777844215], [-55.99636702658462, -34.85188565241937], [-55.99631910760801, -34.85163916223031], [-55.996210473479685, -34.851625154646854], [-55.98767556920389, -34.856034344202335], [-55.992844660264986, -34.858641000958784], [-55.99657214579307, -34.856618826919], [-55.99800502370132, -34.85751860551055], [-56.000542194663666, -34.85615777844215]]]}}, {"type": "Feature", "properties": {"cod": 337440, "dpto": 3, "secc": 37, "segm": 440, "loc": 732}, "geometry": {"type": "Polygon", "coordinates": [[[-55.97561733508535, -34.823313773185404], [-55.9738161303464, -34.82225253024341], [-55.9683857189626, -34.83565690973804], [-55.97007564350235, -34.83655775187659], [-55.971123256459286, -34.83722896585772], [-55.97674774730525, -34.82364374426658], [-55.97561733508535, -34.823313773185404]]]}}, {"type": "Feature", "properties": {"cod": 337441, "dpto": 3, "secc": 37, "segm": 441, "loc": 732}, "geometry": {"type": "Polygon", "coordinates": [[[-55.96521155298806, -34.83286302025187], [-55.97058692884869, -34.82043658807664], [-55.969735126981504, -34.819911226544995], [-55.967107538331796, -34.818596434862805], [-55.964607053681604, -34.82540537563888], [-55.96442120110017, -34.826969526059536], [-55.963949120319306, -34.82840421826007], [-55.963116561416705, -34.82973044757952], [-55.964050995863055, -34.83021298641929], [-55.964807641651326, -34.8293029270625], [-55.965465451249635, -34.82881577287455], [-55.96423447594045, -34.832412140872165], [-55.96511822164704, -34.83175426722822], [-55.96521155298806, -34.83286302025187]]]}}, {"type": "Feature", "properties": {"cod": 337443, "dpto": 3, "secc": 37, "segm": 443, "loc": 828}, "geometry": {"type": "Polygon", "coordinates": [[[-55.92528979924815, -34.79699608257588], [-55.92795614174288, -34.79002860735646], [-55.917232742051695, -34.7876889348853], [-55.913174871639, -34.78672678628427], [-55.9119099740347, -34.78665522144295], [-55.91124655582086, -34.786736569130646], [-55.90321520770815, -34.78850343572064], [-55.900015974886294, -34.78896470718868], [-55.89766540899772, -34.78906391731757], [-55.89568242043269, -34.788975598695174], [-55.89396376078297, -34.788763233917564], [-55.89603413165633, -34.79009910622334], [-55.901332680962845, -34.79289181858674], [-55.91385034385395, -34.79773756195524], [-55.91924769554796, -34.80067687524117], [-55.919627841510945, -34.800586838298706], [-55.92166197961934, -34.79594587194369], [-55.92528979924815, -34.79699608257588]]]}}, {"type": "Feature", "properties": {"cod": 337486, "dpto": 3, "secc": 37, "segm": 486, "loc": 828}, "geometry": {"type": "Polygon", "coordinates": [[[-55.921903700280545, -34.80219014491486], [-55.91924769554796, -34.80067687524117], [-55.91085668655934, -34.80235364944511], [-55.91177109763409, -34.80403857915618], [-55.91245535470372, -34.80509108795492], [-55.91288177003858, -34.805574142649085], [-55.91344870322909, -34.80589796451815], [-55.91401065755051, -34.806350335082094], [-55.914350791517094, -34.80675712520507], [-55.914558176502936, -34.80726999181997], [-55.914595006740655, -34.80790270656189], [-55.91451960632023, -34.80820951493374], [-55.91339254149024, -34.81100765179309], [-55.9129775416988, -34.81124139699995], [-55.91455400696536, -34.813688962427584], [-55.914822277649684, -34.81383131613696], [-55.92426835603128, -34.8036660538548], [-55.921903700280545, -34.80219014491486]]]}}, {"type": "Feature", "properties": {"cod": 337493, "dpto": 3, "secc": 37, "segm": 493, "loc": 828}, "geometry": {"type": "Polygon", "coordinates": [[[-55.89832628578934, -34.79623274802907], [-55.901332680962845, -34.79289181858674], [-55.89603413165633, -34.79009910622334], [-55.89301433098839, -34.788229532066254], [-55.89288513342104, -34.78854731335223], [-55.892626057659854, -34.78882186543117], [-55.89212720811302, -34.78905456487913], [-55.890631893259986, -34.78935797068185], [-55.890192240011835, -34.789757486668655], [-55.89007752548978, -34.790139077742246], [-55.890018584541004, -34.79128611896774], [-55.88568333013041, -34.796225534085636], [-55.887267811668764, -34.79713597716004], [-55.89832628578934, -34.79623274802907]]]}}, {"type": "Feature", "properties": {"cod": 337526, "dpto": 3, "secc": 37, "segm": 526, "loc": 525}, "geometry": {"type": "Polygon", "coordinates": [[[-56.0411469757491, -34.866780335372155], [-56.041578007538725, -34.86595420024613], [-56.04199615460951, -34.864591486997504], [-56.042386474146745, -34.86432045959002], [-56.04272490041578, -34.86429019632109], [-56.04294955983394, -34.86441313518344], [-56.04375234577202, -34.865002838268914], [-56.04385443806478, -34.865173497882445], [-56.04437369983245, -34.8651231448094], [-56.04484268662427, -34.864913393098334], [-56.04610455654735, -34.8639566268551], [-56.0467262539065, -34.86419554486149], [-56.04684051432823, -34.8644132700006], [-56.041231148048254, -34.84457912561108], [-56.04147122482771, -34.84431962701624], [-56.039777076524004, -34.838107418079254], [-56.035163137575935, -34.84357185211976], [-56.03506813069883, -34.846413954481974], [-56.03583813295629, -34.84880621158289], [-56.03749754229833, -34.8548476715596], [-56.04099617931027, -34.86692549014571], [-56.0411469757491, -34.866780335372155]]]}}, {"type": "Feature", "properties": {"cod": 337529, "dpto": 3, "secc": 37, "segm": 529, "loc": 727}, "geometry": {"type": "Polygon", "coordinates": [[[-56.002701330824856, -34.85841722758501], [-56.00169437127835, -34.8572793007691], [-56.000542194663666, -34.85615777844215], [-55.99800502370132, -34.85751860551055], [-55.99657214579307, -34.856618826919], [-55.992844660264986, -34.858641000958784], [-55.98767556920389, -34.856034344202335], [-55.98716541486538, -34.85642249135867], [-55.99714833784331, -34.86244260849081], [-55.99776777848379, -34.86269291660316], [-55.999098925005605, -34.863485895333866], [-55.99946908688714, -34.863797404678344], [-56.00106724494925, -34.86480587222227], [-56.002928379594806, -34.86371007670547], [-56.00297812975973, -34.86374577928585], [-56.006246673174324, -34.86206882653707], [-56.002701330824856, -34.85841722758501]]]}}, {"type": "Feature", "properties": {"cod": 337593, "dpto": 3, "secc": 37, "segm": 593, "loc": 828}, "geometry": {"type": "Polygon", "coordinates": [[[-55.88469955412001, -34.80188066400055], [-55.88735359182396, -34.79713060167469], [-55.88568333013041, -34.796225534085636], [-55.890018584541004, -34.79128611896774], [-55.89007752548978, -34.790139077742246], [-55.890192240011835, -34.789757486668655], [-55.890631893259986, -34.78935797068185], [-55.89212720811302, -34.78905456487913], [-55.892626057659854, -34.78882186543117], [-55.89288513342104, -34.78854731335223], [-55.89301433098839, -34.788229532066254], [-55.89066913784919, -34.786912016208554], [-55.888162511766325, -34.78805526819669], [-55.88680931914096, -34.7891518039578], [-55.885220307790654, -34.79024214683921], [-55.88437347283836, -34.790597658883485], [-55.88321397764309, -34.79126621276994], [-55.882857720582656, -34.79161228994933], [-55.88244872117514, -34.791853844415705], [-55.878491352127334, -34.79304704269575], [-55.877141938532425, -34.79339637114558], [-55.87623899662823, -34.793493487514844], [-55.87526, -34.79394], [-55.87460358426338, -34.794051837955124], [-55.87381063728165, -34.79432472961389], [-55.871838398083305, -34.79537514998116], [-55.869314438342066, -34.796247349120634], [-55.86778795103057, -34.79640225031667], [-55.86690199858367, -34.79632886065772], [-55.86626832533359, -34.796395025996674], [-55.8664194879336, -34.79668866421792], [-55.88293, -34.8011], [-55.88469955412001, -34.80188066400055]]]}}, {"type": "Feature", "properties": {"cod": 403108, "dpto": 4, "secc": 3, "segm": 108, "loc": 949}, "geometry": {"type": "Polygon", "coordinates": [[[-53.25719376964747, -32.74256327645025], [-53.258073377420885, -32.741974980800684], [-53.25804089908356, -32.74189722030685], [-53.2594650809028, -32.739327274729895], [-53.262460142468605, -32.73430373336378], [-53.25998938762343, -32.73275824768379], [-53.25470660365695, -32.737705626685354], [-53.25711, -32.74217], [-53.25719376964747, -32.74256327645025]]]}}, {"type": "Feature", "properties": {"cod": 403208, "dpto": 4, "secc": 3, "segm": 208, "loc": 949}, "geometry": {"type": "Polygon", "coordinates": [[[-53.25979967347473, -32.73876977548368], [-53.262049758093816, -32.740351508440135], [-53.260696679031305, -32.74157521774371], [-53.2642900192893, -32.744093956236924], [-53.266907725715825, -32.74166469226342], [-53.26754809411554, -32.74211558792687], [-53.2701008849618, -32.739732521354], [-53.262460142468605, -32.73430373336378], [-53.25979967347473, -32.73876977548368]]]}}, {"type": "Feature", "properties": {"cod": 403308, "dpto": 4, "secc": 3, "segm": 308, "loc": 949}, "geometry": {"type": "Polygon", "coordinates": [[[-53.2579556881493, -32.74614028331144], [-53.25908302244085, -32.7453501510484], [-53.25934093530371, -32.746255997394385], [-53.260225528331475, -32.74542369358713], [-53.263141693058174, -32.74751289349967], [-53.26316572972579, -32.74738527835574], [-53.266891808356135, -32.743896167513675], [-53.26619207680673, -32.7433746482302], [-53.26754809411554, -32.74211558792687], [-53.266907725715825, -32.74166469226342], [-53.2642900192893, -32.744093956236924], [-53.260696679031305, -32.74157521774371], [-53.262049758093816, -32.740351508440135], [-53.25979967347473, -32.73876977548368], [-53.25804089908356, -32.74189722030685], [-53.258073377420885, -32.741974980800684], [-53.25719376964747, -32.74256327645025], [-53.2579556881493, -32.74614028331144]]]}}, {"type": "Feature", "properties": {"cod": 403408, "dpto": 4, "secc": 3, "segm": 408, "loc": 949}, "geometry": {"type": "Polygon", "coordinates": [[[-53.262494241138874, -32.75077401497062], [-53.26234904039866, -32.75064007600792], [-53.262048185388124, -32.749624628810565], [-53.263757837569656, -32.74804534239071], [-53.26316780949841, -32.74761546813564], [-53.263141693058174, -32.74751289349967], [-53.260225528331475, -32.74542369358713], [-53.25934093530371, -32.746255997394385], [-53.25908302244085, -32.7453501510484], [-53.2579556881493, -32.74614028331144], [-53.25901, -32.75109], [-53.262653123295394, -32.751345931080614], [-53.262494241138874, -32.75077401497062]]]}}, {"type": "Feature", "properties": {"cod": 405102, "dpto": 4, "secc": 5, "segm": 102, "loc": 821}, "geometry": {"type": "Polygon", "coordinates": [[[-54.158791508605674, -31.875240382527387], [-54.158430974340426, -31.87539231357627], [-54.15840390060791, -31.87549590030543], [-54.15782712705013, -31.875913414916944], [-54.1578559798726, -31.87598686327869], [-54.15766145082539, -31.876244258977568], [-54.15740415503633, -31.876450336207384], [-54.15722688176491, -31.876915015457367], [-54.15735945822652, -31.877542327354085], [-54.15761084239999, -31.8779377376073], [-54.157563259846704, -31.878043126191205], [-54.15785525209081, -31.878251496866643], [-54.157879954822846, -31.878350534642482], [-54.1603211860302, -31.880122327153657], [-54.16672965825199, -31.876453348956794], [-54.16663399104874, -31.876164513183763], [-54.1661234783168, -31.87554507809268], [-54.16270143011674, -31.877686523804545], [-54.160272704891995, -31.875900968634287], [-54.16007156946685, -31.87563406292856], [-54.16003363677578, -31.87542859600057], [-54.160104267283515, -31.875118766311505], [-54.15877202810173, -31.87517249416964], [-54.158791508605674, -31.875240382527387]]]}}, {"type": "Feature", "properties": {"cod": 405202, "dpto": 4, "secc": 5, "segm": 202, "loc": 821}, "geometry": {"type": "Polygon", "coordinates": [[[-54.160104267283515, -31.875118766311505], [-54.16003363677578, -31.87542859600057], [-54.16007156946685, -31.87563406292856], [-54.160272704891995, -31.875900968634287], [-54.16270143011674, -31.877686523804545], [-54.16753019797071, -31.87465609454232], [-54.167359869554524, -31.874512915102933], [-54.16701787226835, -31.873859833266927], [-54.16708301497653, -31.873771846233364], [-54.166488573390154, -31.872603191892612], [-54.16563609025048, -31.87145720847687], [-54.17019356743285, -31.868842782623695], [-54.1677336014858, -31.86718650805958], [-54.16269557104747, -31.870064514655308], [-54.16190578241359, -31.87060205532501], [-54.162124580445116, -31.87069670422476], [-54.16153263963684, -31.870957407343376], [-54.15903045191011, -31.874144092199113], [-54.15861806835624, -31.875179740240878], [-54.160104267283515, -31.875118766311505]]]}}, {"type": "Feature", "properties": {"cod": 504011, "dpto": 5, "secc": 4, "segm": 11, "loc": 962}, "geometry": {"type": "Polygon", "coordinates": [[[-57.25371182389301, -34.43601282038741], [-57.25289029636945, -34.4261259595241], [-57.25089446631071, -34.425873791743236], [-57.251556450698054, -34.42772160905048], [-57.25019387799198, -34.427504765218806], [-57.25038421064433, -34.43069802074719], [-57.24980342099072, -34.430591849089744], [-57.249662215494965, -34.43264287918807], [-57.249852635671914, -34.433399304336874], [-57.24974019334785, -34.43412897023993], [-57.24997182226659, -34.435345550161614], [-57.249909171661784, -34.43617401252582], [-57.25021730814571, -34.43620735141473], [-57.25106281854017, -34.436062054248524], [-57.25176388038789, -34.43625012150791], [-57.252836577503224, -34.43614191760211], [-57.25348542416703, -34.43598720051348], [-57.25371182389301, -34.43601282038741]]]}}, {"type": "Feature", "properties": {"cod": 504013, "dpto": 5, "secc": 4, "segm": 13, "loc": 959}, "geometry": {"type": "Polygon", "coordinates": [[[-57.25978716942349, -34.43653214521768], [-57.26211909477844, -34.4359229114252], [-57.26311573862813, -34.43521561153022], [-57.26357966581957, -34.4350808481366], [-57.26472567827254, -34.435105324212415], [-57.26560023290369, -34.43547905118999], [-57.26604936439493, -34.43546521340212], [-57.26733653528948, -34.43574885484433], [-57.26768255468291, -34.43296208638093], [-57.26164079249842, -34.43297611485559], [-57.260676252176225, -34.433836299318585], [-57.26008981201525, -34.434058640196454], [-57.25978716942349, -34.43653214521768]]]}}, {"type": "Feature", "properties": {"cod": 504101, "dpto": 5, "secc": 4, "segm": 101, "loc": 621}, "geometry": {"type": "Polygon", "coordinates": [[[-57.27427728890791, -34.343888300217536], [-57.26273331114358, -34.35129102482941], [-57.26473491920819, -34.353034978226326], [-57.26962204308344, -34.34991633933072], [-57.27628000416838, -34.35565512692244], [-57.280700423572945, -34.35266885042997], [-57.28009714680152, -34.35216692906206], [-57.28138226996402, -34.35133129419065], [-57.2800811206216, -34.35023016645377], [-57.27870898581433, -34.35109914558991], [-57.27402311704381, -34.34710588798509], [-57.276289706943736, -34.345646301973254], [-57.27427728890791, -34.343888300217536]]]}}, {"type": "Feature", "properties": {"cod": 504102, "dpto": 5, "secc": 4, "segm": 102, "loc": 621}, "geometry": {"type": "Polygon", "coordinates": [[[-57.25837586428719, -34.33697571294837], [-57.261937664237465, -34.34004004058862], [-57.2686035593238, -34.33590844500361], [-57.272445715517144, -34.33550738506368], [-57.27205121417575, -34.33535935344874], [-57.26423702470905, -34.32846130042546], [-57.263467891345535, -34.327661698538066], [-57.26044098805393, -34.3294719476659], [-57.26308890760558, -34.331941545063586], [-57.26196866023739, -34.335726286430926], [-57.26213815894819, -34.33658479216236], [-57.25837586428719, -34.33697571294837]]]}}, {"type": "Feature", "properties": {"cod": 504201, "dpto": 5, "secc": 4, "segm": 201, "loc": 621}, "geometry": {"type": "Polygon", "coordinates": [[[-57.26977378533884, -34.346805887723846], [-57.27875773172996, -34.341081160113156], [-57.272445715517144, -34.33550738506368], [-57.2686035593238, -34.33590844500361], [-57.261937664237465, -34.34004004058862], [-57.26362418447174, -34.34147175237387], [-57.2648079513651, -34.34259337943454], [-57.26977378533884, -34.346805887723846]]]}}, {"type": "Feature", "properties": {"cod": 504202, "dpto": 5, "secc": 4, "segm": 202, "loc": 621}, "geometry": {"type": "Polygon", "coordinates": [[[-57.252113812022955, -34.340270303657704], [-57.256028039352756, -34.34375549296158], [-57.261937664237465, -34.34004004058862], [-57.25837586428719, -34.33697571294837], [-57.25174186665096, -34.33766646405824], [-57.252176822661184, -34.3399977141907], [-57.25205841074139, -34.34000356347297], [-57.252113812022955, -34.340270303657704]]]}}, {"type": "Feature", "properties": {"cod": 504301, "dpto": 5, "secc": 4, "segm": 301, "loc": 621}, "geometry": {"type": "Polygon", "coordinates": [[[-57.26977378533884, -34.346805887723846], [-57.2648079513651, -34.34259337943454], [-57.26362418447174, -34.34147175237387], [-57.261937664237465, -34.34004004058862], [-57.256028039352756, -34.34375549296158], [-57.26377155684453, -34.35062776673454], [-57.26977378533884, -34.346805887723846]]]}}, {"type": "Feature", "properties": {"cod": 504302, "dpto": 5, "secc": 4, "segm": 302, "loc": 621}, "geometry": {"type": "Polygon", "coordinates": [[[-57.26044098805393, -34.3294719476659], [-57.24881595498019, -34.3366746420384], [-57.246101533920225, -34.33825107580727], [-57.26213815894819, -34.33658479216236], [-57.26196866023739, -34.335726286430926], [-57.26308890760558, -34.331941545063586], [-57.26044098805393, -34.3294719476659]]]}}, {"type": "Feature", "properties": {"cod": 507101, "dpto": 5, "secc": 7, "segm": 101, "loc": 721}, "geometry": {"type": "Polygon", "coordinates": [[[-58.03065357224856, -34.163844494250476], [-58.027168798985706, -34.16342623540499], [-58.026860192327845, -34.164475612451874], [-58.026759489863245, -34.16549981304911], [-58.02737637461336, -34.165979655702195], [-58.02794998399921, -34.166095541243685], [-58.02948627028778, -34.16585903640025], [-58.03044936670533, -34.16548353533738], [-58.03087964655006, -34.16556463952857], [-58.031473781723506, -34.16595125458584], [-58.03188333986699, -34.16641017096395], [-58.03258680843151, -34.16699275514953], [-58.03269662662108, -34.167150033176604], [-58.032703519252514, -34.16787604893477], [-58.03707447534564, -34.166411287722404], [-58.0360539033571, -34.16372773010321], [-58.03596606203804, -34.16372535941232], [-58.03589050112969, -34.16274277144729], [-58.03481990792072, -34.162775704104824], [-58.03450128519938, -34.16207218839546], [-58.0338230112656, -34.16266385133948], [-58.03272570563575, -34.16291986897733], [-58.03065357224856, -34.163844494250476]]]}}, {"type": "Feature", "properties": {"cod": 507201, "dpto": 5, "secc": 7, "segm": 201, "loc": 721}, "geometry": {"type": "Polygon", "coordinates": [[[-58.030191262886106, -34.163777982198305], [-58.03065357224856, -34.163844494250476], [-58.03272570563575, -34.16291986897733], [-58.0338230112656, -34.16266385133948], [-58.03508243626529, -34.16158610017132], [-58.03438863479878, -34.16086479354275], [-58.03232133617759, -34.16140351246163], [-58.03144892849695, -34.15836882977416], [-58.02927607196221, -34.157144411951634], [-58.02854453280011, -34.15815912709971], [-58.03015164126558, -34.15928345379411], [-58.030542418160195, -34.15869948834621], [-58.03135940356431, -34.16105321519612], [-58.03058942377148, -34.16131806681312], [-58.030703428406824, -34.161784463256666], [-58.030191262886106, -34.163777982198305]]]}}, {"type": "Feature", "properties": {"cod": 507301, "dpto": 5, "secc": 7, "segm": 301, "loc": 721}, "geometry": {"type": "Polygon", "coordinates": [[[-58.029115200612395, -34.15086307562294], [-58.02724420875437, -34.151036512228046], [-58.027277003655726, -34.154156479695025], [-58.031022077599054, -34.154195852440786], [-58.03096547076917, -34.151067451204746], [-58.029115200612395, -34.15086307562294]]]}}, {"type": "Feature", "properties": {"cod": 512109, "dpto": 5, "secc": 12, "segm": 109, "loc": 979}, "geometry": {"type": "Polygon", "coordinates": [[[-57.58981575628544, -34.4241327045704], [-57.590156494769076, -34.424122557669904], [-57.59077586000382, -34.4243510480229], [-57.59189853790396, -34.4243881762377], [-57.591997336489705, -34.424467221292154], [-57.59247004872666, -34.42447764341693], [-57.59286642543437, -34.42461674258577], [-57.593160225419325, -34.424544741605835], [-57.59359652573449, -34.42481265487145], [-57.59420735768668, -34.42495355787652], [-57.594720200389915, -34.425258245392406], [-57.59478061317716, -34.425362842132955], [-57.595352330858695, -34.42561776060652], [-57.596589542931895, -34.425920193993726], [-57.59743849656308, -34.42625936997995], [-57.597647595478264, -34.4258091063295], [-57.59713313440289, -34.42560392632298], [-57.597356804370435, -34.42535081285454], [-57.59770804841271, -34.42549418312544], [-57.59959435849906, -34.42223604724048], [-57.59492824397276, -34.42046990699542], [-57.59231951862649, -34.42003226109098], [-57.591792992963974, -34.42211319361374], [-57.590429953122104, -34.42190010319214], [-57.58981575628544, -34.4241327045704]]]}}, {"type": "Feature", "properties": {"cod": 512209, "dpto": 5, "secc": 12, "segm": 209, "loc": 979}, "geometry": {"type": "Polygon", "coordinates": [[[-57.58666496851147, -34.4135469927738], [-57.58641194054497, -34.4145754411268], [-57.58640600171564, -34.415216147116645], [-57.5864545378796, -34.415597832184794], [-57.586800217929536, -34.41671317392731], [-57.58671333672215, -34.417107853833976], [-57.58623744752199, -34.41746191194088], [-57.58572084642353, -34.41761015452402], [-57.58532905715199, -34.41784594001834], [-57.58459457653835, -34.41802576100731], [-57.58439901306725, -34.418265075516075], [-57.584131286453555, -34.4190962061091], [-57.5841489741427, -34.420938067789045], [-57.583670717353755, -34.42189943568934], [-57.58263213830924, -34.42274835851759], [-57.582450858511066, -34.423273245156246], [-57.58251606689251, -34.423499020845675], [-57.58258901863733, -34.423569372735386], [-57.58365329644229, -34.42373348068548], [-57.58442394197168, -34.423550237205944], [-57.58501650403117, -34.423527218693955], [-57.58562571756861, -34.42376762925842], [-57.58616102306454, -34.42369487222936], [-57.586916989613265, -34.423899296190335], [-57.5876069594471, -34.4238009430849], [-57.587773332736546, -34.423917611086914], [-57.588623095408046, -34.42391444995204], [-57.58981575628544, -34.4241327045704], [-57.590429953122104, -34.42190010319214], [-57.591792992963974, -34.42211319361374], [-57.59231951862649, -34.42003226109098], [-57.5879080499311, -34.41931282192256], [-57.58935185466055, -34.41392190536912], [-57.58666496851147, -34.4135469927738]]]}}, {"type": "Feature", "properties": {"cod": 512309, "dpto": 5, "secc": 12, "segm": 309, "loc": 979}, "geometry": {"type": "Polygon", "coordinates": [[[-57.59357537519823, -34.42024471487647], [-57.59492824397276, -34.42046990699542], [-57.59959435849906, -34.42223604724048], [-57.60219411680467, -34.41774006128496], [-57.59925418352532, -34.415633954949634], [-57.59901324011891, -34.41554644256727], [-57.596822505781816, -34.414042818064026], [-57.596267726007504, -34.41496723027107], [-57.5956439413751, -34.41452966957462], [-57.59529170084135, -34.41456300364103], [-57.5949542188161, -34.414959120626776], [-57.59357537519823, -34.42024471487647]]]}}, {"type": "Feature", "properties": {"cod": 512409, "dpto": 5, "secc": 12, "segm": 409, "loc": 979}, "geometry": {"type": "Polygon", "coordinates": [[[-57.5879080499311, -34.41931282192256], [-57.59357537519823, -34.42024471487647], [-57.59474596215157, -34.41575744192603], [-57.594029511389145, -34.41524533845718], [-57.59406387047164, -34.41517579078511], [-57.593024877219456, -34.41452347773419], [-57.591355932821955, -34.414328197237545], [-57.58935185466055, -34.41392190536912], [-57.5879080499311, -34.41931282192256]]]}}, {"type": "Feature", "properties": {"cod": 514002, "dpto": 5, "secc": 14, "segm": 2, "loc": 323}, "geometry": {"type": "Polygon", "coordinates": [[[-57.43444107339175, -34.42694268575737], [-57.43921537534491, -34.43178314770754], [-57.440673641673456, -34.43176995969844], [-57.441803941180865, -34.431643843949985], [-57.44268553010082, -34.43166256012268], [-57.442854113608504, -34.43178592229184], [-57.44393637513532, -34.430064997234446], [-57.445444442776406, -34.427431347243065], [-57.44468892173737, -34.42725092222868], [-57.44369386722803, -34.427366966958644], [-57.44215580606711, -34.42660544714464], [-57.43973230184906, -34.42650262266473], [-57.43777729223746, -34.42627081956141], [-57.43647565490144, -34.426398484861515], [-57.43536299497333, -34.4263015015037], [-57.434962911723225, -34.42611800712077], [-57.43444107339175, -34.42694268575737]]]}}, {"type": "Feature", "properties": {"cod": 514004, "dpto": 5, "secc": 14, "segm": 4, "loc": 323}, "geometry": {"type": "Polygon", "coordinates": [[[-57.43023807935901, -34.43525078300491], [-57.43038547245822, -34.438867685597124], [-57.4305894978517, -34.43904396006289], [-57.43275500513551, -34.439692759658136], [-57.43374920249298, -34.439621397664155], [-57.434188515106065, -34.43969763651459], [-57.434501995616515, -34.43990874810575], [-57.43462903394594, -34.44023729451747], [-57.43490497288874, -34.440484282500826], [-57.436493423955255, -34.440675015752376], [-57.43690483647175, -34.44088871909699], [-57.43945, -34.44116], [-57.439445737977664, -34.4412511007275], [-57.44102120067591, -34.44142719364886], [-57.44127640012509, -34.441513945500134], [-57.441543275195436, -34.44214423368728], [-57.441719518905316, -34.44229810159979], [-57.44501103073028, -34.44149691189976], [-57.445006798009906, -34.44127525562972], [-57.4455894502487, -34.44116716669958], [-57.44412918869901, -34.440325823952406], [-57.4437501511664, -34.44052917682872], [-57.443493267250254, -34.44051365904841], [-57.44307118201501, -34.44022331777263], [-57.44282062080204, -34.43994041836299], [-57.44266904869107, -34.43961209382551], [-57.442561543680405, -34.43898036435582], [-57.442620309893854, -34.4385697807313], [-57.44199709328724, -34.43849520500189], [-57.43927876171737, -34.43998144258714], [-57.43913844663327, -34.440214354073184], [-57.436530676296364, -34.439614084008426], [-57.43601486816336, -34.439146470769955], [-57.435710238821514, -34.438561053963134], [-57.43567613585948, -34.43792866067308], [-57.43465177300974, -34.43772397807004], [-57.4345695487319, -34.434463015382654], [-57.43421200112202, -34.43455530868656], [-57.43397459072644, -34.434753561348295], [-57.43283423387294, -34.43479056323378], [-57.43286334619462, -34.435111147300255], [-57.43023807935901, -34.43525078300491]]]}}, {"type": "Feature", "properties": {"cod": 514005, "dpto": 5, "secc": 14, "segm": 5, "loc": 323}, "geometry": {"type": "Polygon", "coordinates": [[[-57.4345695487319, -34.434463015382654], [-57.43465177300974, -34.43772397807004], [-57.43567613585948, -34.43792866067308], [-57.435710238821514, -34.438561053963134], [-57.43601486816336, -34.439146470769955], [-57.436530676296364, -34.439614084008426], [-57.43913844663327, -34.440214354073184], [-57.43927876171737, -34.43998144258714], [-57.44199709328724, -34.43849520500189], [-57.439412002215064, -34.43589857202685], [-57.43910162505028, -34.436070650566634], [-57.43585541029909, -34.43293635461829], [-57.43532042115023, -34.43327988118352], [-57.4354509151784, -34.43449957450859], [-57.4345695487319, -34.434463015382654]]]}}, {"type": "Feature", "properties": {"cod": 514101, "dpto": 5, "secc": 14, "segm": 101, "loc": 323}, "geometry": {"type": "Polygon", "coordinates": [[[-57.445444442776406, -34.427431347243065], [-57.442854113608504, -34.43178592229184], [-57.44281045860929, -34.43208033046976], [-57.44437471791391, -34.43121953560561], [-57.445021155834795, -34.431855384160166], [-57.44545631198356, -34.431592972311506], [-57.44676736216571, -34.43159010865982], [-57.44749252159338, -34.4314943457373], [-57.448642627508335, -34.43163967075011], [-57.448935527232514, -34.43108922959265], [-57.44919894660499, -34.4308283708293], [-57.44939754612977, -34.430719674013346], [-57.449894245990045, -34.43066801956036], [-57.45277964776621, -34.428428036602554], [-57.45078643656773, -34.42691061322041], [-57.45001937622931, -34.42670374867289], [-57.44905012485571, -34.42676589207457], [-57.44852061456299, -34.426877726598725], [-57.448019013847556, -34.426846580929045], [-57.44643654346545, -34.427440216000974], [-57.44610458285701, -34.427487748035], [-57.445444442776406, -34.427431347243065]]]}}, {"type": "Feature", "properties": {"cod": 514103, "dpto": 5, "secc": 14, "segm": 103, "loc": 323}, "geometry": {"type": "Polygon", "coordinates": [[[-57.431691294721126, -34.43183335166838], [-57.43278610917773, -34.43216213890626], [-57.43397363990679, -34.43220477718638], [-57.43882070470973, -34.431893617753595], [-57.43921537534491, -34.43178314770754], [-57.43123324748573, -34.42373667875831], [-57.43081304621683, -34.423375101644496], [-57.43022925852362, -34.423193268615066], [-57.429519642057, -34.42314616321987], [-57.4299109854273, -34.43146623391581], [-57.431691294721126, -34.43183335166838]]]}}, {"type": "Feature", "properties": {"cod": 514106, "dpto": 5, "secc": 14, "segm": 106, "loc": 323}, "geometry": {"type": "Polygon", "coordinates": [[[-57.436952660064364, -34.43213330618415], [-57.43631848241624, -34.432522259643356], [-57.43585541029909, -34.43293635461829], [-57.43843001861924, -34.43546186363237], [-57.44154681173194, -34.433704843101694], [-57.44261080243327, -34.43223371178877], [-57.44281045860929, -34.43208033046976], [-57.442854113608504, -34.43178592229184], [-57.44268553010082, -34.43166256012268], [-57.441803941180865, -34.431643843949985], [-57.440673641673456, -34.43176995969844], [-57.43921537534491, -34.43178314770754], [-57.43882070470973, -34.431893617753595], [-57.43660846464245, -34.43203563346671], [-57.436952660064364, -34.43213330618415]]]}}, {"type": "Feature", "properties": {"cod": 514107, "dpto": 5, "secc": 14, "segm": 107, "loc": 323}, "geometry": {"type": "Polygon", "coordinates": [[[-57.45324939417097, -34.41809245125681], [-57.45245170361045, -34.419703756965795], [-57.45071577766204, -34.42160885815047], [-57.44916276213138, -34.42303988214827], [-57.44889308957511, -34.42304232096487], [-57.448960817209695, -34.42484176069456], [-57.45375502006037, -34.424691502980366], [-57.453736994717474, -34.42286477975613], [-57.460861204794114, -34.42262208646137], [-57.46116004947026, -34.422423278211234], [-57.4611239155003, -34.4177360716739], [-57.45324939417097, -34.41809245125681]]]}}, {"type": "Feature", "properties": {"cod": 514108, "dpto": 5, "secc": 14, "segm": 108, "loc": 323}, "geometry": {"type": "Polygon", "coordinates": [[[-57.44567301857181, -34.41361601852655], [-57.451129248849725, -34.41345078065931], [-57.45108258459637, -34.40402246806009], [-57.445614818398475, -34.40416112132439], [-57.44567301857181, -34.41361601852655]]]}}, {"type": "Feature", "properties": {"cod": 514201, "dpto": 5, "secc": 14, "segm": 201, "loc": 323}, "geometry": {"type": "Polygon", "coordinates": [[[-57.44261080243327, -34.43223371178877], [-57.44183729335227, -34.43333683884064], [-57.44138470393433, -34.433822057851295], [-57.44329987304245, -34.43573866982111], [-57.4438427434233, -34.436099137561875], [-57.44399396318031, -34.43591950535409], [-57.44408795171653, -34.435571119080585], [-57.44443, -34.43491], [-57.44549607024354, -34.434052345697914], [-57.446102833239664, -34.43326258095447], [-57.44657700953085, -34.432901763416446], [-57.44794395943697, -34.43218205780551], [-57.448642627508335, -34.43163967075011], [-57.44749252159338, -34.4314943457373], [-57.44676736216571, -34.43159010865982], [-57.44545631198356, -34.431592972311506], [-57.445021155834795, -34.431855384160166], [-57.44437471791391, -34.43121953560561], [-57.44261080243327, -34.43223371178877]]]}}, {"type": "Feature", "properties": {"cod": 514203, "dpto": 5, "secc": 14, "segm": 203, "loc": 323}, "geometry": {"type": "Polygon", "coordinates": [[[-57.430031232943435, -34.43415652191734], [-57.43018870588512, -34.434235309619154], [-57.43023807935901, -34.43525078300491], [-57.43286334619462, -34.435111147300255], [-57.43283423387294, -34.43479056323378], [-57.43397459072644, -34.434753561348295], [-57.43421200112202, -34.43455530868656], [-57.4345695487319, -34.434463015382654], [-57.4354509151784, -34.43449957450859], [-57.43532042115023, -34.43327988118352], [-57.436952660064364, -34.43213330618415], [-57.43660846464245, -34.43203563346671], [-57.43397363990679, -34.43220477718638], [-57.43278610917773, -34.43216213890626], [-57.431691294721126, -34.43183335166838], [-57.4299109854273, -34.43146623391581], [-57.430031232943435, -34.43415652191734]]]}}, {"type": "Feature", "properties": {"cod": 514206, "dpto": 5, "secc": 14, "segm": 206, "loc": 323}, "geometry": {"type": "Polygon", "coordinates": [[[-57.44138470393433, -34.433822057851295], [-57.43843001861924, -34.43546186363237], [-57.43910162505028, -34.436070650566634], [-57.439412002215064, -34.43589857202685], [-57.44199709328724, -34.43849520500189], [-57.442620309893854, -34.4385697807313], [-57.44269882846992, -34.4378383161287], [-57.442958453554475, -34.43773791537168], [-57.44286367738575, -34.43760518280509], [-57.44286915962218, -34.43737334565708], [-57.44306445635298, -34.436881460476776], [-57.443485767209495, -34.43668168976521], [-57.4438427434233, -34.436099137561875], [-57.44329987304245, -34.43573866982111], [-57.44138470393433, -34.433822057851295]]]}}, {"type": "Feature", "properties": {"cod": 514207, "dpto": 5, "secc": 14, "segm": 207, "loc": 323}, "geometry": {"type": "Polygon", "coordinates": [[[-57.443854105757964, -34.41851610701726], [-57.44395420242374, -34.423095834343194], [-57.43748451054029, -34.423109813881645], [-57.436617560834044, -34.42350087248043], [-57.434962911723225, -34.42611800712077], [-57.43536299497333, -34.4263015015037], [-57.43647565490144, -34.426398484861515], [-57.43777729223746, -34.42627081956141], [-57.43973230184906, -34.42650262266473], [-57.44215580606711, -34.42660544714464], [-57.44369386722803, -34.427366966958644], [-57.44468892173737, -34.42725092222868], [-57.445444442776406, -34.427431347243065], [-57.44610458285701, -34.427487748035], [-57.446744814189564, -34.4273572162896], [-57.44784663262148, -34.426883821836476], [-57.44852061456299, -34.426877726598725], [-57.44905012485571, -34.42676589207457], [-57.44889308957511, -34.42304232096487], [-57.44916276213138, -34.42303988214827], [-57.45071577766204, -34.42160885815047], [-57.45222498523676, -34.41996428381919], [-57.45245170361045, -34.419703756965795], [-57.45324939417097, -34.41809245125681], [-57.443854105757964, -34.41851610701726]]]}}, {"type": "Feature", "properties": {"cod": 514208, "dpto": 5, "secc": 14, "segm": 208, "loc": 323}, "geometry": {"type": "Polygon", "coordinates": [[[-57.459172357066144, -34.41321761817574], [-57.443491071441414, -34.41366244016053], [-57.44367252095825, -34.418419696395546], [-57.443854105757964, -34.41851610701726], [-57.45927098835988, -34.41785088165206], [-57.459172357066144, -34.41321761817574]]]}}, {"type": "Feature", "properties": {"cod": 607002, "dpto": 6, "secc": 7, "segm": 2, "loc": 622}, "geometry": {"type": "Polygon", "coordinates": [[[-55.593157715970904, -32.72639071501601], [-55.58693615576728, -32.72891692025944], [-55.584498151501194, -32.72003047551255], [-55.58339167402652, -32.72026985823541], [-55.58333766147532, -32.719890221025366], [-55.58168805854319, -32.72045404154451], [-55.58159769568552, -32.72023846483448], [-55.58065052512939, -32.72028518334625], [-55.58068371125333, -32.7207828683535], [-55.5795199724535, -32.72093777246438], [-55.579252784197266, -32.72037114965799], [-55.57763573568231, -32.72051200578179], [-55.57742194889739, -32.722863447905205], [-55.578053373174, -32.72453347619955], [-55.577258405626246, -32.72479038471597], [-55.578960550601316, -32.72986186584281], [-55.580127752501404, -32.729778087775806], [-55.580132083092515, -32.729867031519426], [-55.58089666155457, -32.7300775592484], [-55.58175953490307, -32.72993984323744], [-55.58232581104312, -32.73227701630794], [-55.585918302958625, -32.73133840206447], [-55.593261283419025, -32.72851783261132], [-55.593157715970904, -32.72639071501601]]]}}, {"type": "Feature", "properties": {"cod": 607004, "dpto": 6, "secc": 7, "segm": 4, "loc": 622}, "geometry": {"type": "Polygon", "coordinates": [[[-55.59299391520714, -32.72302649688516], [-55.59240611149537, -32.72225533460013], [-55.59189495514, -32.72141508746007], [-55.59026745156087, -32.717695685533634], [-55.573607964655444, -32.720344528982714], [-55.57273305629821, -32.717319235590864], [-55.57154965204877, -32.717618999035594], [-55.5721616252039, -32.719800171342825], [-55.57074063726098, -32.72013837777212], [-55.57206942081056, -32.7244648231358], [-55.57433090261886, -32.724258958509616], [-55.574327862740304, -32.72419652403538], [-55.57688810395582, -32.72356240001718], [-55.576960777639634, -32.723779517576745], [-55.57767578562351, -32.72352070015503], [-55.57742194889739, -32.722863447905205], [-55.57763573568231, -32.72051200578179], [-55.579252784197266, -32.72037114965799], [-55.5795199724535, -32.72093777246438], [-55.58068371125333, -32.7207828683535], [-55.58065052512939, -32.72028518334625], [-55.58159769568552, -32.72023846483448], [-55.58168805854319, -32.72045404154451], [-55.58333766147532, -32.719890221025366], [-55.58339167402652, -32.72026985823541], [-55.584498151501194, -32.72003047551255], [-55.58693615576728, -32.72891692025944], [-55.593157715970904, -32.72639071501601], [-55.59299391520714, -32.72302649688516]]]}}, {"type": "Feature", "properties": {"cod": 607101, "dpto": 6, "secc": 7, "segm": 101, "loc": 622}, "geometry": {"type": "Polygon", "coordinates": [[[-55.576960777639634, -32.723779517576745], [-55.57688810395582, -32.72356240001718], [-55.574327862740304, -32.72419652403538], [-55.57433090261886, -32.724258958509616], [-55.57206942081056, -32.7244648231358], [-55.573303135576936, -32.730122344028835], [-55.57717793624043, -32.72915026480138], [-55.57726324903748, -32.729991819261485], [-55.578960550601316, -32.72986186584281], [-55.577258405626246, -32.72479038471597], [-55.578053373174, -32.72453347619955], [-55.57767578562351, -32.72352070015503], [-55.576960777639634, -32.723779517576745]]]}}, {"type": "Feature", "properties": {"cod": 607201, "dpto": 6, "secc": 7, "segm": 201, "loc": 622}, "geometry": {"type": "Polygon", "coordinates": [[[-55.580127752501404, -32.729778087775806], [-55.57726324903748, -32.729991819261485], [-55.57717793624043, -32.72915026480138], [-55.573303135576936, -32.730122344028835], [-55.5737461347626, -32.73302436552668], [-55.57546514493909, -32.738988023838616], [-55.58336789755087, -32.735636157372205], [-55.58231530332004, -32.73224214503775], [-55.58175953490307, -32.72993984323744], [-55.58089666155457, -32.7300775592484], [-55.580132083092515, -32.729867031519426], [-55.580127752501404, -32.729778087775806]]]}}, {"type": "Feature", "properties": {"cod": 608101, "dpto": 6, "secc": 8, "segm": 101, "loc": 790}, "geometry": {"type": "Polygon", "coordinates": [[[-55.151626778074885, -33.10293916756286], [-55.15138624193082, -33.101355239953634], [-55.15175317107777, -33.1013121709211], [-55.151264990340486, -33.10111840740619], [-55.15116019754739, -33.09924553138865], [-55.150036653919805, -33.099140567657706], [-55.150012118490906, -33.09847912071612], [-55.143977640272716, -33.097920755363326], [-55.143760792932056, -33.095611185190755], [-55.14331868009133, -33.09558426086259], [-55.141840335401874, -33.096694895020335], [-55.14076835392299, -33.09716448684687], [-55.14117573725399, -33.10084041604468], [-55.141264240349884, -33.10083172638485], [-55.141363495035655, -33.101050585784755], [-55.14181042268257, -33.10228396814754], [-55.14264068997768, -33.10265925924688], [-55.14486440437215, -33.10272397096], [-55.14457520724002, -33.10201320660691], [-55.14760849327621, -33.10212363533433], [-55.14773574507776, -33.10247174655298], [-55.151626778074885, -33.10293916756286]]]}}, {"type": "Feature", "properties": {"cod": 608201, "dpto": 6, "secc": 8, "segm": 201, "loc": 790}, "geometry": {"type": "Polygon", "coordinates": [[[-55.14181042268257, -33.10228396814754], [-55.141264240349884, -33.10083172638485], [-55.14117573725399, -33.10084041604468], [-55.14076835392299, -33.09716448684687], [-55.140269242254625, -33.09740151071587], [-55.13792463896308, -33.09740024006909], [-55.13719638566086, -33.09759760575634], [-55.13437505027443, -33.09594165621125], [-55.13484807807478, -33.09468611834754], [-55.133207837024955, -33.09455465707559], [-55.131851912919046, -33.09831437862247], [-55.1287521996802, -33.09727584201191], [-55.12552820570629, -33.09638696702304], [-55.12490223006557, -33.0963463543818], [-55.13128825840726, -33.099005446939074], [-55.133512868416275, -33.10008177727721], [-55.13419539257646, -33.100667489414796], [-55.134667027119136, -33.10132640458985], [-55.134880880394505, -33.10182139800809], [-55.134998638460736, -33.10193214378785], [-55.1352406744207, -33.10196839625295], [-55.13631975412577, -33.10277619776669], [-55.13701845707265, -33.10294880510589], [-55.14043, -33.10166], [-55.14181042268257, -33.10228396814754]]]}}, {"type": "Feature", "properties": {"cod": 612001, "dpto": 6, "secc": 12, "segm": 1, "loc": 721}, "geometry": {"type": "Polygon", "coordinates": [[[-56.47404845703919, -33.055306162183875], [-56.47028434194008, -33.05862431992497], [-56.471337531726626, -33.06037003909052], [-56.47198343683089, -33.059782319457845], [-56.47252846176052, -33.06065308251894], [-56.47447827185071, -33.05891370449253], [-56.47393960532258, -33.058013390883154], [-56.47507765087151, -33.056989391213676], [-56.47404845703919, -33.055306162183875]]]}}, {"type": "Feature", "properties": {"cod": 612102, "dpto": 6, "secc": 12, "segm": 102, "loc": 721}, "geometry": {"type": "Polygon", "coordinates": [[[-56.47259604680769, -33.05575915712485], [-56.47291064844698, -33.056292573077926], [-56.47404845703919, -33.055306162183875], [-56.47507765087151, -33.056989391213676], [-56.47393960532258, -33.058013390883154], [-56.47447827185071, -33.05891370449253], [-56.47278681286953, -33.06041341179748], [-56.47328270214806, -33.06132484534339], [-56.47619843031099, -33.05868854775997], [-56.47712540880411, -33.060083875392806], [-56.477205757021856, -33.059955796120306], [-56.47759184142243, -33.05984087106291], [-56.47919968107764, -33.058988139451145], [-56.4794690355996, -33.05894537830908], [-56.480157394429206, -33.05939274626126], [-56.48037121308582, -33.05944262170427], [-56.480935442397694, -33.05919357636245], [-56.481101490715574, -33.05922933343188], [-56.48415479360825, -33.057674410662464], [-56.48349841378654, -33.050386324816714], [-56.48331758228182, -33.05045260810673], [-56.48304636737882, -33.05130447871459], [-56.48285759805659, -33.05118157184242], [-56.48308253754052, -33.05053876310931], [-56.47245030903596, -33.05443597718498], [-56.47259604680769, -33.05575915712485]]]}}, {"type": "Feature", "properties": {"cod": 612202, "dpto": 6, "secc": 12, "segm": 202, "loc": 721}, "geometry": {"type": "Polygon", "coordinates": [[[-56.46604390755205, -33.05709411151603], [-56.464832941753585, -33.06321580365059], [-56.46459928285532, -33.065020848439126], [-56.46886303588843, -33.065766073688366], [-56.46891280329808, -33.065640915344886], [-56.468986129352174, -33.06564768417922], [-56.46922344341459, -33.065829066264726], [-56.47038134676437, -33.066031446375796], [-56.470907726083524, -33.06549392439216], [-56.471225553995325, -33.06455224745948], [-56.47163833810068, -33.06407090877233], [-56.47210993826984, -33.06397147341821], [-56.472288609472585, -33.06376965356574], [-56.47240680362475, -33.06344941907269], [-56.47323033639599, -33.06282541712308], [-56.47405514968499, -33.06199828889619], [-56.47476731529828, -33.0615748465539], [-56.47489723059788, -33.061353457238255], [-56.475345162157296, -33.06112381381524], [-56.47553402718821, -33.06123153828494], [-56.475602753770005, -33.061004623052455], [-56.47579304586217, -33.06090176162482], [-56.47641775145263, -33.06077125338607], [-56.47652949758714, -33.060510576199206], [-56.47677551616496, -33.06028483577901], [-56.47703851758088, -33.060286571938114], [-56.47712540880411, -33.060083875392806], [-56.47619843031099, -33.05868854775997], [-56.47328270214806, -33.06132484534339], [-56.47278681286953, -33.06041341179748], [-56.47252846176052, -33.06065308251894], [-56.47198343683089, -33.059782319457845], [-56.471337531726626, -33.06037003909052], [-56.47028434194008, -33.05862431992497], [-56.47291064844698, -33.056292573077926], [-56.47259604680769, -33.05575915712485], [-56.47245030903596, -33.05443597718498], [-56.46810702887954, -33.0560279945643], [-56.46604390755205, -33.05709411151603]]]}}, {"type": "Feature", "properties": {"cod": 802009, "dpto": 8, "secc": 2, "segm": 9, "loc": 521}, "geometry": {"type": "Polygon", "coordinates": [[[-55.65561558693992, -34.10182910047972], [-55.65028993482448, -34.10502302883013], [-55.65198521238214, -34.10671385859097], [-55.655578041269266, -34.104428680429066], [-55.65705611151234, -34.10339695023694], [-55.65916816297537, -34.105690612789225], [-55.65930623590645, -34.10548035535343], [-55.659235651206764, -34.10542340865273], [-55.66190127530655, -34.10125034877795], [-55.656803086976474, -34.100603946309036], [-55.65528865476087, -34.10147420938123], [-55.65561558693992, -34.10182910047972]]]}}, {"type": "Feature", "properties": {"cod": 802106, "dpto": 8, "secc": 2, "segm": 106, "loc": 521}, "geometry": {"type": "Polygon", "coordinates": [[[-55.648826541206226, -34.10383668941982], [-55.65028993482448, -34.10502302883013], [-55.65414482760004, -34.10270983085655], [-55.651905030467574, -34.10004985726461], [-55.64775607889725, -34.102543385981484], [-55.648826541206226, -34.10383668941982]]]}}, {"type": "Feature", "properties": {"cod": 802107, "dpto": 8, "secc": 2, "segm": 107, "loc": 521}, "geometry": {"type": "Polygon", "coordinates": [[[-55.64097433810739, -34.09477326939791], [-55.64332786332293, -34.096686008900356], [-55.64333602612958, -34.09661285904498], [-55.64599671955852, -34.09861823435697], [-55.64658012618705, -34.09927112805482], [-55.65073989903873, -34.096797740364345], [-55.65053857811664, -34.09678725322586], [-55.64848227728788, -34.09581372891038], [-55.64799754295771, -34.09542628630964], [-55.64283755319094, -34.092811414656836], [-55.64097433810739, -34.09477326939791]]]}}, {"type": "Feature", "properties": {"cod": 802108, "dpto": 8, "secc": 2, "segm": 108, "loc": 521}, "geometry": {"type": "Polygon", "coordinates": [[[-55.647615690202244, -34.098655363404134], [-55.64354285472493, -34.101071871512325], [-55.64417038869175, -34.10176772371863], [-55.64502242320995, -34.1030798569036], [-55.646994313018226, -34.102479267543174], [-55.64770306132567, -34.10247637541989], [-55.64775607889725, -34.102543385981484], [-55.64985317500806, -34.10127390733258], [-55.647615690202244, -34.098655363404134]]]}}, {"type": "Feature", "properties": {"cod": 802206, "dpto": 8, "secc": 2, "segm": 206, "loc": 521}, "geometry": {"type": "Polygon", "coordinates": [[[-55.651905030467574, -34.10004985726461], [-55.65414482760004, -34.10270983085655], [-55.65561558693992, -34.10182910047972], [-55.65528865476087, -34.10147420938123], [-55.656803086976474, -34.100603946309036], [-55.656289597816595, -34.09993653924979], [-55.660204336899454, -34.0974551882159], [-55.65349324916455, -34.09648463209088], [-55.652888971120746, -34.09835629008111], [-55.65354303823612, -34.09907269120199], [-55.651905030467574, -34.10004985726461]]]}}, {"type": "Feature", "properties": {"cod": 802207, "dpto": 8, "secc": 2, "segm": 207, "loc": 521}, "geometry": {"type": "Polygon", "coordinates": [[[-55.63756926243535, -34.09845545847835], [-55.63805340628355, -34.09877810728696], [-55.63436144635696, -34.10265571147801], [-55.637668871154496, -34.1055413913321], [-55.639350683062275, -34.10767671187921], [-55.63949767762237, -34.108445431889415], [-55.648826541206226, -34.10383668941982], [-55.64770306132567, -34.10247637541989], [-55.646994313018226, -34.102479267543174], [-55.64502242320995, -34.1030798569036], [-55.64417038869175, -34.10176772371863], [-55.64354285472493, -34.101071871512325], [-55.64658012618705, -34.09927112805482], [-55.64599671955852, -34.09861823435697], [-55.64332786332293, -34.096686008900356], [-55.64300983753948, -34.096355187920885], [-55.64097433810739, -34.09477326939791], [-55.63756926243535, -34.09845545847835]]]}}, {"type": "Feature", "properties": {"cod": 802208, "dpto": 8, "secc": 2, "segm": 208, "loc": 521}, "geometry": {"type": "Polygon", "coordinates": [[[-55.647615690202244, -34.098655363404134], [-55.64985317500806, -34.10127390733258], [-55.65354303823612, -34.09907269120199], [-55.652906986596435, -34.09841104925801], [-55.65251048226947, -34.09714146565683], [-55.65177823961605, -34.09744162802599], [-55.65137595067842, -34.09745938230832], [-55.65073989903873, -34.096797740364345], [-55.647615690202244, -34.098655363404134]]]}}, {"type": "Feature", "properties": {"cod": 807101, "dpto": 8, "secc": 7, "segm": 101, "loc": 722}, "geometry": {"type": "Polygon", "coordinates": [[[-55.63506185106076, -33.46406049820501], [-55.63044440091809, -33.46662129677524], [-55.62938229678814, -33.467110991202205], [-55.6307802292235, -33.47074725077843], [-55.63347914941272, -33.47015082060241], [-55.63217085227296, -33.46780322543626], [-55.638236057299274, -33.46447735134185], [-55.6390818310393, -33.466113645525546], [-55.641126104610926, -33.465486423812656], [-55.641036064419374, -33.463560987306856], [-55.640579164960116, -33.462318863243304], [-55.63925014731634, -33.46057567360552], [-55.63605207909923, -33.46178382019921], [-55.63634577848983, -33.46306126039749], [-55.6360605859679, -33.463612567406514], [-55.63506185106076, -33.46406049820501]]]}}, {"type": "Feature", "properties": {"cod": 807104, "dpto": 8, "secc": 7, "segm": 104, "loc": 722}, "geometry": {"type": "Polygon", "coordinates": [[[-55.6332902695681, -33.46461006825781], [-55.63353306264086, -33.46312869231887], [-55.63276889720867, -33.463140369592054], [-55.63166172035316, -33.46390024075013], [-55.63069851907374, -33.464445563772145], [-55.63127383743635, -33.46610233549928], [-55.63313508581991, -33.46506158625173], [-55.6332902695681, -33.46461006825781]]]}}, {"type": "Feature", "properties": {"cod": 807201, "dpto": 8, "secc": 7, "segm": 201, "loc": 722}, "geometry": {"type": "Polygon", "coordinates": [[[-55.63127383743635, -33.46610233549928], [-55.62942807648662, -33.460676731411304], [-55.628602070453795, -33.46095060287972], [-55.62807827059605, -33.46122809504447], [-55.62718239113003, -33.461119266374354], [-55.62669574353824, -33.46125732747722], [-55.624273499732375, -33.462486440863316], [-55.62318582252582, -33.46337663864772], [-55.62250785701485, -33.46359921381762], [-55.62322919341952, -33.47069121888114], [-55.6230211767202, -33.47131483122484], [-55.623132293265634, -33.47203987372581], [-55.622681780839066, -33.472226283814635], [-55.622567814386194, -33.47270162254891], [-55.62556892426304, -33.47188012066232], [-55.62607698984078, -33.47163555828664], [-55.62848945466074, -33.47123127003155], [-55.6307802292235, -33.47074725077843], [-55.62938229678814, -33.467110991202205], [-55.63044440091809, -33.46662129677524], [-55.63127383743635, -33.46610233549928]]]}}, {"type": "Feature", "properties": {"cod": 809101, "dpto": 8, "secc": 9, "segm": 101, "loc": 721}, "geometry": {"type": "Polygon", "coordinates": [[[-55.53719627070176, -33.85760570685349], [-55.53607442054919, -33.86033456606693], [-55.537704598153205, -33.86068980192986], [-55.540167239442106, -33.86148735621378], [-55.543324672833606, -33.86224715621934], [-55.54891799676632, -33.862367212190925], [-55.55067596967007, -33.86617570326784], [-55.551752872225286, -33.86790972592695], [-55.5530206668504, -33.86665859115511], [-55.550948410738066, -33.861116550796304], [-55.550542425441456, -33.86100850196965], [-55.550872656380065, -33.860362799191435], [-55.54908141974331, -33.85990325009949], [-55.54859631847579, -33.860817413874976], [-55.54831585667108, -33.860840384351974], [-55.545827206741656, -33.860236181631834], [-55.54514456089893, -33.86050888298352], [-55.543299289809475, -33.86003241967116], [-55.54413196059841, -33.85968998507537], [-55.54432466128379, -33.859463155098766], [-55.54448956915298, -33.85947551431052], [-55.54493356989298, -33.85884031946359], [-55.54394772105956, -33.85867374140864], [-55.53888708819131, -33.85661318977215], [-55.538468538736225, -33.8571085503872], [-55.53858671386183, -33.85725562860502], [-55.53807395808325, -33.857791799028874], [-55.53719627070176, -33.85760570685349]]]}}, {"type": "Feature", "properties": {"cod": 809102, "dpto": 8, "secc": 9, "segm": 102, "loc": 721}, "geometry": {"type": "Polygon", "coordinates": [[[-55.53807395808325, -33.857791799028874], [-55.53858671386183, -33.85725562860502], [-55.538468538736225, -33.8571085503872], [-55.53888708819131, -33.85661318977215], [-55.5440953823969, -33.85870324157717], [-55.54477944267882, -33.857485409943415], [-55.53959945196527, -33.855270343634245], [-55.53846640568935, -33.85485319530865], [-55.53719627070176, -33.85760570685349], [-55.53807395808325, -33.857791799028874]]]}}, {"type": "Feature", "properties": {"cod": 809201, "dpto": 8, "secc": 9, "segm": 201, "loc": 721}, "geometry": {"type": "Polygon", "coordinates": [[[-55.53391461182335, -33.85986197715252], [-55.53356572057462, -33.86068497261603], [-55.53396435754083, -33.86080908032117], [-55.53356912797787, -33.86249827368784], [-55.534118717679185, -33.862613444885234], [-55.535158739152266, -33.8616768177248], [-55.538983404636184, -33.862584570788435], [-55.53947434709509, -33.86164694717708], [-55.541338811098896, -33.86206041414376], [-55.54092547766254, -33.86712740328498], [-55.5451358222745, -33.867246216066846], [-55.5450438177609, -33.86937481051309], [-55.55004601304759, -33.86942987893096], [-55.55107486205158, -33.86893638787761], [-55.551752872225286, -33.86790972592695], [-55.55067596967007, -33.86617570326784], [-55.54891799676632, -33.862367212190925], [-55.543324672833606, -33.86224715621934], [-55.540167239442106, -33.86148735621378], [-55.537704598153205, -33.86068980192986], [-55.53391461182335, -33.85986197715252]]]}}, {"type": "Feature", "properties": {"cod": 812002, "dpto": 8, "secc": 12, "segm": 2, "loc": 624}, "geometry": {"type": "Polygon", "coordinates": [[[-56.33924450783456, -34.19267707422284], [-56.34033707080253, -34.19456989774934], [-56.33972440526809, -34.194796037366906], [-56.34306108199577, -34.2008835007601], [-56.34857621708065, -34.198794684393164], [-56.34710847311867, -34.19621570565648], [-56.34452327539462, -34.18952082310966], [-56.33883523523784, -34.19162568256368], [-56.33924450783456, -34.19267707422284]]]}}, {"type": "Feature", "properties": {"cod": 812003, "dpto": 8, "secc": 12, "segm": 3, "loc": 624}, "geometry": {"type": "Polygon", "coordinates": [[[-56.330242874108464, -34.19487684480262], [-56.33076809080976, -34.19538798781666], [-56.33174505220204, -34.19577233898966], [-56.33182704534319, -34.19647054802885], [-56.332351475109846, -34.196720745346866], [-56.332602797069455, -34.19705792600125], [-56.3331239596328, -34.19747727956703], [-56.336387220133275, -34.201837515844105], [-56.34235459032796, -34.19956066585817], [-56.33972440526809, -34.194796037366906], [-56.34033707080253, -34.19456989774934], [-56.33924450783456, -34.19267707422284], [-56.33883523523784, -34.19162568256368], [-56.330242874108464, -34.19487684480262]]]}}, {"type": "Feature", "properties": {"cod": 812101, "dpto": 8, "secc": 12, "segm": 101, "loc": 624}, "geometry": {"type": "Polygon", "coordinates": [[[-56.33145701214477, -34.18467310821968], [-56.33083888111493, -34.185053123331585], [-56.33020334107017, -34.18531212474714], [-56.32848235237028, -34.1854576888255], [-56.32714355175828, -34.18588973058501], [-56.3262857990385, -34.18588563648725], [-56.325485460159506, -34.18576864382178], [-56.32481334616721, -34.18551689467109], [-56.32450521383689, -34.185553325672544], [-56.32456651817397, -34.18610772310054], [-56.32505234403373, -34.186729829599855], [-56.32505514579135, -34.187005823409876], [-56.32475683486051, -34.18711052485845], [-56.32375978298398, -34.1870349060379], [-56.323433137188594, -34.18713451384019], [-56.32314164673263, -34.18760675206396], [-56.32302835588947, -34.1881007932681], [-56.323090132956246, -34.18859382569059], [-56.32380877047408, -34.188848842796105], [-56.324002044856925, -34.188846131603015], [-56.32441941119488, -34.18931353201902], [-56.32479724025306, -34.190145310604194], [-56.325223464351716, -34.19048137312814], [-56.32586462571908, -34.19077448258107], [-56.3267720128146, -34.191571980017166], [-56.32700030177247, -34.192325698141474], [-56.32768485496253, -34.192599263787216], [-56.32790365764522, -34.192839698474266], [-56.32853187837788, -34.193233679859745], [-56.32852239420311, -34.19329601238537], [-56.329136302122684, -34.19359154532897], [-56.32944131575498, -34.19404647188937], [-56.3293409243383, -34.194309010476466], [-56.329528602904354, -34.19446031184536], [-56.32999809384403, -34.19458513673653], [-56.330242874108464, -34.19487684480262], [-56.33588439070181, -34.192768717397314], [-56.33145701214477, -34.18467310821968]]]}}, {"type": "Feature", "properties": {"cod": 812104, "dpto": 8, "secc": 12, "segm": 104, "loc": 624}, "geometry": {"type": "Polygon", "coordinates": [[[-56.34235459032796, -34.19956066585817], [-56.336387220133275, -34.201837515844105], [-56.34008635517283, -34.20679380662249], [-56.3448610517136, -34.20577184497432], [-56.34412065250479, -34.20241872819857], [-56.343909946120604, -34.20249213338899], [-56.34235459032796, -34.19956066585817]]]}}, {"type": "Feature", "properties": {"cod": 812201, "dpto": 8, "secc": 12, "segm": 201, "loc": 624}, "geometry": {"type": "Polygon", "coordinates": [[[-56.33588439070181, -34.192768717397314], [-56.34452327539462, -34.18952082310966], [-56.34340288162083, -34.18641055544653], [-56.34424261990912, -34.183469813701066], [-56.34295161818943, -34.183529211359954], [-56.34190353360882, -34.183420023369365], [-56.34110256827786, -34.183234025340994], [-56.34057549775985, -34.18322198963365], [-56.34023094726677, -34.18345365640369], [-56.33958091773814, -34.183675546699114], [-56.33771723235681, -34.183918879370104], [-56.337487687864154, -34.184116812519676], [-56.336452356766564, -34.18435175175013], [-56.33492777410994, -34.18451741636942], [-56.33410782266, -34.184455960140305], [-56.33350698039469, -34.184251249086195], [-56.33254260674336, -34.184210915718786], [-56.331945340660255, -34.18435119000103], [-56.33145701214477, -34.18467310821968], [-56.33588439070181, -34.192768717397314]]]}}, {"type": "Feature", "properties": {"cod": 812204, "dpto": 8, "secc": 12, "segm": 204, "loc": 624}, "geometry": {"type": "Polygon", "coordinates": [[[-56.34306108199577, -34.2008835007601], [-56.343909946120604, -34.20249213338899], [-56.34412065250479, -34.20241872819857], [-56.3448610517136, -34.20577184497432], [-56.351592485908306, -34.204321255650676], [-56.34857621708065, -34.198794684393164], [-56.34306108199577, -34.2008835007601]]]}}, {"type": "Feature", "properties": {"cod": 813003, "dpto": 8, "secc": 13, "segm": 3, "loc": 933}, "geometry": {"type": "Polygon", "coordinates": [[[-56.396469366624466, -34.35583773352695], [-56.40139100397568, -34.35467924805055], [-56.39930127900801, -34.35097859159908], [-56.394249817403455, -34.35212270816577], [-56.396469366624466, -34.35583773352695]]]}}, {"type": "Feature", "properties": {"cod": 813101, "dpto": 8, "secc": 13, "segm": 101, "loc": 621}, "geometry": {"type": "Polygon", "coordinates": [[[-56.393744107187935, -34.28855636667547], [-56.39323112085206, -34.28887090151697], [-56.39408882594186, -34.29013545105728], [-56.39394893158828, -34.290217575968775], [-56.39176811115474, -34.290566000313625], [-56.39375136589175, -34.29314922911786], [-56.39560329127182, -34.29237134452679], [-56.395758463552376, -34.292586209938655], [-56.39555827466524, -34.2931256272858], [-56.40124290170335, -34.29349883699969], [-56.402540307986236, -34.293472390704345], [-56.40246483063135, -34.290077009688005], [-56.39673810076747, -34.29018062060473], [-56.39675601099475, -34.28847518067647], [-56.393744107187935, -34.28855636667547]]]}}, {"type": "Feature", "properties": {"cod": 813102, "dpto": 8, "secc": 13, "segm": 102, "loc": 621}, "geometry": {"type": "Polygon", "coordinates": [[[-56.38883980716274, -34.29326913763254], [-56.388987999157145, -34.29327278575653], [-56.390402256414255, -34.292702059561414], [-56.390932512098004, -34.29338513413559], [-56.39322140003321, -34.29245291851485], [-56.39176811115474, -34.290566000313625], [-56.39394893158828, -34.290217575968775], [-56.39408882594186, -34.29013545105728], [-56.39323112085206, -34.28887090151697], [-56.393492012282785, -34.288739950947914], [-56.392679026164295, -34.28763970525773], [-56.38667819775677, -34.29002212141031], [-56.38740847072532, -34.29105800996304], [-56.38625731315025, -34.29127315085374], [-56.38737938411852, -34.29382768227651], [-56.38883980716274, -34.29326913763254]]]}}, {"type": "Feature", "properties": {"cod": 813104, "dpto": 8, "secc": 13, "segm": 104, "loc": 623}, "geometry": {"type": "Polygon", "coordinates": [[[-56.4034113621015, -34.406247519052144], [-56.40071448234165, -34.40838436801703], [-56.39598915777218, -34.40808612793516], [-56.3955704205721, -34.411926438830506], [-56.399268153107734, -34.41216300930142], [-56.39935319895326, -34.41115781534093], [-56.40064167610438, -34.411242409988695], [-56.4008216436176, -34.409225465575396], [-56.40209142068549, -34.40930893793127], [-56.4021616720238, -34.408478606707526], [-56.403452616599, -34.40853403779342], [-56.403533124964326, -34.40736032755541], [-56.40541877454773, -34.407488148204415], [-56.40616449531111, -34.40644205640253], [-56.4034113621015, -34.406247519052144]]]}}, {"type": "Feature", "properties": {"cod": 813105, "dpto": 8, "secc": 13, "segm": 105, "loc": 623}, "geometry": {"type": "Polygon", "coordinates": [[[-56.403452616599, -34.40853403779342], [-56.4021616720238, -34.408478606707526], [-56.40209142068549, -34.40930893793127], [-56.4008216436176, -34.409225465575396], [-56.40064167610438, -34.411242409988695], [-56.39935319895326, -34.41115781534093], [-56.399268153107734, -34.41216300930142], [-56.3955704205721, -34.411926438830506], [-56.39555498799336, -34.41199867259122], [-56.3948369529549, -34.41194092482363], [-56.394784779793966, -34.41277972845358], [-56.39372428892438, -34.41277458856788], [-56.39363412997831, -34.41372823991865], [-56.40330949777753, -34.41433081878485], [-56.40378831347549, -34.413464156252246], [-56.403904907457935, -34.412953635823555], [-56.40391867737291, -34.41245676033948], [-56.40368668541953, -34.41120555340067], [-56.403691803155915, -34.410700771169054], [-56.40393618343832, -34.40969787113698], [-56.404674297525915, -34.40851953968195], [-56.403441920590716, -34.40843831184681], [-56.403452616599, -34.40853403779342]]]}}, {"type": "Feature", "properties": {"cod": 813106, "dpto": 8, "secc": 13, "segm": 106, "loc": 933}, "geometry": {"type": "Polygon", "coordinates": [[[-56.39385274950771, -34.341019441871126], [-56.389306245516394, -34.34202557797052], [-56.3894887947648, -34.34434023210212], [-56.38994250720799, -34.34515036141715], [-56.395400346511124, -34.343742647845474], [-56.39385274950771, -34.341019441871126]]]}}, {"type": "Feature", "properties": {"cod": 813107, "dpto": 8, "secc": 13, "segm": 107, "loc": 623}, "geometry": {"type": "Polygon", "coordinates": [[[-56.415196851997074, -34.413089637986], [-56.40391867737291, -34.41245676033948], [-56.403862786915326, -34.41322933016119], [-56.403644718069266, -34.41380926726895], [-56.40330949777753, -34.41433081878485], [-56.40291502552513, -34.414665914553154], [-56.40204056854208, -34.41512591200899], [-56.40111802545273, -34.41548782039335], [-56.400143047017345, -34.41569287464679], [-56.39895384144598, -34.41576782583131], [-56.39894829476043, -34.415833384528284], [-56.40517859808181, -34.416763732444274], [-56.406481895932785, -34.41678332493257], [-56.407940000772555, -34.416636576498], [-56.40792643997738, -34.41679685745381], [-56.40904839957387, -34.41662993572639], [-56.411671107709964, -34.41570387639973], [-56.412010954125705, -34.41568030438247], [-56.41208358891903, -34.413935021536744], [-56.41479498282723, -34.41406843073549], [-56.41544556209356, -34.41325827132351], [-56.415196851997074, -34.413089637986]]]}}, {"type": "Feature", "properties": {"cod": 813201, "dpto": 8, "secc": 13, "segm": 201, "loc": 621}, "geometry": {"type": "Polygon", "coordinates": [[[-56.393744107187935, -34.28855636667547], [-56.39675601099475, -34.28847518067647], [-56.39673810076747, -34.29018062060473], [-56.40246483063135, -34.290077009688005], [-56.402520524810484, -34.28829163381923], [-56.4013155997885, -34.288342547720916], [-56.401347377414936, -34.28795865609911], [-56.3979369339506, -34.28806775735143], [-56.39799628723283, -34.28682420493572], [-56.398061212494326, -34.28681621263523], [-56.398066438493096, -34.285428339524586], [-56.39399835644922, -34.28551126320136], [-56.39398725011964, -34.28656882532053], [-56.39278267082891, -34.28658681815003], [-56.39244765488321, -34.286725840954134], [-56.393744107187935, -34.28855636667547]]]}}, {"type": "Feature", "properties": {"cod": 813202, "dpto": 8, "secc": 13, "segm": 202, "loc": 621}, "geometry": {"type": "Polygon", "coordinates": [[[-56.38737938411852, -34.29382768227651], [-56.39169357411065, -34.29942967093644], [-56.392903757763314, -34.29711188557976], [-56.39555827466524, -34.2931256272858], [-56.395758463552376, -34.292586209938655], [-56.39560329127182, -34.29237134452679], [-56.39375136589175, -34.29314922911786], [-56.39322140003321, -34.29245291851485], [-56.390932512098004, -34.29338513413559], [-56.390402256414255, -34.292702059561414], [-56.38737938411852, -34.29382768227651]]]}}, {"type": "Feature", "properties": {"cod": 813204, "dpto": 8, "secc": 13, "segm": 204, "loc": 623}, "geometry": {"type": "Polygon", "coordinates": [[[-56.41151593789841, -34.40577496177088], [-56.4061828242216, -34.4067798826426], [-56.40616449531111, -34.40644205640253], [-56.40541877454773, -34.407488148204415], [-56.403533124964326, -34.40736032755541], [-56.403441920590716, -34.40843831184681], [-56.404674297525915, -34.40851953968195], [-56.40421592538107, -34.4091656026918], [-56.40391132486335, -34.409769539208675], [-56.403691803155915, -34.410700771169054], [-56.403743674367384, -34.41164090295783], [-56.40391867737291, -34.41245676033948], [-56.4108472587362, -34.41290176268175], [-56.41151593789841, -34.40577496177088]]]}}, {"type": "Feature", "properties": {"cod": 813205, "dpto": 8, "secc": 13, "segm": 205, "loc": 623}, "geometry": {"type": "Polygon", "coordinates": [[[-56.39363412997831, -34.41372823991865], [-56.393354697964995, -34.4160322121813], [-56.393225095702775, -34.418008330883815], [-56.39872625912881, -34.41834574443612], [-56.39895384144598, -34.41576782583131], [-56.400143047017345, -34.41569287464679], [-56.40111802545273, -34.41548782039335], [-56.4019667342616, -34.415156916772126], [-56.40291502552513, -34.414665914553154], [-56.40330949777753, -34.41433081878485], [-56.39363412997831, -34.41372823991865]]]}}, {"type": "Feature", "properties": {"cod": 813207, "dpto": 8, "secc": 13, "segm": 207, "loc": 623}, "geometry": {"type": "Polygon", "coordinates": [[[-56.40436953003841, -34.41667120980713], [-56.39894829476043, -34.415833384528284], [-56.39872625912881, -34.41834574443612], [-56.393225095702775, -34.418008330883815], [-56.39297490654971, -34.41808113185198], [-56.39366420366617, -34.4181444232726], [-56.39503186799828, -34.419068436618986], [-56.397354743734546, -34.41924442097475], [-56.39734180481144, -34.41939735175321], [-56.40506986609112, -34.419934420458866], [-56.405079699560105, -34.419708024238226], [-56.407992058097044, -34.419894995218215], [-56.40867283451656, -34.41917568428439], [-56.40870606071548, -34.41890082107471], [-56.40892440502303, -34.41890987393793], [-56.41032240307552, -34.4174327439202], [-56.410452782975405, -34.41612119372656], [-56.40904839957387, -34.41662993572639], [-56.40792643997738, -34.41679685745381], [-56.407940000772555, -34.416636576498], [-56.40615240521998, -34.416792862582916], [-56.40436953003841, -34.41667120980713]]]}}, {"type": "Feature", "properties": {"cod": 813304, "dpto": 8, "secc": 13, "segm": 304, "loc": 623}, "geometry": {"type": "Polygon", "coordinates": [[[-56.41151593789841, -34.40577496177088], [-56.4108472587362, -34.41290176268175], [-56.415196851997074, -34.413089637986], [-56.417666534150435, -34.41030954985781], [-56.417704739082346, -34.40985798909565], [-56.42178595147316, -34.4050075801839], [-56.41933727360781, -34.405431726024524], [-56.419266588645584, -34.40637915855263], [-56.41278759674047, -34.405946362776106], [-56.41282272240834, -34.40553119717941], [-56.41151593789841, -34.40577496177088]]]}}, {"type": "Feature", "properties": {"cod": 910003, "dpto": 9, "secc": 10, "segm": 3, "loc": 522}, "geometry": {"type": "Polygon", "coordinates": [[[-54.53267708923339, -33.45085456445754], [-54.53424958191524, -33.450230285513065], [-54.535238149945855, -33.4529448681575], [-54.53871374027068, -33.45166078966238], [-54.539509671503076, -33.45416739680958], [-54.53853564722666, -33.45461159826061], [-54.538843695165426, -33.45553265510217], [-54.54027423257364, -33.45494075423175], [-54.54063669098099, -33.4568941341544], [-54.53930943152469, -33.456900244974776], [-54.54056417042597, -33.460458778856655], [-54.54053081077216, -33.46063437034312], [-54.5407048181249, -33.46133109977023], [-54.54090126939342, -33.46132545646257], [-54.54115125575236, -33.46100469822357], [-54.541660446267755, -33.460957908600044], [-54.542477502295974, -33.460402281803134], [-54.54279704648345, -33.46034313699035], [-54.54298471865805, -33.46016844746115], [-54.54329674392905, -33.46011895483665], [-54.54351224501025, -33.45996550710551], [-54.54339589673515, -33.45991586966244], [-54.54509219428617, -33.4577381430734], [-54.54676937175596, -33.458639528905074], [-54.54534721753496, -33.45637703438712], [-54.5466281924382, -33.45591826074158], [-54.54554782874795, -33.452809129999125], [-54.5456547582767, -33.45276665184588], [-54.544596742438095, -33.449372870318804], [-54.54374016705616, -33.44694411335763], [-54.543602506419646, -33.44685514272764], [-54.543103116535576, -33.44674685814238], [-54.542546712593136, -33.446835113466406], [-54.54224807173229, -33.44676321757239], [-54.541549143999404, -33.44688267783774], [-54.54127673895066, -33.4468150800106], [-54.54071117406803, -33.44698147894754], [-54.54006180180891, -33.44699919193761], [-54.53907411071654, -33.446806519856345], [-54.538551535759446, -33.4469746980389], [-54.537959278961694, -33.4472987117635], [-54.537532138408096, -33.44705970166151], [-54.53746819880489, -33.44710395906036], [-54.53672488638395, -33.446872524279584], [-54.53654997813318, -33.44667019628458], [-54.535916742082904, -33.446259322264446], [-54.5352440501657, -33.44638308063161], [-54.53498410147568, -33.446270931984294], [-54.534438574753906, -33.44629782925068], [-54.53391323407682, -33.4467730694256], [-54.5331666507703, -33.447096044739716], [-54.53295311064188, -33.44701910991435], [-54.53167359421295, -33.44732440990594], [-54.531356829005524, -33.44749391988537], [-54.53178783236386, -33.4491126076286], [-54.53267708923339, -33.45085456445754]]]}}, {"type": "Feature", "properties": {"cod": 910004, "dpto": 9, "secc": 10, "segm": 4, "loc": 522}, "geometry": {"type": "Polygon", "coordinates": [[[-54.52738538108613, -33.45934535897051], [-54.52772389896575, -33.45352323478739], [-54.52728266002971, -33.45339726693021], [-54.527217979304396, -33.45301561435654], [-54.52751502786534, -33.452653275767496], [-54.52776039492007, -33.45262281581533], [-54.527782001610916, -33.45191225502884], [-54.52762369889695, -33.4515368543337], [-54.53178783236386, -33.4491126076286], [-54.531356829005524, -33.44749391988537], [-54.53167359421295, -33.44732440990594], [-54.53295311064188, -33.44701910991435], [-54.5331666507703, -33.447096044739716], [-54.53391323407682, -33.4467730694256], [-54.534438574753906, -33.44629782925068], [-54.53486438084531, -33.44627286403836], [-54.5352440501657, -33.44638308063161], [-54.535916742082904, -33.446259322264446], [-54.53654997813318, -33.44667019628458], [-54.53672488638395, -33.446872524279584], [-54.53746819880489, -33.44710395906036], [-54.537532138408096, -33.44705970166151], [-54.537959278961694, -33.4472987117635], [-54.538551535759446, -33.4469746980389], [-54.53907411071654, -33.446806519856345], [-54.53955068349125, -33.446943940905015], [-54.539787694404566, -33.4469149450894], [-54.54016478224715, -33.44699991520411], [-54.54071117406803, -33.44698147894754], [-54.54127673895066, -33.4468150800106], [-54.541549143999404, -33.44688267783774], [-54.54224807173229, -33.44676321757239], [-54.542546712593136, -33.446835113466406], [-54.543103116535576, -33.44674685814238], [-54.54374016705616, -33.44694411335763], [-54.54410511746908, -33.446911743160655], [-54.54422418442391, -33.44698660528415], [-54.54270058188744, -33.44105087594834], [-54.542551983737084, -33.44093812295964], [-54.54250453748573, -33.44064488690763], [-54.53895, -33.43954], [-54.53335, -33.44071], [-54.53280019245421, -33.44138349636949], [-54.53261309826402, -33.441850044162386], [-54.53225189860962, -33.442171385008955], [-54.532158085414245, -33.4421700566187], [-54.52566, -33.45013], [-54.52176, -33.45191], [-54.52056050472982, -33.45181992801085], [-54.5258528786652, -33.45709190803502], [-54.52540784982337, -33.457767561829854], [-54.52738538108613, -33.45934535897051]]]}}, {"type": "Feature", "properties": {"cod": 910101, "dpto": 9, "secc": 10, "segm": 101, "loc": 522}, "geometry": {"type": "Polygon", "coordinates": [[[-54.53282767552146, -33.45115449858299], [-54.534793368330085, -33.453202914732735], [-54.53502411791192, -33.45353270859366], [-54.535007116537294, -33.453952834640106], [-54.534733217281996, -33.45454157286276], [-54.535498691782514, -33.456916687705956], [-54.538843695165426, -33.45553265510217], [-54.53853564722666, -33.45461159826061], [-54.539509671503076, -33.45416739680958], [-54.53871374027068, -33.45166078966238], [-54.535238149945855, -33.4529448681575], [-54.53424958191524, -33.450230285513065], [-54.53267708923339, -33.45085456445754], [-54.53282767552146, -33.45115449858299]]]}}, {"type": "Feature", "properties": {"cod": 910102, "dpto": 9, "secc": 10, "segm": 102, "loc": 522}, "geometry": {"type": "Polygon", "coordinates": [[[-54.527355528341104, -33.45963979839105], [-54.52766981350528, -33.459947882536405], [-54.52836714893825, -33.45939418778799], [-54.52859050364727, -33.45931618482843], [-54.52925908211866, -33.458818085945374], [-54.529418497228036, -33.4587843404196], [-54.529580922008954, -33.45861365556531], [-54.53158441943494, -33.45751204197531], [-54.53521222488173, -33.456041979010834], [-54.534733217281996, -33.45454157286276], [-54.535007116537294, -33.453952834640106], [-54.53502411791192, -33.45353270859366], [-54.534793368330085, -33.453202914732735], [-54.53282767552146, -33.45115449858299], [-54.53178783236386, -33.4491126076286], [-54.52762369889695, -33.4515368543337], [-54.527782001610916, -33.45191225502884], [-54.52776039492007, -33.45262281581533], [-54.52751502786534, -33.452653275767496], [-54.527217979304396, -33.45301561435654], [-54.52728266002971, -33.45339726693021], [-54.52772389896575, -33.45352323478739], [-54.527355528341104, -33.45963979839105]]]}}, {"type": "Feature", "properties": {"cod": 910105, "dpto": 9, "secc": 10, "segm": 105, "loc": 522}, "geometry": {"type": "Polygon", "coordinates": [[[-54.54339589673515, -33.45991586966244], [-54.54534288381945, -33.460859470348986], [-54.54877707731325, -33.45959055633945], [-54.54889442795963, -33.4596486329831], [-54.55101395214634, -33.45892898711633], [-54.54967593742429, -33.457070714618496], [-54.54654355961281, -33.45827483637732], [-54.54676937175596, -33.458639528905074], [-54.54509219428617, -33.4577381430734], [-54.54339589673515, -33.45991586966244]]]}}, {"type": "Feature", "properties": {"cod": 910201, "dpto": 9, "secc": 10, "segm": 201, "loc": 522}, "geometry": {"type": "Polygon", "coordinates": [[[-54.535498691782514, -33.456916687705956], [-54.537039776991044, -33.461179649380405], [-54.53603028170557, -33.46161241939755], [-54.53617427454328, -33.46201560716124], [-54.53659216666784, -33.46183005666176], [-54.53713629859554, -33.46145404363535], [-54.53813748411862, -33.461107741741664], [-54.53830499750015, -33.46090227295111], [-54.53859671281615, -33.46082188633469], [-54.539262034389935, -33.460878333999744], [-54.53982452589281, -33.46135146388072], [-54.54017595731051, -33.46127006481155], [-54.5407048181249, -33.46133109977023], [-54.54053081077216, -33.46063437034312], [-54.54056417042597, -33.460458778856655], [-54.53930943152469, -33.456900244974776], [-54.54063669098099, -33.4568941341544], [-54.54027423257364, -33.45494075423175], [-54.535498691782514, -33.456916687705956]]]}}, {"type": "Feature", "properties": {"cod": 910202, "dpto": 9, "secc": 10, "segm": 202, "loc": 522}, "geometry": {"type": "Polygon", "coordinates": [[[-54.52731242835631, -33.46005560457251], [-54.52464691872437, -33.46113449971408], [-54.52541117223341, -33.4622403238752], [-54.52573623321524, -33.4619842093191], [-54.5265508695708, -33.461991317122035], [-54.527239735458316, -33.46244440183184], [-54.528376606043665, -33.46409604824401], [-54.528694839577575, -33.46477822174526], [-54.5316261022731, -33.46931493563638], [-54.53472247944724, -33.46775872764741], [-54.53487225032847, -33.46754747489583], [-54.53484824988015, -33.46731275074611], [-54.53537319482123, -33.467084563865846], [-54.53645427380289, -33.46810601853933], [-54.53672112353993, -33.467782446803874], [-54.53758686005549, -33.46611145459278], [-54.53756629222765, -33.465910301437695], [-54.53603028170557, -33.46161241939755], [-54.537039776991044, -33.461179649380405], [-54.53521222488173, -33.456041979010834], [-54.53158441943494, -33.45751204197531], [-54.529580922008954, -33.45861365556531], [-54.529418497228036, -33.4587843404196], [-54.52925908211866, -33.458818085945374], [-54.52859050364727, -33.45931618482843], [-54.52836714893825, -33.45939418778799], [-54.52766981350528, -33.459947882536405], [-54.527355528341104, -33.45963979839105], [-54.52731242835631, -33.46005560457251]]]}}, {"type": "Feature", "properties": {"cod": 912101, "dpto": 9, "secc": 12, "segm": 101, "loc": 521}, "geometry": {"type": "Polygon", "coordinates": [[[-55.14975434564619, -33.46839276820498], [-55.146539848796756, -33.47280162114179], [-55.146592447105476, -33.472939582160905], [-55.14602906448935, -33.4737069342741], [-55.14578401143929, -33.473779738900234], [-55.143520172345184, -33.47684325487185], [-55.143581742449484, -33.47709457443591], [-55.14068558891793, -33.48106519236505], [-55.14527213918077, -33.48249969468991], [-55.14576763919949, -33.48256763365812], [-55.146481383729565, -33.48233729803509], [-55.146517370740554, -33.48267634632747], [-55.14701676747328, -33.48260609276635], [-55.14882817618185, -33.482947645309196], [-55.15055967769253, -33.48369047269856], [-55.15025674997097, -33.48322071716325], [-55.149827086325466, -33.48223364519078], [-55.1496732114001, -33.481643608359256], [-55.14969365887734, -33.48073073604579], [-55.149919394249366, -33.47973559441271], [-55.152048228385326, -33.47639200591719], [-55.14975434564619, -33.46839276820498]]]}}, {"type": "Feature", "properties": {"cod": 912201, "dpto": 9, "secc": 12, "segm": 201, "loc": 521}, "geometry": {"type": "Polygon", "coordinates": [[[-55.14717036538412, -33.47188718048089], [-55.13850080925255, -33.46758607863747], [-55.13803944580038, -33.468079222439314], [-55.138331397169296, -33.468428060980074], [-55.13860559986422, -33.46847361681878], [-55.13899574484456, -33.468762843282306], [-55.139378650933004, -33.46890772770668], [-55.13952904228826, -33.46944486453141], [-55.13981924286218, -33.469709819525534], [-55.139808267447776, -33.46997134453305], [-55.14014569038631, -33.47027557938682], [-55.14010194646628, -33.470633560007556], [-55.14018537380617, -33.47070582907856], [-55.14010724589126, -33.470808665742624], [-55.14068627385264, -33.47102539782119], [-55.140530035674416, -33.47115440596617], [-55.140469504159505, -33.472095816414466], [-55.14023872223926, -33.47245708526965], [-55.13989550568735, -33.47278053212177], [-55.13928167001324, -33.472996937325696], [-55.13910912142246, -33.47317416292154], [-55.13890918646249, -33.47358460686416], [-55.138485979040354, -33.47396522946983], [-55.138447746400445, -33.47415417519066], [-55.1385128766772, -33.47438197020605], [-55.13837483582947, -33.47466137041081], [-55.13793528791547, -33.47489918028247], [-55.13776456124331, -33.47523669313506], [-55.137735347484345, -33.47546245252145], [-55.138088681095304, -33.476559699825245], [-55.13833534964972, -33.476838494830595], [-55.138970489037185, -33.477246208222866], [-55.1388882826627, -33.47802240819999], [-55.139167449186836, -33.478740179787295], [-55.139062064684396, -33.47896134701497], [-55.138546069104365, -33.47950038315046], [-55.13842975020912, -33.47986844897781], [-55.13848039750092, -33.48015192039912], [-55.13837138164194, -33.48032020837829], [-55.14068558891793, -33.48106519236505], [-55.143581742449484, -33.47709457443591], [-55.143520172345184, -33.47684325487185], [-55.14578401143929, -33.473779738900234], [-55.14602906448935, -33.4737069342741], [-55.146592447105476, -33.472939582160905], [-55.146539848796756, -33.47280162114179], [-55.14717036538412, -33.47188718048089]]]}}, {"type": "Feature", "properties": {"cod": 912301, "dpto": 9, "secc": 12, "segm": 301, "loc": 521}, "geometry": {"type": "Polygon", "coordinates": [[[-55.142965227214034, -33.46252451081253], [-55.14085616535093, -33.46642899301282], [-55.13820638558084, -33.46515773969462], [-55.13871904127564, -33.46702010875046], [-55.13850080925255, -33.46758607863747], [-55.14717036538412, -33.47188718048089], [-55.14975365349004, -33.46839049562562], [-55.14972, -33.46828], [-55.142965227214034, -33.46252451081253]]]}}, {"type": "Feature", "properties": {"cod": 1001003, "dpto": 10, "secc": 1, "segm": 3, "loc": 524}, "geometry": {"type": "Polygon", "coordinates": [[[-54.92021620219621, -34.945035531715035], [-54.91925556926822, -34.94577687331824], [-54.92197101364601, -34.94735573595437], [-54.922553874368354, -34.9479171488035], [-54.923795002396794, -34.948765861386235], [-54.93063651040228, -34.94248389874265], [-54.931028591600985, -34.942092556467145], [-54.930898775892096, -34.94203669892188], [-54.930899389627854, -34.94190647239162], [-54.93106752911932, -34.9417257056894], [-54.9282101254403, -34.93872010421975], [-54.92818316316211, -34.93853580564075], [-54.927581916400314, -34.9379280836251], [-54.92681616970044, -34.9387186921429], [-54.92388584888829, -34.941332209168955], [-54.923819695962415, -34.94156847203403], [-54.92021620219621, -34.945035531715035]]]}}, {"type": "Feature", "properties": {"cod": 1001004, "dpto": 10, "secc": 1, "segm": 4, "loc": 833}, "geometry": {"type": "Polygon", "coordinates": [[[-54.903067733001926, -34.929850496201084], [-54.902760761375035, -34.929898725767124], [-54.90269417556524, -34.93022683260315], [-54.90281480192562, -34.93027480265613], [-54.89986853685269, -34.93428164220833], [-54.90044339807167, -34.9345826901006], [-54.90261109474114, -34.93604480606456], [-54.90388859849367, -34.937070254610035], [-54.90454720526494, -34.93734970867186], [-54.90555679035443, -34.938064140379936], [-54.906624125092186, -34.93833552761678], [-54.90760609830317, -34.93900348903988], [-54.90865040399609, -34.938256006325325], [-54.90928030917863, -34.9386881281234], [-54.90947609692299, -34.938546105330325], [-54.90876241094959, -34.9381430545164], [-54.91265705151036, -34.93403799394118], [-54.912069112309034, -34.92470124318138], [-54.911066552419314, -34.924453918856926], [-54.909617263760865, -34.92438274527314], [-54.90746098884465, -34.92444466699915], [-54.90553658902912, -34.924602489682954], [-54.904708291062555, -34.92483304493577], [-54.90390653662601, -34.92540093584143], [-54.90378223023891, -34.92613382652777], [-54.90410270943881, -34.92713495940218], [-54.90528991966575, -34.927645733683406], [-54.903067733001926, -34.929850496201084]]]}}, {"type": "Feature", "properties": {"cod": 1001008, "dpto": 10, "secc": 1, "segm": 8, "loc": 524}, "geometry": {"type": "MultiPolygon", "coordinates": [[[[-54.94838841822351, -34.96766449508602], [-54.95464599092445, -34.96695446550762], [-54.95466910423644, -34.965997718791655], [-54.95431959866694, -34.965218167816786], [-54.954284744949874, -34.9647505744407], [-54.95465890202166, -34.96449748573993], [-54.95263906939604, -34.963929167814854], [-54.95258735375854, -34.96404706273211], [-54.95241063747949, -34.964089964697045], [-54.95205795630255, -34.963984226991556], [-54.95171575039286, -34.96363271881175], [-54.95174, -34.9638], [-54.95155433778303, -34.96328942890332], [-54.95141817575809, -34.96368977237038], [-54.95125129897655, -34.963602608890284], [-54.95088444600644, -34.963674477271994], [-54.95104, -34.96387], [-54.950648388635834, -34.96365444920712], [-54.950191385754806, -34.96371421137477], [-54.94966321518321, -34.96339104715253], [-54.94933274218846, -34.96293029086844], [-54.94917510661647, -34.96284352507042], [-54.94957950604388, -34.96340491463971], [-54.94923540106712, -34.96343716631414], [-54.94882899657181, -34.962911512869375], [-54.94918832019382, -34.96357418374035], [-54.94940220564858, -34.963539657902594], [-54.9500141211852, -34.96384135290512], [-54.950279376744405, -34.9647495451797], [-54.94906942115418, -34.965149535964365], [-54.94897702099532, -34.965017685055386], [-54.94779793180742, -34.964805663571184], [-54.94838841822351, -34.96766449508602]]], [[[-54.95072435627475, -34.963473253373124], [-54.95066778928004, -34.96317889969322], [-54.95077013703946, -34.96315775534951], [-54.95077096023606, -34.96282426280847], [-54.95067111005991, -34.9627040548294], [-54.95048227325226, -34.96309913771159], [-54.95072435627475, -34.963473253373124]]], [[[-54.9517564404649, -34.962906903096645], [-54.95163262036562, -34.96305926252219], [-54.951654724036764, -34.96321174038918], [-54.9517564404649, -34.962906903096645]]]]}}, {"type": "Feature", "properties": {"cod": 1001009, "dpto": 10, "secc": 1, "segm": 9, "loc": 524}, "geometry": {"type": "Polygon", "coordinates": [[[-54.95464599092445, -34.96695446550762], [-54.94838841822351, -34.96766449508602], [-54.94860648480621, -34.96873263462636], [-54.94798492009747, -34.96882811632678], [-54.94830179535759, -34.969337139351026], [-54.949518256451036, -34.9704638259452], [-54.95028529766502, -34.9713883837086], [-54.95046060616929, -34.97164419275209], [-54.9506608998223, -34.97253592120571], [-54.95086385720514, -34.9728303496121], [-54.951364595652976, -34.973068910212845], [-54.95245851203466, -34.9732955724119], [-54.95377500590071, -34.972813838622926], [-54.954102443532314, -34.971883893911254], [-54.954146426349176, -34.970414414231264], [-54.954570276053566, -34.96921964540039], [-54.95466614077489, -34.96861637064113], [-54.95464599092445, -34.96695446550762]]]}}, {"type": "Feature", "properties": {"cod": 1001012, "dpto": 10, "secc": 1, "segm": 12, "loc": 830}, "geometry": {"type": "Polygon", "coordinates": [[[-54.92383575241806, -34.91134911903989], [-54.92552129712657, -34.90724052076939], [-54.92554514539136, -34.90632828110893], [-54.925474823643135, -34.90580074182976], [-54.91482451127988, -34.90944047443015], [-54.91204524642513, -34.910211887243534], [-54.90978397454341, -34.911598388944256], [-54.909008460759246, -34.91313561820172], [-54.91457040453945, -34.911629063162096], [-54.91454441754869, -34.91185926280078], [-54.915469091927456, -34.912256232264994], [-54.917201418948565, -34.91316131328447], [-54.917503147927505, -34.91313812813646], [-54.917518550834636, -34.91332022055645], [-54.918782835425084, -34.91383910406075], [-54.91939958062892, -34.91418635112573], [-54.920461789286136, -34.91435490710548], [-54.924562337880694, -34.91168001704141], [-54.92383575241806, -34.91134911903989]]]}}, {"type": "Feature", "properties": {"cod": 1001015, "dpto": 10, "secc": 1, "segm": 15, "loc": 830}, "geometry": {"type": "Polygon", "coordinates": [[[-54.93021780700483, -34.896926274013765], [-54.92974775272954, -34.897769162675154], [-54.92623597259589, -34.89873870827334], [-54.923708884125915, -34.902894031205946], [-54.924260348195894, -34.90283017455194], [-54.92527881256397, -34.90367410553299], [-54.925381825356475, -34.904708137509324], [-54.92965194018104, -34.902416934270235], [-54.9287246748672, -34.90216970665268], [-54.92976975359518, -34.90166014933041], [-54.929802663370765, -34.90127301370409], [-54.934094387312264, -34.90006816924397], [-54.93284366653498, -34.901376200303886], [-54.93418078235783, -34.901025962967005], [-54.93458182496932, -34.9004431260347], [-54.93530244601826, -34.899869694316536], [-54.936528334115636, -34.899225924209695], [-54.93882953371557, -34.898188796041], [-54.93787918022133, -34.897190484226236], [-54.93647866527433, -34.89685624639013], [-54.934435243053066, -34.89669646787705], [-54.932851307851806, -34.89616829902231], [-54.93021780700483, -34.896926274013765]]]}}, {"type": "Feature", "properties": {"cod": 1001016, "dpto": 10, "secc": 1, "segm": 16, "loc": 830}, "geometry": {"type": "Polygon", "coordinates": [[[-54.95177946531788, -34.891979532064795], [-54.94976754310557, -34.89787398176742], [-54.952924782359695, -34.89624653344368], [-54.95372795273631, -34.895930720147696], [-54.95433938698946, -34.89555959333341], [-54.954795598853494, -34.89544625597469], [-54.955782339120354, -34.89484654461188], [-54.95771792465255, -34.893855495842104], [-54.96054599123916, -34.892587349848675], [-54.96246756994624, -34.891848206567424], [-54.967628283753626, -34.88955327757489], [-54.97202919141288, -34.88773044883657], [-54.97376825372167, -34.8871073831222], [-54.97666191249433, -34.88583447815521], [-54.978662690059814, -34.88519244678467], [-54.98043239378749, -34.884455920065434], [-54.98013349136517, -34.88349794128816], [-54.97926912980304, -34.883395520086616], [-54.97902427099289, -34.883074981291756], [-54.97750079607, -34.88325680028518], [-54.97653149047975, -34.88328740349609], [-54.97624091859919, -34.8831462821198], [-54.976016920124415, -34.88283270121133], [-54.972679591055105, -34.88394883942494], [-54.95177946531788, -34.891979532064795]]]}}, {"type": "Feature", "properties": {"cod": 1001031, "dpto": 10, "secc": 1, "segm": 31, "loc": 956}, "geometry": {"type": "Polygon", "coordinates": [[[-55.05006493299052, -34.87122880467204], [-55.05050976457539, -34.871706966192846], [-55.04752255087242, -34.872577898786446], [-55.04422352432793, -34.87070401336301], [-55.04295511501247, -34.876758310035676], [-55.0438055198804, -34.877534422817575], [-55.045368357661346, -34.878451909429515], [-55.046980474621165, -34.87958112704395], [-55.043401941742914, -34.881456627055165], [-55.044744128502906, -34.8824880697228], [-55.03938414975141, -34.88591056123366], [-55.03946208619419, -34.886123611290415], [-55.040225543783244, -34.88682590113977], [-55.042265984541245, -34.88898325996684], [-55.04345392583439, -34.889945483927185], [-55.04420224413285, -34.8895610014969], [-55.04434569608944, -34.88938149920454], [-55.045093665288455, -34.88892717977089], [-55.04534351969035, -34.8888611572148], [-55.04553496862135, -34.88866820805033], [-55.04745294958076, -34.88749983718791], [-55.04862195125977, -34.886615037825614], [-55.04982178502973, -34.88610399382464], [-55.05014775209815, -34.88588617665313], [-55.051866282780686, -34.88522060373529], [-55.05559, -34.88315], [-55.059223553153274, -34.88209748175544], [-55.060784164552, -34.88155847769717], [-55.06290543525112, -34.880655389712345], [-55.06355872790855, -34.88049152609784], [-55.062907734849034, -34.87920491177648], [-55.06132145959176, -34.87550929100055], [-55.05595333539644, -34.87730229436446], [-55.05181576020598, -34.8789659580352], [-55.050981358729615, -34.877538961806295], [-55.05100517032289, -34.87650827340666], [-55.05167437201931, -34.8718536226474], [-55.050179569173835, -34.8710789094155], [-55.04938981903799, -34.870879685766845], [-55.05006493299052, -34.87122880467204]]]}}, {"type": "Feature", "properties": {"cod": 1001034, "dpto": 10, "secc": 1, "segm": 34, "loc": 956}, "geometry": {"type": "Polygon", "coordinates": [[[-55.06132145959176, -34.87550929100055], [-55.062907734849034, -34.87920491177648], [-55.06355872790855, -34.88049152609784], [-55.06511586461303, -34.88026850986767], [-55.065663180901105, -34.880076410614855], [-55.068007664436074, -34.87954052927497], [-55.06891978060909, -34.87922570519301], [-55.072956228274435, -34.87850382049411], [-55.075629859321346, -34.878386358611536], [-55.07637930256594, -34.87822692056724], [-55.07683171004039, -34.87827880331949], [-55.0781585251574, -34.878176999857374], [-55.08003250326953, -34.87782109712927], [-55.08098434617377, -34.87771756443926], [-55.08161946323512, -34.877770028845205], [-55.08154483454925, -34.876308182083484], [-55.08121406897362, -34.87365554424878], [-55.081950119676, -34.87272745939531], [-55.0789782503052, -34.87281566434668], [-55.07805701774611, -34.871338082095036], [-55.0768110871231, -34.872242698423115], [-55.07573683963353, -34.87285257534217], [-55.07573749932417, -34.872984545816834], [-55.06940200720865, -34.87368583575647], [-55.06132145959176, -34.87550929100055]]]}}, {"type": "Feature", "properties": {"cod": 1001036, "dpto": 10, "secc": 1, "segm": 36, "loc": 956}, "geometry": {"type": "Polygon", "coordinates": [[[-55.050179569173835, -34.8710789094155], [-55.05167437201931, -34.8718536226474], [-55.05100517032289, -34.87650827340666], [-55.050981358729615, -34.877538961806295], [-55.05181576020598, -34.8789659580352], [-55.054954736539976, -34.87766755524918], [-55.06097553225039, -34.875586421330006], [-55.06894082313294, -34.87378872071165], [-55.06919743718718, -34.87316444177154], [-55.069205244097574, -34.87281569636343], [-55.068354257818086, -34.87192327276224], [-55.06718654698716, -34.871155786744815], [-55.06550903322338, -34.87041155140187], [-55.06514241086444, -34.87016968405495], [-55.0645206596944, -34.86893870682992], [-55.06238119661445, -34.86623375254201], [-55.062206099543054, -34.865845528951034], [-55.06214257629004, -34.8646634771176], [-55.06125845828127, -34.86484777602445], [-55.06111341808552, -34.864678226723946], [-55.0609560313547, -34.8639806012012], [-55.059450782135755, -34.863057937236206], [-55.059171105684044, -34.86292095233032], [-55.0575067913188, -34.86287540772105], [-55.05678841181739, -34.863486260798894], [-55.05636792228083, -34.86402534801662], [-55.05528450929088, -34.864743511619864], [-55.054448390259246, -34.864883430393235], [-55.05359204009405, -34.86482848494238], [-55.05288888684603, -34.86466430670276], [-55.05216534850032, -34.86424313797676], [-55.05137164152301, -34.863252344008544], [-55.05098995807206, -34.861939363969], [-55.050623413361116, -34.861713030030316], [-55.049304597627014, -34.861535917910864], [-55.049541678786646, -34.860856448755094], [-55.04972342064564, -34.86063211950956], [-55.04999226311608, -34.860543613114615], [-55.050328830562016, -34.86053587290785], [-55.05277470054489, -34.86105184600615], [-55.05315888984629, -34.859013788607434], [-55.05310860379972, -34.85856931682953], [-55.052760504885235, -34.858212018044206], [-55.04815985739495, -34.85765898508845], [-55.04629213453989, -34.85735572764502], [-55.045269155867295, -34.856664850471205], [-55.03876090537781, -34.85553526872601], [-55.03914061097907, -34.8564525898663], [-55.03921334016339, -34.85750312531488], [-55.03818963827426, -34.86055123366901], [-55.04018968329593, -34.864242667699465], [-55.04115957256016, -34.86583877355551], [-55.04938981903799, -34.870879685766845], [-55.050179569173835, -34.8710789094155]]]}}, {"type": "Feature", "properties": {"cod": 1001048, "dpto": 10, "secc": 1, "segm": 48, "loc": 524}, "geometry": {"type": "Polygon", "coordinates": [[[-54.93349638602432, -34.92525914848103], [-54.93385369880396, -34.92829761098483], [-54.934655520244235, -34.9297053394521], [-54.93476831604073, -34.9314148505825], [-54.93666483483711, -34.935215255068336], [-54.93706203509295, -34.93572756211999], [-54.937207963414814, -34.936312127784106], [-54.93816012816839, -34.93540986696009], [-54.941903743222355, -34.92387453254653], [-54.94207487797941, -34.923058210490254], [-54.94353922484513, -34.91797648907866], [-54.94306624946956, -34.917784401403324], [-54.94150115838523, -34.91859943602538], [-54.941889385970086, -34.919057871292914], [-54.94064975444883, -34.91981727223991], [-54.94032194973032, -34.92037050836292], [-54.93999514783751, -34.92067886611346], [-54.939603969368314, -34.920878669460535], [-54.93611639132739, -34.921445643646756], [-54.93618624874202, -34.92238108226012], [-54.93554977629279, -34.92334244674642], [-54.93407538981218, -34.92464910643139], [-54.93349638602432, -34.92525914848103]]]}}, {"type": "Feature", "properties": {"cod": 1001053, "dpto": 10, "secc": 1, "segm": 53, "loc": 524}, "geometry": {"type": "Polygon", "coordinates": [[[-54.912552839294904, -34.932497006437124], [-54.92298023228503, -34.93235756594229], [-54.92175863563565, -34.92338488223143], [-54.9169626868526, -34.923538544751764], [-54.91657197701573, -34.9236389023621], [-54.91204597516115, -34.92370530303763], [-54.912552839294904, -34.932497006437124]]]}}, {"type": "Feature", "properties": {"cod": 1001055, "dpto": 10, "secc": 1, "segm": 55, "loc": 524}, "geometry": {"type": "Polygon", "coordinates": [[[-54.93349638602432, -34.92525914848103], [-54.93558723438496, -34.92328951044217], [-54.93618624874202, -34.92238108226012], [-54.93611639132739, -34.921445643646756], [-54.939603969368314, -34.920878669460535], [-54.93999514783751, -34.92067886611346], [-54.94032194973032, -34.92037050836292], [-54.94064975444883, -34.91981727223991], [-54.941889385970086, -34.919057871292914], [-54.94150115838523, -34.91859943602538], [-54.94306624946956, -34.917784401403324], [-54.94353922484513, -34.91797648907866], [-54.94395485954333, -34.91656709032943], [-54.944632355369386, -34.91476419981655], [-54.944635422286495, -34.91411344096554], [-54.94325080771488, -34.91411979441135], [-54.942424392987746, -34.91398285177684], [-54.94194211223075, -34.91377539687753], [-54.94139331849002, -34.913880596095844], [-54.94102181784101, -34.91382051783808], [-54.93711418556793, -34.91480900449016], [-54.936964894031775, -34.914905975830166], [-54.93261940400591, -34.91415621817709], [-54.92676930386482, -34.915156645389814], [-54.922167194180226, -34.91558176996992], [-54.922092350196095, -34.91567231443815], [-54.91944550731662, -34.91532747945486], [-54.920234394889874, -34.92342718295542], [-54.92175863563565, -34.92338488223143], [-54.921907775313336, -34.92328803286037], [-54.923004389588456, -34.92328412759582], [-54.92316214867287, -34.923348200118575], [-54.923264713148534, -34.9232810714837], [-54.92519761692543, -34.9232765662875], [-54.92538313291434, -34.92335632830035], [-54.93200037550158, -34.92322687015297], [-54.93225013159629, -34.92347625238917], [-54.93349638602432, -34.92525914848103]]]}}, {"type": "Feature", "properties": {"cod": 1001058, "dpto": 10, "secc": 1, "segm": 58, "loc": 830}, "geometry": {"type": "Polygon", "coordinates": [[[-54.925474823643135, -34.90580074182976], [-54.92527881256397, -34.90367410553299], [-54.924260348195894, -34.90283017455194], [-54.923708884125915, -34.902894031205946], [-54.924369842761664, -34.901796327660534], [-54.91939586505544, -34.90301233363199], [-54.913970805032896, -34.90452019886005], [-54.90978397454341, -34.911598388944256], [-54.91204524642513, -34.910211887243534], [-54.91482451127988, -34.90944047443015], [-54.925474823643135, -34.90580074182976]]]}}, {"type": "Feature", "properties": {"cod": 1001059, "dpto": 10, "secc": 1, "segm": 59, "loc": 833}, "geometry": {"type": "Polygon", "coordinates": [[[-54.912069112309034, -34.92470124318138], [-54.91204597516115, -34.92370530303763], [-54.91657197701573, -34.9236389023621], [-54.9169626868526, -34.923538544751764], [-54.920234394889874, -34.92342718295542], [-54.91944550731662, -34.91532747945486], [-54.90441492274493, -34.91612159218404], [-54.89593780206084, -34.916486646593945], [-54.89584353217247, -34.916783611253344], [-54.893198625987665, -34.91798558004203], [-54.892439001758056, -34.91943483487189], [-54.892203699133994, -34.920066208597135], [-54.89176381522304, -34.920747724668665], [-54.88958809108768, -34.92493651916096], [-54.89318643720823, -34.926477210175946], [-54.89419931788214, -34.924534610148925], [-54.896157567375774, -34.925089508434446], [-54.89723337762993, -34.92555234916976], [-54.89854369646926, -34.925552300626094], [-54.90018095429798, -34.92518270390198], [-54.90408372161468, -34.92525858817301], [-54.904708291062555, -34.92483304493577], [-54.90553658902912, -34.924602489682954], [-54.90746098884465, -34.92444466699915], [-54.909617263760865, -34.92438274527314], [-54.911066552419314, -34.924453918856926], [-54.91186466933226, -34.92468994581318], [-54.912069112309034, -34.92470124318138]]]}}, {"type": "Feature", "properties": {"cod": 1001060, "dpto": 10, "secc": 1, "segm": 60, "loc": 833}, "geometry": {"type": "Polygon", "coordinates": [[[-54.89238713855956, -34.91663900021473], [-54.8848119745898, -34.914944609561395], [-54.88557978998986, -34.911757297758285], [-54.884018379519674, -34.91179134699839], [-54.87972793286995, -34.91117278789375], [-54.87927214575912, -34.91124907724637], [-54.878817087751806, -34.911202744505495], [-54.87755233398522, -34.91138741647227], [-54.87705090952412, -34.9112944105088], [-54.87387267729748, -34.91127729212323], [-54.87303566599545, -34.91143104842537], [-54.87283039256654, -34.9115959619105], [-54.87233737079593, -34.91170986213201], [-54.872065692486494, -34.9121644998952], [-54.871829884191015, -34.912903170342375], [-54.87162425015555, -34.91314459972333], [-54.87803675557607, -34.91505610405534], [-54.8774359375991, -34.91634723629536], [-54.877397042661485, -34.91673714416515], [-54.877589691288655, -34.91726120833145], [-54.87718531061778, -34.9182724894518], [-54.88506336182574, -34.92075321933554], [-54.885155653919966, -34.92090800011665], [-54.89079779933218, -34.922599166950604], [-54.89176381522304, -34.920747724668665], [-54.892203699133994, -34.920066208597135], [-54.892439001758056, -34.91943483487189], [-54.893198625987665, -34.91798558004203], [-54.89584353217247, -34.916783611253344], [-54.89593780206084, -34.916486646593945], [-54.89238713855956, -34.91663900021473]]]}}, {"type": "Feature", "properties": {"cod": 1001061, "dpto": 10, "secc": 1, "segm": 61, "loc": 833}, "geometry": {"type": "Polygon", "coordinates": [[[-54.87233737079593, -34.91170986213201], [-54.87161341244126, -34.911528720702165], [-54.870480097700046, -34.911424804136054], [-54.87007860364285, -34.9118235843852], [-54.8694912688546, -34.91221151678547], [-54.86899615450935, -34.9127694334], [-54.8689560623067, -34.91338128455107], [-54.8690570751174, -34.913643398497385], [-54.86933469559382, -34.91388566499418], [-54.86927828085586, -34.91404545111092], [-54.86939702338939, -34.914461043693855], [-54.86934839085128, -34.91492730366935], [-54.86897382324659, -34.915517984230036], [-54.86865665151578, -34.91577279510504], [-54.86837758743873, -34.91583684138111], [-54.86783705194962, -34.91617960300045], [-54.86755621949138, -34.916618876148874], [-54.86650062453286, -34.91777195358222], [-54.86616380342668, -34.91824851008309], [-54.86607939510672, -34.91931610589724], [-54.86677, -34.9205], [-54.87378, -34.92282], [-54.87426440523647, -34.92335481845113], [-54.87429931600405, -34.923291247006794], [-54.87447582294773, -34.92332486357946], [-54.87466104322673, -34.9234352791347], [-54.87559615165481, -34.924194398270984], [-54.87559553791906, -34.924324624801244], [-54.87538825601302, -34.924595631073196], [-54.87571247876879, -34.92495359646871], [-54.87628123498815, -34.92509502295469], [-54.87657537831805, -34.92492839840943], [-54.87669009544506, -34.92475713422909], [-54.876589695783, -34.92436491833134], [-54.877214209133975, -34.92456651736919], [-54.87772, -34.92428], [-54.88462838327236, -34.92682499846167], [-54.88592530057861, -34.92718504302314], [-54.88684288249004, -34.927683381582476], [-54.88791869211821, -34.92814634692783], [-54.89079779933218, -34.922599166950604], [-54.885155653919966, -34.92090800011665], [-54.88506336182574, -34.92075321933554], [-54.87718531061778, -34.9182724894518], [-54.877589691288655, -34.91726120833145], [-54.877397042661485, -34.91673714416515], [-54.8774359375991, -34.91634723629536], [-54.87803675557607, -34.91505610405534], [-54.87162425015555, -34.91314459972333], [-54.871829884191015, -34.912903170342375], [-54.872065692486494, -34.9121644998952], [-54.87233737079593, -34.91170986213201]]]}}, {"type": "Feature", "properties": {"cod": 1001062, "dpto": 10, "secc": 1, "segm": 62, "loc": 833}, "geometry": {"type": "Polygon", "coordinates": [[[-54.90528991966575, -34.927645733683406], [-54.90410270943881, -34.92713495940218], [-54.90378223023891, -34.92613382652777], [-54.90390653662601, -34.92540093584143], [-54.90408372161468, -34.92525858817301], [-54.90018095429798, -34.92518270390198], [-54.89854369646926, -34.925552300626094], [-54.89723337762993, -34.92555234916976], [-54.896157567375774, -34.925089508434446], [-54.89419931788214, -34.924534610148925], [-54.89318643720823, -34.926477210175946], [-54.88958809108768, -34.92493651916096], [-54.88791869211821, -34.92814634692783], [-54.88905881471697, -34.928763479778794], [-54.88938316225388, -34.92897590357046], [-54.88953085891837, -34.92918524232964], [-54.88987416310122, -34.92929081627691], [-54.89146808830064, -34.93025274632805], [-54.89298958624548, -34.93079241490114], [-54.894018171148886, -34.93142292924615], [-54.896345316290436, -34.93255856007982], [-54.898413515988466, -34.93343692124881], [-54.898904415526204, -34.93380542265197], [-54.89986853685269, -34.93428164220833], [-54.90281480192562, -34.93027480265613], [-54.90269417556524, -34.93022683260315], [-54.902760761375035, -34.929898725767124], [-54.903067733001926, -34.929850496201084], [-54.90528991966575, -34.927645733683406]]]}}, {"type": "Feature", "properties": {"cod": 1001064, "dpto": 10, "secc": 1, "segm": 64, "loc": 830}, "geometry": {"type": "Polygon", "coordinates": [[[-54.948557913751564, -34.88841183798599], [-54.958380718281994, -34.88629184837889], [-54.95825989083257, -34.88665858646707], [-54.96519325019259, -34.88401729753204], [-54.96537111218124, -34.883784481300644], [-54.9653203469084, -34.88330766770789], [-54.97379769061832, -34.879951609073125], [-54.974066763434955, -34.880855291607716], [-54.98397566038129, -34.876950554136414], [-54.98664629058294, -34.874842598096855], [-54.98363421625292, -34.87489937860441], [-54.98469956790752, -34.873379344654374], [-54.97778077357252, -34.87506123879706], [-54.97633610271289, -34.87521635677561], [-54.975757419922104, -34.87555406099015], [-54.969068570761934, -34.87708271142397], [-54.96086666631167, -34.87790324303978], [-54.95714155577095, -34.87868659114821], [-54.95203955128821, -34.87899297403743], [-54.947776851357176, -34.88125123072018], [-54.94643705851483, -34.882104802974496], [-54.94875685629938, -34.88217966615262], [-54.94838775045674, -34.8824811582032], [-54.94967703761637, -34.882521863285554], [-54.9496433130484, -34.8826610767075], [-54.947195143835, -34.885064534987755], [-54.950306785312, -34.884987834829786], [-54.94897338618306, -34.88811688426517], [-54.948557913751564, -34.88841183798599]]]}}, {"type": "Feature", "properties": {"cod": 1001065, "dpto": 10, "secc": 1, "segm": 65, "loc": 830}, "geometry": {"type": "Polygon", "coordinates": [[[-54.955216608622, -34.89069472146927], [-54.972679591055105, -34.88394883942494], [-54.97750200477221, -34.88231958733917], [-54.972167752055185, -34.881619528054436], [-54.974066763434955, -34.880855291607716], [-54.97379769061832, -34.879951609073125], [-54.9653203469084, -34.88330766770789], [-54.96537111218124, -34.883784481300644], [-54.96519325019259, -34.88401729753204], [-54.95825989083257, -34.88665858646707], [-54.958380718281994, -34.88629184837889], [-54.948557913751564, -34.88841183798599], [-54.946808506957154, -34.8934368954864], [-54.948838463830185, -34.8930788839214], [-54.955216608622, -34.89069472146927]]]}}, {"type": "Feature", "properties": {"cod": 1001066, "dpto": 10, "secc": 1, "segm": 66, "loc": 830}, "geometry": {"type": "Polygon", "coordinates": [[[-54.98977239012847, -34.872373262552884], [-54.998137629348086, -34.87412834942178], [-54.99841703273392, -34.874080007763816], [-55.00220169043797, -34.87244960074992], [-55.00222662387487, -34.872387221627385], [-55.00181831598735, -34.87252517606126], [-55.00170220338413, -34.87246873748637], [-55.00189986921853, -34.871995020220076], [-55.0025609200144, -34.871375082399425], [-55.00406360061274, -34.87035482683141], [-55.00515617710727, -34.869392304130855], [-55.00528597388889, -34.86907290438275], [-55.00520805896562, -34.868454139067325], [-55.005025450363796, -34.86809245089496], [-55.00480667072299, -34.868019478155475], [-55.00466749854148, -34.86781395704694], [-55.0046096292416, -34.86695422736661], [-55.00369457761462, -34.86679055206843], [-55.003389095059426, -34.86659132767103], [-55.00293964460743, -34.86648576266369], [-55.00205531796904, -34.86656227605548], [-55.000802858494744, -34.86683449075326], [-54.999886433875474, -34.867130382554535], [-54.999335041997334, -34.86719411931413], [-54.998889578605855, -34.86737281038314], [-54.997979020121036, -34.86726390736932], [-54.99795774800141, -34.867070930390106], [-54.997641750432976, -34.86686819876818], [-54.997490839844964, -34.866640908510504], [-54.997296578896126, -34.86590385807304], [-54.99731188958123, -34.86560818478448], [-54.99783711317097, -34.86523479568046], [-54.99824272099267, -34.86470661117053], [-54.9986601216806, -34.86282892160901], [-54.99239799419194, -34.86437607755317], [-54.992336958743046, -34.86431137281089], [-54.98660650534625, -34.86568209991438], [-54.98461265042332, -34.86616719536041], [-54.982080162880905, -34.873947500478785], [-54.98175806573718, -34.87408771715549], [-54.98469956790752, -34.873379344654374], [-54.98363421625292, -34.87489937860441], [-54.98664629058294, -34.874842598096855], [-54.98977239012847, -34.872373262552884]]]}}, {"type": "Feature", "properties": {"cod": 1001067, "dpto": 10, "secc": 1, "segm": 67, "loc": 956}, "geometry": {"type": "Polygon", "coordinates": [[[-55.06894082313294, -34.87378872071165], [-55.07573749932417, -34.872984545816834], [-55.07573683963353, -34.87285257534217], [-55.0768110871231, -34.872242698423115], [-55.07777916443957, -34.871565815614204], [-55.079033912094616, -34.87048320184571], [-55.079381377875876, -34.869632856393885], [-55.0772, -34.86899], [-55.077070535174705, -34.86841203202994], [-55.075470087543835, -34.86759640368338], [-55.073419045748096, -34.865260153683195], [-55.0715527737821, -34.86407863766998], [-55.06933871175331, -34.863116140116574], [-55.068202591753625, -34.86275484985956], [-55.06789530404533, -34.862857116518676], [-55.06681822525159, -34.86290059378179], [-55.0663666712717, -34.863019451788084], [-55.066114064464706, -34.86250354851778], [-55.06572891671009, -34.86243935801007], [-55.063209775970954, -34.8607331826333], [-55.06065634137956, -34.859839922303834], [-55.05707304846207, -34.85885267080671], [-55.052760504885235, -34.858212018044206], [-55.05310860379972, -34.85856931682953], [-55.05315888984629, -34.859013788607434], [-55.05277470054489, -34.86105184600615], [-55.050328830562016, -34.86053587290785], [-55.04972342064564, -34.86063211950956], [-55.049541678786646, -34.860856448755094], [-55.049304597627014, -34.861535917910864], [-55.050623413361116, -34.861713030030316], [-55.05098995807206, -34.861939363969], [-55.05137164152301, -34.863252344008544], [-55.05216534850032, -34.86424313797676], [-55.05288888684603, -34.86466430670276], [-55.05359204009405, -34.86482848494238], [-55.054448390259246, -34.864883430393235], [-55.05528450929088, -34.864743511619864], [-55.05636792228083, -34.86402534801662], [-55.05678841181739, -34.863486260798894], [-55.0575067913188, -34.86287540772105], [-55.059171105684044, -34.86292095233032], [-55.0609560313547, -34.8639806012012], [-55.06111341808552, -34.864678226723946], [-55.06125845828127, -34.86484777602445], [-55.06214257629004, -34.8646634771176], [-55.062206099543054, -34.865845528951034], [-55.06238119661445, -34.86623375254201], [-55.0645206596944, -34.86893870682992], [-55.06514241086444, -34.87016968405495], [-55.06550903322338, -34.87041155140187], [-55.06718654698716, -34.871155786744815], [-55.068354257818086, -34.87192327276224], [-55.069205244097574, -34.87281569636343], [-55.06919743718718, -34.87316444177154], [-55.06894082313294, -34.87378872071165]]]}}, {"type": "Feature", "properties": {"cod": 1001068, "dpto": 10, "secc": 1, "segm": 68, "loc": 956}, "geometry": {"type": "Polygon", "coordinates": [[[-55.038997993166475, -34.885644563213745], [-55.03836186731505, -34.88539029132977], [-55.03701983589067, -34.88438991538347], [-55.03659566214671, -34.88419198849666], [-55.035964655999955, -34.884961908572684], [-55.035503704907704, -34.88511139362511], [-55.034443442529074, -34.88469795789856], [-55.03263241815579, -34.88418014554642], [-55.02862540618367, -34.88499643759319], [-55.03147386577495, -34.89100765529256], [-55.03172542461215, -34.891313921239146], [-55.031745811001144, -34.89153985218101], [-55.03254211633924, -34.89305044570978], [-55.03765572048609, -34.8923006170932], [-55.03801217117728, -34.892386844559105], [-55.038545488574236, -34.8951884472485], [-55.03801656899713, -34.89711896256904], [-55.037541127067264, -34.89822191602222], [-55.03755137767401, -34.89836202970231], [-55.03838656556325, -34.898035836794485], [-55.03911841650611, -34.8981781043877], [-55.04159528799774, -34.90298538900998], [-55.04174835818157, -34.90473000375967], [-55.042882975831525, -34.906581915819025], [-55.043444656235145, -34.907321507809186], [-55.044392013516536, -34.91020428689089], [-55.045235917023824, -34.91353216321971], [-55.0467015072536, -34.916136279928715], [-55.047003738899576, -34.916850332340566], [-55.047436565041586, -34.91531515211812], [-55.047100291691045, -34.91510744706876], [-55.04649119568465, -34.914497612800496], [-55.0463064300493, -34.91408571262819], [-55.0461578975275, -34.91324885277208], [-55.04598307383039, -34.91288399957584], [-55.04609569302453, -34.91233061560852], [-55.046016824148055, -34.91196235096182], [-55.04611123116061, -34.91158665825017], [-55.0460667735839, -34.91039765595195], [-55.04559, -34.90868], [-55.04671398822188, -34.90423978206562], [-55.046620007584856, -34.90368469657286], [-55.04328525408279, -34.89969572927611], [-55.04299183028596, -34.89948122475467], [-55.04274962942149, -34.899136501918115], [-55.04192799993616, -34.89835401183524], [-55.04165546303892, -34.89774620491982], [-55.04104, -34.89701], [-55.040720393507605, -34.893457804603635], [-55.041081122277646, -34.89248933931239], [-55.042457653927066, -34.89077624071452], [-55.04316597721663, -34.89006417048575], [-55.04345392583439, -34.889945483927185], [-55.042265984541245, -34.88898325996684], [-55.040225543783244, -34.88682590113977], [-55.03946208619419, -34.886123611290415], [-55.03938414975141, -34.88591056123366], [-55.03981574408959, -34.88565114266476], [-55.038997993166475, -34.885644563213745]]]}}, {"type": "Feature", "properties": {"cod": 1001069, "dpto": 10, "secc": 1, "segm": 69, "loc": 956}, "geometry": {"type": "Polygon", "coordinates": [[[-55.038545488574236, -34.8951884472485], [-55.03189653114104, -34.896666697362356], [-55.03605055476821, -34.904087710106786], [-55.0363113958931, -34.904309052556606], [-55.03331439747012, -34.90513307166091], [-55.024348231228, -34.904898784765564], [-55.023636844282045, -34.90499798152061], [-55.023487191030114, -34.90969977738474], [-55.025315187814336, -34.909760557676904], [-55.0260359339955, -34.90962315659081], [-55.02645009003599, -34.90972756989109], [-55.027729488958755, -34.90975539780859], [-55.028596207138136, -34.90994263433347], [-55.029875063157554, -34.90986185496373], [-55.03146334191329, -34.910074601351376], [-55.03164846714665, -34.910157045224345], [-55.04, -34.91051], [-55.04342, -34.91153], [-55.04697, -34.91697], [-55.047003738899576, -34.916850332340566], [-55.0467015072536, -34.916136279928715], [-55.045235917023824, -34.91353216321971], [-55.044392013516536, -34.91020428689089], [-55.043444656235145, -34.907321507809186], [-55.042882975831525, -34.906581915819025], [-55.04174835818157, -34.90473000375967], [-55.04159528799774, -34.90298538900998], [-55.03911841650611, -34.8981781043877], [-55.03838656556325, -34.898035836794485], [-55.03755137767401, -34.89836202970231], [-55.037541127067264, -34.89822191602222], [-55.03801656899713, -34.89711896256904], [-55.038545488574236, -34.8951884472485]]]}}, {"type": "Feature", "properties": {"cod": 1001070, "dpto": 10, "secc": 1, "segm": 70, "loc": 956}, "geometry": {"type": "Polygon", "coordinates": [[[-55.023725482465125, -34.90155772979026], [-55.02061909491698, -34.90167080277917], [-55.020457363737044, -34.90010406640144], [-55.01857425996415, -34.90054489980312], [-55.01661333465348, -34.9008269796347], [-55.01586466725559, -34.901141625061626], [-55.01530841714802, -34.9014883585351], [-55.01477038181624, -34.90162659383382], [-55.014213939196225, -34.901903497511235], [-55.01416539801574, -34.90180808450301], [-55.009279398977014, -34.90192459717854], [-55.00933888962334, -34.90226861208194], [-55.00969495082425, -34.90230823224699], [-55.00965766967216, -34.902554866741], [-55.00935088572758, -34.9027579108435], [-55.0093805152648, -34.90289108847709], [-55.00847864840706, -34.903377085751316], [-55.00769436707549, -34.904271891098354], [-55.0075044692065, -34.904775128716295], [-55.0075324575049, -34.90652181427075], [-55.00787158605463, -34.90699511054613], [-55.00828721618078, -34.90739440523761], [-55.00856906291446, -34.907996878835114], [-55.00849294965694, -34.90814854720526], [-55.007934993151416, -34.90815392543926], [-55.00815812641703, -34.90853653200567], [-55.009523194259295, -34.908351138451], [-55.00985036392154, -34.908373899009064], [-55.00998748105067, -34.908868956777376], [-55.01054574618461, -34.908956645245546], [-55.01097034859856, -34.90920900927892], [-55.012268892136774, -34.90921436056301], [-55.01268599630883, -34.909908536708514], [-55.013072889600856, -34.910321912267214], [-55.01333322692179, -34.91044247723947], [-55.013439589607486, -34.910579312957715], [-55.01330912870689, -34.910794212642166], [-55.01410329631589, -34.91178395884145], [-55.01464942984358, -34.91207005281367], [-55.01520986914483, -34.912561363477536], [-55.01561250486497, -34.91279591313667], [-55.01589944477174, -34.9119802300309], [-55.01588867846209, -34.91173922624553], [-55.01604599766112, -34.91156362462627], [-55.01581823901015, -34.911115423655325], [-55.01593031530095, -34.910453432400764], [-55.01613182299776, -34.910330893433965], [-55.0164397703967, -34.910360597249515], [-55.016717972762585, -34.91020270073187], [-55.01851680526524, -34.9102233773341], [-55.02082385046981, -34.90993399697097], [-55.02107436393127, -34.90999981864242], [-55.02150638501672, -34.90982577045279], [-55.02213117249191, -34.909753647313075], [-55.023487191030114, -34.90969977738474], [-55.023725482465125, -34.90155772979026]]]}}, {"type": "Feature", "properties": {"cod": 1001101, "dpto": 10, "secc": 1, "segm": 101, "loc": 524}, "geometry": {"type": "Polygon", "coordinates": [[[-54.952856941448125, -34.914739334234014], [-54.949973015534574, -34.91736138850369], [-54.947955885583276, -34.919447221859315], [-54.94503461022945, -34.9220991579504], [-54.94558877611809, -34.92284389736035], [-54.94615454195573, -34.92305293488168], [-54.94651595115258, -34.92329653999746], [-54.94688567666536, -34.92370118630299], [-54.9470421730397, -34.924033189039974], [-54.94676133382642, -34.92444180336381], [-54.94865956016788, -34.92592214507156], [-54.95152463015768, -34.92335347659219], [-54.952885999478056, -34.92237411287408], [-54.952856941448125, -34.914739334234014]]]}}, {"type": "Feature", "properties": {"cod": 1001102, "dpto": 10, "secc": 1, "segm": 102, "loc": 524}, "geometry": {"type": "Polygon", "coordinates": [[[-54.93467235004852, -34.93207171403915], [-54.93049833722872, -34.93235862359091], [-54.92878133924258, -34.93189991463212], [-54.928192597266964, -34.932586433398185], [-54.92865418206734, -34.933237704489024], [-54.93055885562121, -34.93530777834487], [-54.93142114098844, -34.935728629021426], [-54.931168823099185, -34.93602283358952], [-54.93274831925127, -34.938056569896304], [-54.934164835403635, -34.93917629766127], [-54.934939526252236, -34.93847769690522], [-54.93522792415538, -34.938390881906045], [-54.93608773133097, -34.9373798272332], [-54.937207963414814, -34.936312127784106], [-54.93706203509295, -34.93572756211999], [-54.93666483483711, -34.935215255068336], [-54.93505355889832, -34.93198644430337], [-54.93467235004852, -34.93207171403915]]]}}, {"type": "Feature", "properties": {"cod": 1001105, "dpto": 10, "secc": 1, "segm": 105, "loc": 524}, "geometry": {"type": "Polygon", "coordinates": [[[-54.942153442542846, -34.95651821999624], [-54.94114, -34.95597], [-54.94156945249337, -34.951163145775965], [-54.936262653894396, -34.95151804871494], [-54.93665302910686, -34.95546837549149], [-54.9361875833502, -34.95563634776174], [-54.93588237947881, -34.95530947500167], [-54.93265581620728, -34.953736891021], [-54.93048176840009, -34.953622401660965], [-54.930240739776735, -34.95351101144646], [-54.92952976007518, -34.95253371767668], [-54.92950297751285, -34.95231128579239], [-54.929252896637415, -34.95213081768759], [-54.9291654014287, -34.95167924446862], [-54.92788871813804, -34.95171640678361], [-54.928055234351746, -34.951880086160216], [-54.928238873307706, -34.952358129496375], [-54.92823786313971, -34.95257247365499], [-54.92806932662857, -34.952837482628205], [-54.92810530529443, -34.95309846082935], [-54.92836378147964, -34.953455300840794], [-54.92857488897233, -34.9540102214552], [-54.928962820259855, -34.95449943490773], [-54.92960159739119, -34.95503889254401], [-54.930195090475394, -34.95530200472328], [-54.93316606421427, -34.95590524779008], [-54.933637019253844, -34.95652602378266], [-54.93455428313958, -34.957123935297965], [-54.934775337606844, -34.95752598526973], [-54.93497902295769, -34.957698040740944], [-54.93521115060046, -34.95774035564313], [-54.93556314639011, -34.95799152337585], [-54.936694649582144, -34.958447734333], [-54.93761209373229, -34.95900738793162], [-54.937713359085066, -34.95921591582233], [-54.93844766881471, -34.959190478616875], [-54.94143184253201, -34.956960762181986], [-54.942153442542846, -34.95651821999624]]]}}, {"type": "Feature", "properties": {"cod": 1001106, "dpto": 10, "secc": 1, "segm": 106, "loc": 524}, "geometry": {"type": "Polygon", "coordinates": [[[-54.94143184253201, -34.956960762181986], [-54.94379739107566, -34.957874974938804], [-54.94118265415586, -34.95994823469054], [-54.94368388130352, -34.96222229382689], [-54.94550298587081, -34.960753280515384], [-54.94607953186868, -34.962654593561375], [-54.946496509026815, -34.962690596256365], [-54.946283007158705, -34.96143594330299], [-54.94616908647431, -34.961400396192204], [-54.94604020193961, -34.961114863771435], [-54.94613443422841, -34.96056284805832], [-54.9458544552321, -34.95891753938866], [-54.94488904121371, -34.9579980373807], [-54.942153442542846, -34.95651821999624], [-54.94143184253201, -34.956960762181986]]]}}, {"type": "Feature", "properties": {"cod": 1001107, "dpto": 10, "secc": 1, "segm": 107, "loc": 524}, "geometry": {"type": "Polygon", "coordinates": [[[-54.94550298587081, -34.960753280515384], [-54.94122156808084, -34.964124251874786], [-54.94121129573828, -34.96434616125954], [-54.941721694006326, -34.964492789753116], [-54.941980351081924, -34.964811247237826], [-54.942772519111585, -34.96431971111019], [-54.94365171113068, -34.965100785459335], [-54.94446367921962, -34.96438763095834], [-54.94622603751319, -34.963116659070394], [-54.94550298587081, -34.960753280515384]]]}}, {"type": "Feature", "properties": {"cod": 1001110, "dpto": 10, "secc": 1, "segm": 110, "loc": 524}, "geometry": {"type": "Polygon", "coordinates": [[[-54.939588083298716, -34.934102396374065], [-54.93816012816839, -34.93540986696009], [-54.937602962405386, -34.93729150571096], [-54.941889969580366, -34.94059762815537], [-54.945294752536704, -34.93789281851312], [-54.939588083298716, -34.934102396374065]]]}}, {"type": "Feature", "properties": {"cod": 1001111, "dpto": 10, "secc": 1, "segm": 111, "loc": 524}, "geometry": {"type": "Polygon", "coordinates": [[[-54.952885999478056, -34.92237411287408], [-54.95152463015768, -34.92335347659219], [-54.94648488722241, -34.927898046223305], [-54.94853181368004, -34.92934272370771], [-54.94905919021261, -34.92983437240812], [-54.951550188425294, -34.9317308580549], [-54.953183777590944, -34.93018195811982], [-54.95333194296504, -34.93029185117552], [-54.95333238104516, -34.928209059755176], [-54.953262956437015, -34.92718177716952], [-54.953161726910075, -34.92696564751438], [-54.952885999478056, -34.92237411287408]]]}}, {"type": "Feature", "properties": {"cod": 1001137, "dpto": 10, "secc": 1, "segm": 137, "loc": 830}, "geometry": {"type": "Polygon", "coordinates": [[[-54.98043239378749, -34.884455920065434], [-54.981590654628185, -34.88396640411608], [-54.98396413036358, -34.88318332382951], [-54.986321800121814, -34.88215624802763], [-54.99096405479259, -34.88043148520875], [-54.99161843329546, -34.880092536043215], [-54.994047003112385, -34.879363395772714], [-54.996564213198425, -34.878424809581354], [-54.99771090549696, -34.87809960696881], [-54.99929833462245, -34.87747909445575], [-55.002092098491396, -34.87657976553823], [-55.00253117428859, -34.87495695609816], [-55.00206956239179, -34.87428983322718], [-55.0020455097581, -34.87376865586588], [-55.00180195174838, -34.872988669865975], [-55.00220169043797, -34.87244960074992], [-54.99841703273392, -34.874080007763816], [-54.998137629348086, -34.87412834942178], [-54.99781177858469, -34.8740461565386], [-54.99674421289082, -34.87446859097247], [-54.99396510932848, -34.8753019702112], [-54.99283968908767, -34.87582014981916], [-54.992411424757705, -34.87626115489078], [-54.99257741563107, -34.87654660477915], [-54.98882469461549, -34.87789566695823], [-54.985134877413515, -34.879389535537115], [-54.98500253881741, -34.87896499219881], [-54.9846185109472, -34.87885461168421], [-54.98374511098249, -34.87912065142578], [-54.982457945640114, -34.87969978015104], [-54.9791523145412, -34.88095031626486], [-54.97750200477221, -34.88231958733917], [-54.976016920124415, -34.88283270121133], [-54.97624091859919, -34.8831462821198], [-54.97653149047975, -34.88328740349609], [-54.97750079607, -34.88325680028518], [-54.97902427099289, -34.883074981291756], [-54.97926912980304, -34.883395520086616], [-54.98013349136517, -34.88349794128816], [-54.98043239378749, -34.884455920065434]]]}}, {"type": "Feature", "properties": {"cod": 1001147, "dpto": 10, "secc": 1, "segm": 147, "loc": 524}, "geometry": {"type": "Polygon", "coordinates": [[[-54.94127771357528, -34.92855749995565], [-54.9416690007348, -34.928334642190215], [-54.94189403160372, -34.927925053207105], [-54.942028430030255, -34.92700851105202], [-54.94261969805201, -34.92578600724746], [-54.94356569201002, -34.92619311504823], [-54.94711941102574, -34.927350166589854], [-54.94865956016788, -34.92592214507156], [-54.94676133382642, -34.92444180336381], [-54.9470421730397, -34.924033189039974], [-54.94688567666536, -34.92370118630299], [-54.94651595115258, -34.92329653999746], [-54.94615454195573, -34.92305293488168], [-54.94558877611809, -34.92284389736035], [-54.943076300486965, -34.91959929914842], [-54.94207487797941, -34.923058210490254], [-54.941903743222355, -34.92387453254653], [-54.94038531939309, -34.92858790341237], [-54.94127771357528, -34.92855749995565]]]}}, {"type": "Feature", "properties": {"cod": 1001149, "dpto": 10, "secc": 1, "segm": 149, "loc": 524}, "geometry": {"type": "Polygon", "coordinates": [[[-54.94324589864082, -34.93091969161196], [-54.95240324946578, -34.93752976175985], [-54.95369428316292, -34.93607368668993], [-54.95262086243632, -34.93524128550469], [-54.95235294377327, -34.934930268667294], [-54.94496265548755, -34.92947182261293], [-54.94468362782346, -34.92952814254574], [-54.94324589864082, -34.93091969161196]]]}}, {"type": "Feature", "properties": {"cod": 1001150, "dpto": 10, "secc": 1, "segm": 150, "loc": 524}, "geometry": {"type": "Polygon", "coordinates": [[[-54.93816012816839, -34.93540986696009], [-54.93608773133097, -34.9373798272332], [-54.93522792415538, -34.938390881906045], [-54.934939526252236, -34.93847769690522], [-54.93185029112281, -34.941272266393234], [-54.93134605169941, -34.941776557835894], [-54.931419849689846, -34.94190795925881], [-54.93126089954688, -34.94209661345332], [-54.931695305352825, -34.94260957025633], [-54.93172212374084, -34.942824400408085], [-54.932287102881894, -34.94323245658954], [-54.9351430391244, -34.94459168397235], [-54.93666323798491, -34.9454070091036], [-54.936808132264005, -34.94425323209785], [-54.93691683580865, -34.94089363834412], [-54.93719620024326, -34.93880811568768], [-54.93816012816839, -34.93540986696009]]]}}, {"type": "Feature", "properties": {"cod": 1001151, "dpto": 10, "secc": 1, "segm": 151, "loc": 524}, "geometry": {"type": "Polygon", "coordinates": [[[-54.923819695962415, -34.94156847203403], [-54.92385755107396, -34.94143129352259], [-54.917632189567904, -34.93726428225471], [-54.91756603664203, -34.93750054511979], [-54.9164628198618, -34.938905413790515], [-54.916907714139434, -34.93915060149642], [-54.91565423827449, -34.9408898427585], [-54.91528144525748, -34.9411360798828], [-54.91520569916984, -34.94141803866943], [-54.91436204777506, -34.94298073397435], [-54.91869970782445, -34.94539190806222], [-54.91925556926822, -34.94577687331824], [-54.92048679809885, -34.94481056621816], [-54.923819695962415, -34.94156847203403]]]}}, {"type": "Feature", "properties": {"cod": 1001152, "dpto": 10, "secc": 1, "segm": 152, "loc": 524}, "geometry": {"type": "Polygon", "coordinates": [[[-54.92680582976672, -34.936965106797345], [-54.925206287768304, -34.935237233744104], [-54.92363576018826, -34.93524806741615], [-54.92297521207467, -34.935412632420345], [-54.92101861032068, -34.93646585030566], [-54.919932023227226, -34.93633196642369], [-54.919438525443425, -34.93651477813549], [-54.91912125240316, -34.9368231776753], [-54.91833380422646, -34.93628112367335], [-54.917632189567904, -34.93726428225471], [-54.92385755107396, -34.94143129352259], [-54.92388584888829, -34.941332209168955], [-54.92681616970044, -34.9387186921429], [-54.927581916400314, -34.9379280836251], [-54.92680582976672, -34.936965106797345]]]}}, {"type": "Feature", "properties": {"cod": 1001154, "dpto": 10, "secc": 1, "segm": 154, "loc": 524}, "geometry": {"type": "Polygon", "coordinates": [[[-54.93349638602432, -34.92525914848103], [-54.93200037550158, -34.92322687015297], [-54.92560632316311, -34.92333729432919], [-54.92847424036296, -34.92802756434068], [-54.929875143751595, -34.93050235932431], [-54.92919061604818, -34.93180748363033], [-54.92878133924258, -34.93189991463212], [-54.93049833722872, -34.93235862359091], [-54.934021388851654, -34.932159799653235], [-54.93505355889832, -34.93198644430337], [-54.93476831604073, -34.9314148505825], [-54.934655520244235, -34.9297053394521], [-54.93385369880396, -34.92829761098483], [-54.93361916520835, -34.92680806262554], [-54.93349638602432, -34.92525914848103]]]}}, {"type": "Feature", "properties": {"cod": 1001156, "dpto": 10, "secc": 1, "segm": 156, "loc": 830}, "geometry": {"type": "Polygon", "coordinates": [[[-54.948838463830185, -34.8930788839214], [-54.94506984465883, -34.8937061848911], [-54.944232737207386, -34.895886198740804], [-54.94378801951941, -34.896728611328086], [-54.94368674850195, -34.8971460750882], [-54.94329948222898, -34.89783083942228], [-54.94290862689248, -34.89877083994747], [-54.94274592039717, -34.89947737530568], [-54.94230740279988, -34.90039269544192], [-54.94135862978828, -34.90078391293827], [-54.94127039250881, -34.90105526200137], [-54.941031405970705, -34.901161287170744], [-54.94092507747357, -34.90140010917101], [-54.94157864730319, -34.90164459661111], [-54.94347398553002, -34.90059592087985], [-54.94896152312602, -34.89827739399521], [-54.94976754310557, -34.89787398176742], [-54.95177946531788, -34.891979532064795], [-54.948838463830185, -34.8930788839214]]]}}, {"type": "Feature", "properties": {"cod": 1001157, "dpto": 10, "secc": 1, "segm": 157, "loc": 830}, "geometry": {"type": "Polygon", "coordinates": [[[-54.92978126780142, -34.902867110161914], [-54.93092454360138, -34.903212879756815], [-54.933199448323236, -34.90323749332263], [-54.93385008466468, -34.90302990413954], [-54.934309557897414, -34.90301498697253], [-54.93399863777693, -34.90346878272962], [-54.93209335723609, -34.90457591091057], [-54.934181344719896, -34.90513959542054], [-54.93260085832904, -34.90608105759583], [-54.93332262808962, -34.90623325050748], [-54.93480363657635, -34.90537379423924], [-54.93526049886231, -34.90503073328523], [-54.94157864730319, -34.90164459661111], [-54.94092507747357, -34.90140010917101], [-54.941031405970705, -34.901161287170744], [-54.94127039250881, -34.90105526200137], [-54.94135862978828, -34.90078391293827], [-54.941335881058, -34.90021896779142], [-54.94108726869007, -34.899676019420454], [-54.939496721632366, -34.89888892389323], [-54.93882953371557, -34.898188796041], [-54.936528334115636, -34.899225924209695], [-54.93530244601826, -34.899869694316536], [-54.93458182496932, -34.9004431260347], [-54.93418078235783, -34.901025962967005], [-54.93284366653498, -34.901376200303886], [-54.934094387312264, -34.90006816924397], [-54.929802663370765, -34.90127301370409], [-54.92976975359518, -34.90166014933041], [-54.9287246748672, -34.90216970665268], [-54.92965194018104, -34.902416934270235], [-54.92978126780142, -34.902867110161914]]]}}, {"type": "Feature", "properties": {"cod": 1001163, "dpto": 10, "secc": 1, "segm": 163, "loc": 830}, "geometry": {"type": "Polygon", "coordinates": [[[-54.909008460759246, -34.91313561820172], [-54.90761263871473, -34.91589008106141], [-54.90765184067923, -34.91605361872503], [-54.90717640946091, -34.91700961216467], [-54.905989087683984, -34.91900211843], [-54.90642371651849, -34.919111666721484], [-54.91183211263309, -34.91574043319352], [-54.91168406342179, -34.91596533940654], [-54.91201716776782, -34.915952619338746], [-54.9149020845919, -34.913862863721896], [-54.91633305347911, -34.912712429776214], [-54.91454441754869, -34.91185926280078], [-54.91457040453945, -34.911629063162096], [-54.909008460759246, -34.91313561820172]]]}}, {"type": "Feature", "properties": {"cod": 1001201, "dpto": 10, "secc": 1, "segm": 201, "loc": 524}, "geometry": {"type": "Polygon", "coordinates": [[[-54.952968454720306, -34.912773390490976], [-54.948422755713445, -34.91502942714971], [-54.94645322312197, -34.91491090701829], [-54.945736361541, -34.91518166950566], [-54.944632355369386, -34.91476419981655], [-54.94395485954333, -34.91656709032943], [-54.943076300486965, -34.91959929914842], [-54.94503461022945, -34.9220991579504], [-54.947955885583276, -34.919447221859315], [-54.949973015534574, -34.91736138850369], [-54.952856941448125, -34.914739334234014], [-54.952968454720306, -34.912773390490976]]]}}, {"type": "Feature", "properties": {"cod": 1001202, "dpto": 10, "secc": 1, "segm": 202, "loc": 524}, "geometry": {"type": "Polygon", "coordinates": [[[-54.93125351381799, -34.94170602196688], [-54.93134605169941, -34.941776557835894], [-54.934164835403635, -34.93917629766127], [-54.93274831925127, -34.938056569896304], [-54.931168823099185, -34.93602283358952], [-54.93142114098844, -34.935728629021426], [-54.93055885562121, -34.93530777834487], [-54.92865418206734, -34.933237704489024], [-54.928192597266964, -34.932586433398185], [-54.92878133924258, -34.93189991463212], [-54.92312018265279, -34.93225282911153], [-54.92298023228503, -34.93235756594229], [-54.9230334065965, -34.93291745541783], [-54.92342155460027, -34.9333606845792], [-54.92668578807129, -34.93682517080312], [-54.927581916400314, -34.9379280836251], [-54.92818316316211, -34.93853580564075], [-54.9282101254403, -34.93872010421975], [-54.93106752911932, -34.9417257056894], [-54.93125351381799, -34.94170602196688]]]}}, {"type": "Feature", "properties": {"cod": 1001205, "dpto": 10, "secc": 1, "segm": 205, "loc": 524}, "geometry": {"type": "Polygon", "coordinates": [[[-54.936262653894396, -34.95151804871494], [-54.9291654014287, -34.95167924446862], [-54.929252896637415, -34.95213081768759], [-54.92950297751285, -34.95231128579239], [-54.92952976007518, -34.95253371767668], [-54.930240739776735, -34.95351101144646], [-54.93048176840009, -34.953622401660965], [-54.93265581620728, -34.953736891021], [-54.93588237947881, -34.95530947500167], [-54.9361875833502, -34.95563634776174], [-54.93665302910686, -34.95546837549149], [-54.936262653894396, -34.95151804871494]]]}}, {"type": "Feature", "properties": {"cod": 1001206, "dpto": 10, "secc": 1, "segm": 206, "loc": 524}, "geometry": {"type": "Polygon", "coordinates": [[[-54.937804850424094, -34.959508522225796], [-54.93781337538726, -34.96005794551403], [-54.94025, -34.963], [-54.9401081228891, -34.963210716892526], [-54.94026764748441, -34.96344132636751], [-54.940238621114965, -34.96366290823515], [-54.9396584262684, -34.96452567703395], [-54.93913536733436, -34.965075627891764], [-54.93915438116483, -34.96526579688577], [-54.94093844489597, -34.964532809461346], [-54.94121129573828, -34.96434616125954], [-54.94122156808084, -34.964124251874786], [-54.94368388130352, -34.96222229382689], [-54.94118265415586, -34.95994823469054], [-54.9394224900942, -34.961343892233685], [-54.93841359097912, -34.96048390591956], [-54.93844766881471, -34.959190478616875], [-54.937713359085066, -34.95921591582233], [-54.937804850424094, -34.959508522225796]]]}}, {"type": "Feature", "properties": {"cod": 1001207, "dpto": 10, "secc": 1, "segm": 207, "loc": 524}, "geometry": {"type": "Polygon", "coordinates": [[[-54.94918832019382, -34.96357418374035], [-54.94925424964964, -34.96379603927126], [-54.949391572699454, -34.963838083183184], [-54.949323205258146, -34.96393946693695], [-54.94966, -34.96464], [-54.94659, -34.96324], [-54.946496509026815, -34.962690596256365], [-54.94607953186868, -34.962654593561375], [-54.94622603751319, -34.963116659070394], [-54.94446367921962, -34.96438763095834], [-54.94365171113068, -34.965100785459335], [-54.942772519111585, -34.96431971111019], [-54.941980351081924, -34.964811247237826], [-54.942358370594576, -34.965445854210515], [-54.943329847991876, -34.966351050453056], [-54.94511058771597, -34.967117210570294], [-54.94527969094681, -34.967336329267646], [-54.94732, -34.96776], [-54.94798492009747, -34.96882811632678], [-54.94860648480621, -34.96873263462636], [-54.94779793180742, -34.964805663571184], [-54.94897702099532, -34.965017685055386], [-54.94906942115418, -34.965149535964365], [-54.950279376744405, -34.9647495451797], [-54.9500141211852, -34.96384135290512], [-54.94940220564858, -34.963539657902594], [-54.94918832019382, -34.96357418374035]]]}}, {"type": "Feature", "properties": {"cod": 1001210, "dpto": 10, "secc": 1, "segm": 210, "loc": 524}, "geometry": {"type": "Polygon", "coordinates": [[[-54.937602962405386, -34.93729150571096], [-54.93719620024326, -34.93880811568768], [-54.936936051751545, -34.9407638613006], [-54.9403378160887, -34.94261505958684], [-54.94504748866455, -34.94500979874221], [-54.94526260159083, -34.94471481984395], [-54.94593469155081, -34.94409107406602], [-54.9475854040847, -34.94285641348045], [-54.94801479889784, -34.94244279114797], [-54.94836095386883, -34.94194346592467], [-54.948657906243305, -34.94175389696765], [-54.94956368115265, -34.94073233086339], [-54.945294752536704, -34.93789281851312], [-54.941889969580366, -34.94059762815537], [-54.937602962405386, -34.93729150571096]]]}}, {"type": "Feature", "properties": {"cod": 1001211, "dpto": 10, "secc": 1, "segm": 211, "loc": 524}, "geometry": {"type": "Polygon", "coordinates": [[[-54.94648488722241, -34.927898046223305], [-54.94506626650545, -34.92918262347551], [-54.94496265548755, -34.92947182261293], [-54.95235294377327, -34.934930268667294], [-54.95262086243632, -34.93524128550469], [-54.95369428316292, -34.93607368668993], [-54.95516101012714, -34.93449546676161], [-54.953485577187585, -34.933188917033355], [-54.95333194296504, -34.93029185117552], [-54.953183777590944, -34.93018195811982], [-54.951550188425294, -34.9317308580549], [-54.94905919021261, -34.92983437240812], [-54.94853181368004, -34.92934272370771], [-54.94648488722241, -34.927898046223305]]]}}, {"type": "Feature", "properties": {"cod": 1001237, "dpto": 10, "secc": 1, "segm": 237, "loc": 830}, "geometry": {"type": "Polygon", "coordinates": [[[-54.98397566038129, -34.876950554136414], [-54.972167752055185, -34.881619528054436], [-54.97750200477221, -34.88231958733917], [-54.9791523145412, -34.88095031626486], [-54.982457945640114, -34.87969978015104], [-54.98374511098249, -34.87912065142578], [-54.9846185109472, -34.87885461168421], [-54.98500253881741, -34.87896499219881], [-54.985134877413515, -34.879389535537115], [-54.98882469461549, -34.87789566695823], [-54.99257741563107, -34.87654660477915], [-54.992411424757705, -34.87626115489078], [-54.99283968908767, -34.87582014981916], [-54.99396510932848, -34.8753019702112], [-54.99674421289082, -34.87446859097247], [-54.99781177858469, -34.8740461565386], [-54.98977239012847, -34.872373262552884], [-54.98397566038129, -34.876950554136414]]]}}, {"type": "Feature", "properties": {"cod": 1001247, "dpto": 10, "secc": 1, "segm": 247, "loc": 524}, "geometry": {"type": "Polygon", "coordinates": [[[-54.93816012816839, -34.93540986696009], [-54.94184649445417, -34.932074367178025], [-54.94268567795065, -34.931491800589704], [-54.94305959595503, -34.931038948323035], [-54.94468362782346, -34.92952814254574], [-54.94496265548755, -34.92947182261293], [-54.94506626650545, -34.92918262347551], [-54.94711941102574, -34.927350166589854], [-54.94356569201002, -34.92619311504823], [-54.94261969805201, -34.92578600724746], [-54.942028430030255, -34.92700851105202], [-54.94189403160372, -34.927925053207105], [-54.9416690007348, -34.928334642190215], [-54.94127771357528, -34.92855749995565], [-54.94038531939309, -34.92858790341237], [-54.93816012816839, -34.93540986696009]]]}}, {"type": "Feature", "properties": {"cod": 1001249, "dpto": 10, "secc": 1, "segm": 249, "loc": 524}, "geometry": {"type": "Polygon", "coordinates": [[[-54.95240324946578, -34.93752976175985], [-54.94324589864082, -34.93091969161196], [-54.94268567795065, -34.931491800589704], [-54.94184649445417, -34.932074367178025], [-54.94133498083633, -34.93253370096614], [-54.95096925755203, -34.93914707034033], [-54.95240324946578, -34.93752976175985]]]}}, {"type": "Feature", "properties": {"cod": 1001250, "dpto": 10, "secc": 1, "segm": 250, "loc": 524}, "geometry": {"type": "Polygon", "coordinates": [[[-54.93666323798491, -34.9454070091036], [-54.93765494208022, -34.94596795956519], [-54.94050150129008, -34.94732702315719], [-54.940779266244085, -34.94753863343861], [-54.94223587456024, -34.948046510083735], [-54.943178596874695, -34.94719007243445], [-54.9440856294396, -34.946011344184484], [-54.94504748866455, -34.94500979874221], [-54.9403378160887, -34.94261505958684], [-54.936936051751545, -34.9407638613006], [-54.936808132264005, -34.94425323209785], [-54.93666323798491, -34.9454070091036]]]}}, {"type": "Feature", "properties": {"cod": 1001251, "dpto": 10, "secc": 1, "segm": 251, "loc": 524}, "geometry": {"type": "Polygon", "coordinates": [[[-54.907985742345716, -34.93929340068174], [-54.908606991747135, -34.93957232696184], [-54.90948730258598, -34.940116002701416], [-54.912016076329266, -34.94186010369869], [-54.912962323416465, -34.94221350086504], [-54.91390712690319, -34.94287321077234], [-54.914195207367904, -34.94288584411842], [-54.91436204777506, -34.94298073397435], [-54.91520569916984, -34.94141803866943], [-54.91528144525748, -34.9411360798828], [-54.91565423827449, -34.9408898427585], [-54.916907714139434, -34.93915060149642], [-54.9164628198618, -34.938905413790515], [-54.91756603664203, -34.93750054511979], [-54.917632189567904, -34.93726428225471], [-54.91265705151036, -34.93403799394118], [-54.90876241094959, -34.9381430545164], [-54.90947609692299, -34.938546105330325], [-54.90928030917863, -34.9386881281234], [-54.90865040399609, -34.938256006325325], [-54.90760609830317, -34.93900348903988], [-54.907985742345716, -34.93929340068174]]]}}, {"type": "Feature", "properties": {"cod": 1001252, "dpto": 10, "secc": 1, "segm": 252, "loc": 524}, "geometry": {"type": "Polygon", "coordinates": [[[-54.91265705151036, -34.93403799394118], [-54.917632189567904, -34.93726428225471], [-54.91833380422646, -34.93628112367335], [-54.91912125240316, -34.9368231776753], [-54.919438525443425, -34.93651477813549], [-54.919932023227226, -34.93633196642369], [-54.92101861032068, -34.93646585030566], [-54.92297521207467, -34.935412632420345], [-54.92328224859791, -34.93531854056466], [-54.92363576018826, -34.93524806741615], [-54.925206287768304, -34.935237233744104], [-54.9230334065965, -34.93291745541783], [-54.92298023228503, -34.93235756594229], [-54.912552839294904, -34.932497006437124], [-54.91265705151036, -34.93403799394118]]]}}, {"type": "Feature", "properties": {"cod": 1001254, "dpto": 10, "secc": 1, "segm": 254, "loc": 524}, "geometry": {"type": "Polygon", "coordinates": [[[-54.92175863563565, -34.92338488223143], [-54.92298023228503, -34.93235756594229], [-54.92312018265279, -34.93225282911153], [-54.92878133924258, -34.93189991463212], [-54.92919061604818, -34.93180748363033], [-54.92981847647155, -34.930715731496655], [-54.929875143751595, -34.93050235932431], [-54.92976494100497, -34.93023248252834], [-54.92560632316311, -34.92333729432919], [-54.92538313291434, -34.92335632830035], [-54.92519761692543, -34.9232765662875], [-54.923264713148534, -34.9232810714837], [-54.92316214867287, -34.923348200118575], [-54.923004389588456, -34.92328412759582], [-54.921907775313336, -34.92328803286037], [-54.92175863563565, -34.92338488223143]]]}}, {"type": "Feature", "properties": {"cod": 1001256, "dpto": 10, "secc": 1, "segm": 256, "loc": 830}, "geometry": {"type": "Polygon", "coordinates": [[[-54.93787918022133, -34.897190484226236], [-54.939496721632366, -34.89888892389323], [-54.94108726869007, -34.899676019420454], [-54.941335881058, -34.90021896779142], [-54.94135862978828, -34.90078391293827], [-54.94230740279988, -34.90039269544192], [-54.94274592039717, -34.89947737530568], [-54.94290862689248, -34.89877083994747], [-54.94329948222898, -34.89783083942228], [-54.94368674850195, -34.8971460750882], [-54.94378801951941, -34.896728611328086], [-54.944232737207386, -34.895886198740804], [-54.94506984465883, -34.8937061848911], [-54.94321213103531, -34.89394454836366], [-54.936289787529915, -34.896837449921314], [-54.93787918022133, -34.897190484226236]]]}}, {"type": "Feature", "properties": {"cod": 1001257, "dpto": 10, "secc": 1, "segm": 257, "loc": 830}, "geometry": {"type": "Polygon", "coordinates": [[[-54.92552129712657, -34.90724052076939], [-54.92383575241806, -34.91134911903989], [-54.924562337880694, -34.91168001704141], [-54.92905349764322, -34.90877243251535], [-54.93332262808962, -34.90623325050748], [-54.93260085832904, -34.90608105759583], [-54.934181344719896, -34.90513959542054], [-54.93209335723609, -34.90457591091057], [-54.93399863777693, -34.90346878272962], [-54.934309557897414, -34.90301498697253], [-54.93385008466468, -34.90302990413954], [-54.933199448323236, -34.90323749332263], [-54.93092454360138, -34.903212879756815], [-54.92978126780142, -34.902867110161914], [-54.92965194018104, -34.902416934270235], [-54.925381825356475, -34.904708137509324], [-54.92554514539136, -34.90632828110893], [-54.92552129712657, -34.90724052076939]]]}}, {"type": "Feature", "properties": {"cod": 1001263, "dpto": 10, "secc": 1, "segm": 263, "loc": 830}, "geometry": {"type": "Polygon", "coordinates": [[[-54.91633305347911, -34.912712429776214], [-54.91201716776782, -34.915952619338746], [-54.91168406342179, -34.91596533940654], [-54.91183211263309, -34.91574043319352], [-54.90642371651849, -34.919111666721484], [-54.905989087683984, -34.91900211843], [-54.90456507077197, -34.92172054023673], [-54.90708761487996, -34.92239389296328], [-54.91572145889388, -34.91742703258062], [-54.920461789286136, -34.91435490710548], [-54.91939958062892, -34.91418635112573], [-54.918782835425084, -34.91383910406075], [-54.917518550834636, -34.91332022055645], [-54.917503147927505, -34.91313812813646], [-54.917201418948565, -34.91316131328447], [-54.91633305347911, -34.912712429776214]]]}}, {"type": "Feature", "properties": {"cod": 1001305, "dpto": 10, "secc": 1, "segm": 305, "loc": 524}, "geometry": {"type": "Polygon", "coordinates": [[[-54.942278451709555, -34.94889722310665], [-54.94211388421905, -34.948320058910454], [-54.94223587456024, -34.948046510083735], [-54.940779266244085, -34.94753863343861], [-54.94050150129008, -34.94732702315719], [-54.93765494208022, -34.94596795956519], [-54.9351430391244, -34.94459168397235], [-54.932287102881894, -34.94323245658954], [-54.9328740286994, -34.94488905505318], [-54.933529700492805, -34.947749024954284], [-54.933879206688296, -34.94852845131911], [-54.93526410556715, -34.950451608344345], [-54.936262653894396, -34.95151804871494], [-54.94156945249337, -34.951163145775965], [-54.94171, -34.94959], [-54.942278451709555, -34.94889722310665]]]}}, {"type": "Feature", "properties": {"cod": 1001306, "dpto": 10, "secc": 1, "segm": 306, "loc": 524}, "geometry": {"type": "Polygon", "coordinates": [[[-54.93844766881471, -34.959190478616875], [-54.93841359097912, -34.96048390591956], [-54.9394224900942, -34.961343892233685], [-54.94379739107566, -34.957874974938804], [-54.94143184253201, -34.956960762181986], [-54.93844766881471, -34.959190478616875]]]}}, {"type": "Feature", "properties": {"cod": 1001349, "dpto": 10, "secc": 1, "segm": 349, "loc": 524}, "geometry": {"type": "Polygon", "coordinates": [[[-54.939588083298716, -34.934102396374065], [-54.94956368115265, -34.94073233086339], [-54.95096925755203, -34.93914707034033], [-54.94133498078065, -34.93253370101614], [-54.939588083298716, -34.934102396374065]]]}}, {"type": "Feature", "properties": {"cod": 1001405, "dpto": 10, "secc": 1, "segm": 405, "loc": 524}, "geometry": {"type": "Polygon", "coordinates": [[[-54.92406343348615, -34.949000240358174], [-54.92545392528938, -34.94973665352512], [-54.9255831278885, -34.94992261299059], [-54.926000410326346, -34.950121330412195], [-54.926092449878794, -34.950329697185104], [-54.92702848951977, -34.95085914144656], [-54.92765796185726, -34.95138310718435], [-54.92788871813804, -34.95171640678361], [-54.936262653894396, -34.95151804871494], [-54.93526410556715, -34.950451608344345], [-54.93422986749051, -34.94906287734117], [-54.933879206688296, -34.94852845131911], [-54.933529700492805, -34.947749024954284], [-54.933277491216735, -34.94802017503885], [-54.93322064304615, -34.94827192976984], [-54.925615081306546, -34.94709010561674], [-54.923795002396794, -34.948765861386235], [-54.92406343348615, -34.949000240358174]]]}}, {"type": "Feature", "properties": {"cod": 1001505, "dpto": 10, "secc": 1, "segm": 505, "loc": 524}, "geometry": {"type": "Polygon", "coordinates": [[[-54.925615081306546, -34.94709010561674], [-54.93322064304615, -34.94827192976984], [-54.933277491216735, -34.94802017503885], [-54.933529700492805, -34.947749024954284], [-54.9328740286994, -34.94488905505318], [-54.932287102881894, -34.94323245658954], [-54.93172212374084, -34.942824400408085], [-54.931695305352825, -34.94260957025633], [-54.93126089954688, -34.94209661345332], [-54.931419849689846, -34.94190795925881], [-54.93125351381799, -34.94170602196688], [-54.93096500109534, -34.941785107981694], [-54.930898775892096, -34.94203669892188], [-54.931028591600985, -34.942092556467145], [-54.93080457824237, -34.9423183355055], [-54.925615081306546, -34.94709010561674]]]}}, {"type": "Feature", "properties": {"cod": 1003012, "dpto": 10, "secc": 3, "segm": 12, "loc": 522}, "geometry": {"type": "Polygon", "coordinates": [[[-55.2176976139117, -34.77404407097752], [-55.220498064778646, -34.77814710726192], [-55.223158177455296, -34.77687417277874], [-55.222493742608194, -34.776069886702025], [-55.22722186821209, -34.773534549270984], [-55.22519041908974, -34.77122597434863], [-55.2233640004558, -34.769463797947054], [-55.22270445603574, -34.76983779503693], [-55.22353410841219, -34.770812283631265], [-55.221614929670665, -34.77178880394493], [-55.2208936834574, -34.77093560902171], [-55.21907064457381, -34.772019210011564], [-55.219089027544435, -34.77217255584229], [-55.218028562923365, -34.772763526622775], [-55.21866048081714, -34.77354773159569], [-55.2176976139117, -34.77404407097752]]]}}, {"type": "Feature", "properties": {"cod": 1003014, "dpto": 10, "secc": 3, "segm": 14, "loc": 522}, "geometry": {"type": "Polygon", "coordinates": [[[-55.22788084687171, -34.7686007061273], [-55.22746007915225, -34.76970388611394], [-55.22635857156863, -34.77148540552858], [-55.22625044978986, -34.77183702558423], [-55.22588444992266, -34.77203522524482], [-55.228520065833614, -34.774975438624054], [-55.227521173979945, -34.77553735978522], [-55.22890657575697, -34.77714046753931], [-55.23093866485231, -34.77678122348406], [-55.231318695996826, -34.776868562516114], [-55.23263245832104, -34.77802887796426], [-55.23088067257541, -34.77887297068833], [-55.230791292953356, -34.77901338239452], [-55.233600755035624, -34.78049436517316], [-55.23354688288974, -34.779413965958234], [-55.234752903095895, -34.77652891222984], [-55.234906703173415, -34.77595565463387], [-55.23489446544076, -34.775731915936674], [-55.23221322043513, -34.76877137932835], [-55.22913443854564, -34.76875103007405], [-55.22788084687171, -34.7686007061273]]]}}, {"type": "Feature", "properties": {"cod": 1003015, "dpto": 10, "secc": 3, "segm": 15, "loc": 522}, "geometry": {"type": "Polygon", "coordinates": [[[-55.22608850573235, -34.76623809543413], [-55.21840651545071, -34.767027212401025], [-55.21280421142553, -34.766878568405374], [-55.2176976139117, -34.77404407097752], [-55.21866048081714, -34.77354773159569], [-55.218028562923365, -34.772763526622775], [-55.219089027544435, -34.77217255584229], [-55.21907064457381, -34.772019210011564], [-55.2208936834574, -34.77093560902171], [-55.221614929670665, -34.77178880394493], [-55.22353410841219, -34.770812283631265], [-55.22270445603574, -34.76983779503693], [-55.2233640004558, -34.769463797947054], [-55.22519041908974, -34.77122597434863], [-55.22588444992266, -34.77203522524482], [-55.22625044978986, -34.77183702558423], [-55.22635857156863, -34.77148540552858], [-55.22746007915225, -34.76970388611394], [-55.22869088342696, -34.76648296712629], [-55.22865045622437, -34.766261953195034], [-55.22613756073643, -34.76655912406901], [-55.22608850573235, -34.76623809543413]]]}}, {"type": "Feature", "properties": {"cod": 1003022, "dpto": 10, "secc": 3, "segm": 22, "loc": 522}, "geometry": {"type": "Polygon", "coordinates": [[[-55.236051840966226, -34.777869007540424], [-55.23591640047207, -34.77922367717449], [-55.23577688904516, -34.7795085324266], [-55.23526133742259, -34.78009353274995], [-55.23481809380817, -34.780446495929645], [-55.23459255091249, -34.78052269718014], [-55.234298675779534, -34.78085352305181], [-55.23816929587873, -34.782898873429794], [-55.239383895562, -34.78262634734883], [-55.24297243851156, -34.780720804303044], [-55.244401390721066, -34.78052058200447], [-55.2448340362848, -34.78063388512042], [-55.24537170756487, -34.778650894773], [-55.23592359463782, -34.77716788989202], [-55.236051840966226, -34.777869007540424]]]}}, {"type": "Feature", "properties": {"cod": 1003023, "dpto": 10, "secc": 3, "segm": 23, "loc": 522}, "geometry": {"type": "Polygon", "coordinates": [[[-55.22613756073643, -34.76655912406901], [-55.22865045622437, -34.766261953195034], [-55.22869088342696, -34.76648296712629], [-55.22788084687171, -34.7686007061273], [-55.22913443854564, -34.76875103007405], [-55.235868106356676, -34.768852289641444], [-55.23739506607399, -34.768611670364486], [-55.23847652673804, -34.76834431415927], [-55.23986935063398, -34.7681554096005], [-55.23975457267535, -34.76768561102462], [-55.23942282768322, -34.76712836272722], [-55.23930387546261, -34.76663574340657], [-55.23903449996877, -34.766157790264245], [-55.23893129348152, -34.765803246789396], [-55.23840114768882, -34.76494723118297], [-55.23290305214416, -34.76552512635658], [-55.232844777695774, -34.765259389083624], [-55.232913548337024, -34.76484947317666], [-55.233475388013034, -34.762840922479036], [-55.229592146782075, -34.76219264399623], [-55.22894863172356, -34.76490707850469], [-55.22888093714157, -34.76547971245984], [-55.22601955333944, -34.76575629423407], [-55.22613756073643, -34.76655912406901]]]}}, {"type": "Feature", "properties": {"cod": 1003024, "dpto": 10, "secc": 3, "segm": 24, "loc": 958}, "geometry": {"type": "Polygon", "coordinates": [[[-55.23107439502309, -34.89876026831696], [-55.231607357936774, -34.89943245238788], [-55.23113056310592, -34.89950493053001], [-55.23150296380342, -34.89955164044863], [-55.23184012223018, -34.8997159710127], [-55.23207402641152, -34.89988881394609], [-55.23207508342265, -34.90013499736258], [-55.23240722496701, -34.90038535179049], [-55.232172576796415, -34.900446338079874], [-55.232251644712804, -34.90051084919036], [-55.2321882180703, -34.90055363140862], [-55.23199513445987, -34.9005423075293], [-55.232047900818635, -34.900674481993434], [-55.23553731024322, -34.90333687042638], [-55.23570935775023, -34.90334327142701], [-55.23589040208255, -34.90327201033061], [-55.235697328257025, -34.90326075357207], [-55.235670935173644, -34.90319820222052], [-55.23585350558056, -34.90313935184599], [-55.236584788923494, -34.903141984787226], [-55.23652457816299, -34.90308638894794], [-55.237934919504504, -34.90285578810093], [-55.23787591267507, -34.90280845078156], [-55.2395227672232, -34.90264815199865], [-55.2397074233387, -34.902601666393245], [-55.23967955140346, -34.90253091308432], [-55.24012110388817, -34.902576055567735], [-55.240458618044535, -34.9025164720714], [-55.24133, -34.90105], [-55.247, -34.90034], [-55.24861696487532, -34.90070217086574], [-55.24971846305011, -34.900738060839124], [-55.25473120430946, -34.901228199126535], [-55.254746982713364, -34.90109750040356], [-55.25520792531227, -34.90103671965229], [-55.255946734795295, -34.90109292153591], [-55.25620556928991, -34.90095891173234], [-55.2562267604774, -34.90086534269406], [-55.25705747532201, -34.90095367847739], [-55.26032555040082, -34.899576453437675], [-55.25978121673974, -34.89847281693983], [-55.25712511522035, -34.898194987296044], [-55.25419997303934, -34.897704587757666], [-55.252704700918855, -34.89759152722466], [-55.24993177839854, -34.89873971592293], [-55.245999893850104, -34.89814621783106], [-55.240198825434796, -34.90012545296408], [-55.234944506346224, -34.89917090015927], [-55.23410845247319, -34.89916443602065], [-55.23415129478745, -34.8992193856696], [-55.23107439502309, -34.89876026831696]]]}}, {"type": "Feature", "properties": {"cod": 1003029, "dpto": 10, "secc": 3, "segm": 29, "loc": 959}, "geometry": {"type": "Polygon", "coordinates": [[[-55.213563988673876, -34.882718981554724], [-55.214124759411774, -34.88334298475489], [-55.2139221279908, -34.883384661341026], [-55.214117785635686, -34.88413043978152], [-55.21452871104899, -34.8849212222854], [-55.21443776129547, -34.88501219598421], [-55.2145800351089, -34.88515284845807], [-55.21457186638513, -34.88545618457361], [-55.214899403836554, -34.88603044182911], [-55.214855817608424, -34.88620932142283], [-55.21505041816929, -34.886708916444135], [-55.21487089159644, -34.88774437624604], [-55.214665641362785, -34.88788852656351], [-55.21473487668754, -34.888006027561296], [-55.215393561979184, -34.88822746247876], [-55.215122164960164, -34.88839379293057], [-55.215198604276466, -34.88856071063442], [-55.215330659314105, -34.88863126659949], [-55.21517628298846, -34.888765022502085], [-55.214805766828896, -34.888849735210165], [-55.214832756911214, -34.888916382249974], [-55.21473579730229, -34.88896613057312], [-55.21292872201932, -34.88946096991226], [-55.212488833402475, -34.88966617365707], [-55.212548722087334, -34.88971761726275], [-55.212205406968145, -34.88974998629104], [-55.212667332823045, -34.88981638762684], [-55.2119807665449, -34.89000005982329], [-55.21190959309224, -34.8901081967007], [-55.2120194737593, -34.89014513961968], [-55.21207225006827, -34.89027017519929], [-55.21172298905891, -34.89038025302615], [-55.21170060380567, -34.89046563071957], [-55.21141115765564, -34.89050815083718], [-55.21134833787237, -34.89055509588438], [-55.211497439280606, -34.89062214580616], [-55.21121252413412, -34.89069768934207], [-55.2114858698021, -34.89078171569663], [-55.21121500581678, -34.89083320766245], [-55.2111749575438, -34.890917861415055], [-55.21131865588798, -34.890947848821774], [-55.21082089061261, -34.890994972403355], [-55.21136389626695, -34.89101924830384], [-55.211747434963115, -34.89114430267575], [-55.211316781798196, -34.891292420873945], [-55.21223996341966, -34.89177805410316], [-55.21278537693113, -34.89181884700911], [-55.21198172599437, -34.89191615958052], [-55.212122198812416, -34.892044457895054], [-55.21182975752585, -34.892066432488576], [-55.211856140748935, -34.89212891669945], [-55.21208243525265, -34.89212912225746], [-55.21203471406459, -34.892192236544005], [-55.21634780275428, -34.89375132747315], [-55.21670852480417, -34.893667515135704], [-55.217273107759766, -34.893721308408495], [-55.21724431668206, -34.89364230720936], [-55.217399363902565, -34.893631648295475], [-55.21963072536322, -34.893780308628195], [-55.2203549603684, -34.89397546772033], [-55.222710419168855, -34.894379029382385], [-55.22449513817551, -34.894925497358585], [-55.22710635411801, -34.89600729034179], [-55.22766818120379, -34.89640154940035], [-55.22872725039154, -34.896863590504], [-55.22972896675492, -34.89752857335865], [-55.23004554085093, -34.89779063577274], [-55.23032596316784, -34.898162138023054], [-55.230686499891235, -34.89836834011875], [-55.23107439502309, -34.89876026831696], [-55.23415129478745, -34.8992193856696], [-55.23410845247319, -34.89916443602065], [-55.234944506346224, -34.89917090015927], [-55.240198825434796, -34.90012545296408], [-55.245999893850104, -34.89814621783106], [-55.24993177839854, -34.89873971592293], [-55.252704700918855, -34.89759152722466], [-55.25254806358313, -34.89747084122252], [-55.24619007988315, -34.896467079828355], [-55.24445541697222, -34.89602504536233], [-55.2379805846997, -34.893978871035166], [-55.23125009882375, -34.89280532388452], [-55.22799816457747, -34.89245869296957], [-55.22527434775217, -34.89131935498076], [-55.22496739529224, -34.89112329341614], [-55.22419257116515, -34.89093853935139], [-55.22385240781194, -34.89075359610808], [-55.224074345879956, -34.89048692783978], [-55.224668013750616, -34.89014387250139], [-55.225134193241246, -34.88940221674384], [-55.2258726798396, -34.888978338830334], [-55.22730524106604, -34.8884203502977], [-55.22751763125313, -34.88820668250933], [-55.22647456047861, -34.88701909154027], [-55.22575386343107, -34.886729706624195], [-55.22562473949436, -34.88656076202344], [-55.225852100057956, -34.88633129055791], [-55.22990917321701, -34.886112950438694], [-55.23026766967328, -34.885945787030835], [-55.2310310613815, -34.88605211894882], [-55.23564798539484, -34.885973606544376], [-55.23980995593499, -34.884089382692984], [-55.234656071033115, -34.88334784908785], [-55.23326489920862, -34.88359145030441], [-55.23327331691614, -34.88364919265116], [-55.2236709370304, -34.88378021908491], [-55.22288875073213, -34.882832050951095], [-55.216866052102766, -34.88281311971678], [-55.213563988673876, -34.882718981554724]]]}}, {"type": "Feature", "properties": {"cod": 1003113, "dpto": 10, "secc": 3, "segm": 113, "loc": 522}, "geometry": {"type": "Polygon", "coordinates": [[[-55.22815142871444, -34.77625962591675], [-55.22541229988994, -34.77778077082169], [-55.22447017399329, -34.77839135279749], [-55.22462366547338, -34.77860143788693], [-55.22058777859574, -34.78062784573278], [-55.22592616266569, -34.78074772627112], [-55.2277651517919, -34.7806940422126], [-55.22980192757414, -34.779993049942156], [-55.23195642635734, -34.77962197371637], [-55.230791292953356, -34.77901338239452], [-55.23088067257541, -34.77887297068833], [-55.23263245832104, -34.77802887796426], [-55.231318695996826, -34.776868562516114], [-55.23093866485231, -34.77678122348406], [-55.22890657575697, -34.77714046753931], [-55.22815142871444, -34.77625962591675]]]}}, {"type": "Feature", "properties": {"cod": 1003213, "dpto": 10, "secc": 3, "segm": 213, "loc": 522}, "geometry": {"type": "Polygon", "coordinates": [[[-55.22722186821209, -34.773534549270984], [-55.222493742608194, -34.776069886702025], [-55.223158177455296, -34.77687417277874], [-55.216912386286914, -34.77985862784245], [-55.21930978469671, -34.78044895695022], [-55.22058777859574, -34.78062784573278], [-55.22462366547338, -34.77860143788693], [-55.22447017399329, -34.77839135279749], [-55.22541229988994, -34.77778077082169], [-55.22815142871444, -34.77625962591675], [-55.227521173979945, -34.77553735978522], [-55.228520065833614, -34.774975438624054], [-55.22722186821209, -34.773534549270984]]]}}, {"type": "Feature", "properties": {"cod": 1003221, "dpto": 10, "secc": 3, "segm": 221, "loc": 959}, "geometry": {"type": "Polygon", "coordinates": [[[-55.216866052102766, -34.88281311971678], [-55.22288875073213, -34.882832050951095], [-55.2236709370304, -34.88378021908491], [-55.23327331691614, -34.88364919265116], [-55.23326489920862, -34.88359145030441], [-55.234656071033115, -34.88334784908785], [-55.23980995593499, -34.884089382692984], [-55.246887719805315, -34.88120171828825], [-55.24674302834735, -34.88104448167097], [-55.24479820714172, -34.880114627305076], [-55.23661532424444, -34.876618191174664], [-55.22654422061707, -34.87818827597304], [-55.227519543306705, -34.87831477992076], [-55.22659130149441, -34.879703953952315], [-55.22341580656694, -34.879524240758414], [-55.223558163922924, -34.879783961699644], [-55.21417990921686, -34.87978376045219], [-55.21668670663163, -34.882297731628114], [-55.216866052102766, -34.88281311971678]]]}}, {"type": "Feature", "properties": {"cod": 1005005, "dpto": 10, "secc": 5, "segm": 5, "loc": 828}, "geometry": {"type": "Polygon", "coordinates": [[[-55.36673017473578, -34.80161019799046], [-55.36729911124437, -34.80177570326512], [-55.36952937357051, -34.802101279510424], [-55.3724505522941, -34.80218214567846], [-55.3745629395906, -34.80234687904853], [-55.37464528812966, -34.802231714780426], [-55.3744696794439, -34.801907767168856], [-55.373806275406245, -34.801848853635825], [-55.36977404163345, -34.80163288688711], [-55.36967618889207, -34.801639835282366], [-55.37007727197399, -34.80171687812481], [-55.36673017473578, -34.80161019799046]]]}}, {"type": "Feature", "properties": {"cod": 1005011, "dpto": 10, "secc": 5, "segm": 11, "loc": 955}, "geometry": {"type": "Polygon", "coordinates": [[[-55.33142053828616, -34.815029427017905], [-55.32719264218996, -34.81656650043676], [-55.32694394160536, -34.81675077330498], [-55.3260611162037, -34.81885276277122], [-55.33142053828616, -34.815029427017905]]]}}, {"type": "Feature", "properties": {"cod": 1005012, "dpto": 10, "secc": 5, "segm": 12, "loc": 926}, "geometry": {"type": "Polygon", "coordinates": [[[-55.3461753553932, -34.79994644488743], [-55.360534255573455, -34.80108124801997], [-55.36700298889786, -34.80173129805864], [-55.36711926839619, -34.80173453137551], [-55.36650295689429, -34.8016063860915], [-55.37007727197399, -34.80171687812481], [-55.35373885431058, -34.80023410754318], [-55.352688576590495, -34.80008243073139], [-55.35304969429789, -34.80001727399686], [-55.34774446712213, -34.79976125295691], [-55.34683084697845, -34.799827517656645], [-55.345491589049935, -34.79978633768061], [-55.34638897464226, -34.7999534573017], [-55.3461753553932, -34.79994644488743]]]}}, {"type": "Feature", "properties": {"cod": 1005101, "dpto": 10, "secc": 5, "segm": 101, "loc": 945}, "geometry": {"type": "Polygon", "coordinates": [[[-55.33869167943999, -34.79946154203071], [-55.34638897464226, -34.7999534573017], [-55.337145445833954, -34.79921264079312], [-55.333706851997334, -34.79903286941024], [-55.3341173388785, -34.79911984306863], [-55.33869167943999, -34.79946154203071]]]}}, {"type": "Feature", "properties": {"cod": 1005104, "dpto": 10, "secc": 5, "segm": 104, "loc": 828}, "geometry": {"type": "Polygon", "coordinates": [[[-55.37432447515863, -34.801738290184645], [-55.37450424643969, -34.801974623172974], [-55.37531644607806, -34.80204626058975], [-55.379699080386295, -34.802293821428094], [-55.38006813579375, -34.802270780013785], [-55.37954535875585, -34.80217280395817], [-55.3799903997787, -34.80218911896252], [-55.38018917153598, -34.80203457468529], [-55.37982219557811, -34.80193664119176], [-55.37845561517835, -34.801847788616584], [-55.37437242243004, -34.801669793264395], [-55.37432447515863, -34.801738290184645]]]}}, {"type": "Feature", "properties": {"cod": 1005107, "dpto": 10, "secc": 5, "segm": 107, "loc": 954}, "geometry": {"type": "Polygon", "coordinates": [[[-55.319802147697686, -34.81952405932667], [-55.30770746875223, -34.82503202457021], [-55.29096812753497, -34.829958214475525], [-55.29123554599415, -34.830673160531376], [-55.29391957823901, -34.83036530960143], [-55.29486534488995, -34.83013378651136], [-55.29751677455589, -34.829261056439584], [-55.3010525461169, -34.82836404445472], [-55.303197582368504, -34.82767686881284], [-55.30712422794524, -34.82686943099922], [-55.3096491584199, -34.82645498495668], [-55.31025908391794, -34.82643996951858], [-55.31187152247815, -34.826133496904184], [-55.31303671777512, -34.82574569700998], [-55.31406381178801, -34.82514763255011], [-55.31425204685012, -34.82490795937215], [-55.314627180647435, -34.82474294166423], [-55.3175094685777, -34.82427490356488], [-55.31892288195279, -34.82395661655612], [-55.31952847692414, -34.823513055044664], [-55.319280960489706, -34.82327927925773], [-55.319402850850615, -34.82312743839008], [-55.320908661197734, -34.82252845114555], [-55.32038595445912, -34.82092592216153], [-55.31988528539789, -34.819587378174276], [-55.319802147697686, -34.81952405932667]]]}}, {"type": "Feature", "properties": {"cod": 1005108, "dpto": 10, "secc": 5, "segm": 108, "loc": 954}, "geometry": {"type": "Polygon", "coordinates": [[[-55.30179488962039, -34.81766375336139], [-55.30263562827713, -34.8178943584182], [-55.3038244372083, -34.818525121653984], [-55.30371428442062, -34.819027107964715], [-55.302947996233705, -34.81995011482304], [-55.30276038994456, -34.822314842713574], [-55.313506782822344, -34.81909376129334], [-55.313758325576494, -34.81987251860531], [-55.31938215794401, -34.81850746743456], [-55.318672524225235, -34.816875459808216], [-55.323511187698884, -34.81521585968448], [-55.318609527559424, -34.81628288133039], [-55.31825407232763, -34.814748596893196], [-55.317978250178186, -34.81491305596151], [-55.31716924524182, -34.81503249690394], [-55.31510027939103, -34.81634806781951], [-55.31280265104838, -34.81737020827524], [-55.31055153085575, -34.817986277406945], [-55.30789059312811, -34.81840943112395], [-55.30617562682937, -34.81844179475388], [-55.30547996643907, -34.81833385239935], [-55.30503857816882, -34.818109227838725], [-55.30308993884595, -34.81741060928847], [-55.30215425902597, -34.81724407914667], [-55.30049753836174, -34.8172205168795], [-55.299910112585486, -34.817135871086776], [-55.2990763784158, -34.81745440417172], [-55.30179488962039, -34.81766375336139]]]}}, {"type": "Feature", "properties": {"cod": 1005201, "dpto": 10, "secc": 5, "segm": 201, "loc": 945}, "geometry": {"type": "Polygon", "coordinates": [[[-55.34574025445826, -34.7998494788324], [-55.345491589049935, -34.79978633768061], [-55.34687483665283, -34.799824445315494], [-55.345730819050814, -34.79964796152415], [-55.34535808184081, -34.79967340677707], [-55.34113096632124, -34.799295528298956], [-55.34058885690502, -34.79934455501043], [-55.33896784806508, -34.79920243755421], [-55.34041617462092, -34.7993615982086], [-55.33992452464448, -34.799403792475864], [-55.337176071712584, -34.79920740170283], [-55.34574025445826, -34.7998494788324]]]}}, {"type": "Feature", "properties": {"cod": 1005204, "dpto": 10, "secc": 5, "segm": 204, "loc": 828}, "geometry": {"type": "Polygon", "coordinates": [[[-55.37450424643969, -34.801974623172974], [-55.37464528812966, -34.802231714780426], [-55.3745629395906, -34.80234687904853], [-55.3789076350845, -34.80264957972363], [-55.38278247498397, -34.802415108451676], [-55.379652918572006, -34.80216863169831], [-55.37954535875585, -34.80217280395817], [-55.38006813579375, -34.802270780013785], [-55.377912219099585, -34.80221369343049], [-55.37450424643969, -34.801974623172974]]]}}, {"type": "Feature", "properties": {"cod": 1005207, "dpto": 10, "secc": 5, "segm": 207, "loc": 954}, "geometry": {"type": "Polygon", "coordinates": [[[-55.319802147697686, -34.81952405932667], [-55.31938215794401, -34.81850746743456], [-55.313758325576494, -34.81987251860531], [-55.313506782822344, -34.81909376129334], [-55.30276038994456, -34.822314842713574], [-55.30264317309391, -34.82401858079516], [-55.303227146076885, -34.826375455828114], [-55.30770746875223, -34.82503202457021], [-55.319802147697686, -34.81952405932667]]]}}, {"type": "Feature", "properties": {"cod": 1005208, "dpto": 10, "secc": 5, "segm": 208, "loc": 954}, "geometry": {"type": "Polygon", "coordinates": [[[-55.2987353431079, -34.817551633882786], [-55.29997543062337, -34.820124099051746], [-55.28777860586107, -34.823607063828284], [-55.289015206389, -34.82654166762676], [-55.292193665676415, -34.825857319159276], [-55.29177397424175, -34.824840661019124], [-55.302362608219234, -34.82247200649432], [-55.30276038994456, -34.822314842713574], [-55.302947996233705, -34.81995011482304], [-55.30371428442062, -34.819027107964715], [-55.3038244372083, -34.818525121653984], [-55.30263562827713, -34.8178943584182], [-55.30179488962039, -34.81766375336139], [-55.2990763784158, -34.81745440417172], [-55.2987353431079, -34.817551633882786]]]}}, {"type": "Feature", "properties": {"cod": 1005307, "dpto": 10, "secc": 5, "segm": 307, "loc": 954}, "geometry": {"type": "Polygon", "coordinates": [[[-55.303227146076885, -34.826375455828114], [-55.30264317309391, -34.82401858079516], [-55.30276038994456, -34.822314842713574], [-55.302362608219234, -34.82247200649432], [-55.29177397424175, -34.824840661019124], [-55.292193665676415, -34.825857319159276], [-55.28923470439036, -34.82654452691083], [-55.29077237541803, -34.8300188398414], [-55.303227146076885, -34.826375455828114]]]}}, {"type": "Feature", "properties": {"cod": 1007006, "dpto": 10, "secc": 7, "segm": 6, "loc": 939}, "geometry": {"type": "Polygon", "coordinates": [[[-54.64644080404115, -34.83908375022763], [-54.64325375450839, -34.838828912633076], [-54.643054946378285, -34.838871674542915], [-54.6437086673979, -34.83913845900993], [-54.64097198419388, -34.83881892299305], [-54.6449806921178, -34.840426889631864], [-54.64778877757782, -34.839471051018485], [-54.64644080404115, -34.83908375022763]]]}}, {"type": "Feature", "properties": {"cod": 1007205, "dpto": 10, "secc": 7, "segm": 205, "loc": 939}, "geometry": {"type": "Polygon", "coordinates": [[[-54.654607861646625, -34.83910351404521], [-54.65762102836102, -34.839005075200355], [-54.65982977115805, -34.83917802707468], [-54.67022960568547, -34.84064843356724], [-54.667657917784325, -34.83920876211462], [-54.66275331232604, -34.837523614473795], [-54.65653230867717, -34.837458026882906], [-54.65208329827587, -34.83751786027195], [-54.64320799075928, -34.83552712462927], [-54.63237207296418, -34.834850870749676], [-54.64531045334912, -34.83873647256462], [-54.64798039172504, -34.83889229774606], [-54.65122848306834, -34.83878883631579], [-54.650254434703406, -34.83849462667075], [-54.65232886201318, -34.838409165552754], [-54.654607861646625, -34.83910351404521]]]}}, {"type": "Feature", "properties": {"cod": 1008001, "dpto": 10, "secc": 8, "segm": 1, "loc": 521}, "geometry": {"type": "Polygon", "coordinates": [[[-54.7623851402688, -34.20006964518974], [-54.764678414031344, -34.20214908232633], [-54.76777191141003, -34.1994846739754], [-54.7654963330095, -34.197419258209365], [-54.7623851402688, -34.20006964518974]]]}}, {"type": "Feature", "properties": {"cod": 1008002, "dpto": 10, "secc": 8, "segm": 2, "loc": 521}, "geometry": {"type": "Polygon", "coordinates": [[[-54.7607275006433, -34.201409022567944], [-54.760705662410636, -34.201502244052136], [-54.75999009898195, -34.2020449238736], [-54.75907845321299, -34.20290293870634], [-54.761084271707475, -34.20523249252676], [-54.764678414031344, -34.20214908232633], [-54.7623851402688, -34.20006964518974], [-54.7607275006433, -34.201409022567944]]]}}, {"type": "Feature", "properties": {"cod": 1008003, "dpto": 10, "secc": 8, "segm": 3, "loc": 521}, "geometry": {"type": "Polygon", "coordinates": [[[-54.764678414031344, -34.20214908232633], [-54.76617405857163, -34.203511393721], [-54.76761453144294, -34.202263931744675], [-54.76786827170357, -34.202208412607796], [-54.76852080823821, -34.201644989010475], [-54.76848680102741, -34.20149991172512], [-54.76863971610889, -34.20154818126447], [-54.769303584074095, -34.20086107765453], [-54.76777191141003, -34.1994846739754], [-54.764678414031344, -34.20214908232633]]]}}, {"type": "Feature", "properties": {"cod": 1008004, "dpto": 10, "secc": 8, "segm": 4, "loc": 521}, "geometry": {"type": "Polygon", "coordinates": [[[-54.76240274758508, -34.20676310650413], [-54.76617405857163, -34.203511393721], [-54.764678414031344, -34.20214908232633], [-54.761084271707475, -34.20523249252676], [-54.76240274758508, -34.20676310650413]]]}}, {"type": "Feature", "properties": {"cod": 1008005, "dpto": 10, "secc": 8, "segm": 5, "loc": 521}, "geometry": {"type": "Polygon", "coordinates": [[[-54.76773662097627, -34.20222869982893], [-54.76606193760553, -34.20356945508275], [-54.765422287688345, -34.20420939389366], [-54.76240274758508, -34.20676310650413], [-54.765104019305404, -34.208157992434124], [-54.766036691850395, -34.207877011875816], [-54.76766112032578, -34.20642250093118], [-54.768968169163855, -34.206019850930346], [-54.767770887159934, -34.204946958190924], [-54.76860257770023, -34.204253654334394], [-54.768188661893916, -34.2039530814709], [-54.76843345351519, -34.20286553202187], [-54.76773662097627, -34.20222869982893]]]}}, {"type": "Feature", "properties": {"cod": 1008006, "dpto": 10, "secc": 8, "segm": 6, "loc": 521}, "geometry": {"type": "Polygon", "coordinates": [[[-54.769261823880655, -34.20587796606135], [-54.76766112032578, -34.20642250093118], [-54.766036691850395, -34.207877011875816], [-54.76501676796894, -34.20818428827642], [-54.7638820410158, -34.20935098663176], [-54.761618614243304, -34.21146083569756], [-54.7583925934641, -34.21635661904462], [-54.75854067780676, -34.21665158976494], [-54.766618752770974, -34.21417280903927], [-54.76420621934471, -34.212027812830065], [-54.765058157285516, -34.21121049955819], [-54.766528525968646, -34.20882950848683], [-54.7695445030016, -34.206722702970175], [-54.769312271246825, -34.20633842643155], [-54.769261823880655, -34.20587796606135]]]}}, {"type": "Feature", "properties": {"cod": 1008007, "dpto": 10, "secc": 8, "segm": 7, "loc": 521}, "geometry": {"type": "Polygon", "coordinates": [[[-54.7622900106057, -34.20663636122988], [-54.75822973132391, -34.20737960375158], [-54.75997124451163, -34.21007328312282], [-54.761618614243304, -34.21146083569756], [-54.765104019305404, -34.208157992434124], [-54.76247787211007, -34.20684509667549], [-54.7622900106057, -34.20663636122988]]]}}, {"type": "Feature", "properties": {"cod": 1008008, "dpto": 10, "secc": 8, "segm": 8, "loc": 521}, "geometry": {"type": "Polygon", "coordinates": [[[-54.75309785834543, -34.206914274225454], [-54.75311246704595, -34.20890911400188], [-54.752694342978806, -34.20904017406942], [-54.75094453809244, -34.20909717207651], [-54.75071805720184, -34.210368999778744], [-54.749288732864464, -34.210460302192736], [-54.74911316806017, -34.211175509961635], [-54.75223245212615, -34.21106804159222], [-54.752416561100404, -34.21017521240891], [-54.75456133285956, -34.2126230192896], [-54.75595748415196, -34.211546726180245], [-54.7583925934641, -34.21635661904462], [-54.761618614243304, -34.21146083569756], [-54.75997124451163, -34.21007328312282], [-54.75822973132391, -34.20737960375158], [-54.75431176647068, -34.20864912955232], [-54.753200081885915, -34.20649456880098], [-54.75309785834543, -34.206914274225454]]]}}, {"type": "Feature", "properties": {"cod": 1008009, "dpto": 10, "secc": 8, "segm": 9, "loc": 521}, "geometry": {"type": "Polygon", "coordinates": [[[-54.75274417028711, -34.20229720315075], [-54.75298324245909, -34.20435309244596], [-54.752693336780226, -34.20439464975578], [-54.75269192234316, -34.20539621626162], [-54.75431176647068, -34.20864912955232], [-54.7587872321982, -34.207204898700915], [-54.7622900106057, -34.20663636122988], [-54.757629545638615, -34.20124610783752], [-54.75393736308659, -34.199518172692414], [-54.7538883301943, -34.19805614581501], [-54.75251928752508, -34.197944968392775], [-54.75274417028711, -34.20229720315075]]]}}, {"type": "Feature", "properties": {"cod": 1008010, "dpto": 10, "secc": 8, "segm": 10, "loc": 521}, "geometry": {"type": "Polygon", "coordinates": [[[-54.75393736308659, -34.199518172692414], [-54.757629545638615, -34.20124610783752], [-54.75907845321299, -34.20290293870634], [-54.75999009898195, -34.2020449238736], [-54.760705662410636, -34.201502244052136], [-54.7607275006433, -34.201409022567944], [-54.761629800358186, -34.20071311000588], [-54.75942934648595, -34.19872968447528], [-54.7538883301943, -34.19805614581501], [-54.75393736308659, -34.199518172692414]]]}}, {"type": "Feature", "properties": {"cod": 1008011, "dpto": 10, "secc": 8, "segm": 11, "loc": 521}, "geometry": {"type": "Polygon", "coordinates": [[[-54.75251928752508, -34.197944968392775], [-54.75942934648595, -34.19872968447528], [-54.761629800358186, -34.20071311000588], [-54.7654963330095, -34.197419258209365], [-54.769303584074095, -34.20086107765453], [-54.76987759934821, -34.199977040959425], [-54.772563566883115, -34.19696555378888], [-54.769887237800965, -34.19776550394552], [-54.76821536726544, -34.19778877594389], [-54.76674253276733, -34.19738099143555], [-54.762291693772305, -34.195534625933256], [-54.760508112783604, -34.19493794393085], [-54.759185742443506, -34.194871186827996], [-54.75238437560355, -34.19516108606727], [-54.75251928752508, -34.197944968392775]]]}}, {"type": "Feature", "properties": {"cod": 1008012, "dpto": 10, "secc": 8, "segm": 12, "loc": 521}, "geometry": {"type": "Polygon", "coordinates": [[[-54.76927257912149, -34.20094698883781], [-54.76863971610889, -34.20154818126447], [-54.76848680102741, -34.20149991172512], [-54.76852080823821, -34.201644989010475], [-54.76786827170357, -34.202208412607796], [-54.76773662097627, -34.20222869982893], [-54.76843345351519, -34.20286553202187], [-54.768188661893916, -34.2039530814709], [-54.76860257770023, -34.204253654334394], [-54.767770887159934, -34.204946958190924], [-54.768968169163855, -34.206019850930346], [-54.769261823880655, -34.20587796606135], [-54.769459872068005, -34.20508481090831], [-54.76979229346087, -34.204664249766935], [-54.77010188873749, -34.203974811528866], [-54.769970934806295, -34.20315531576807], [-54.77007790484413, -34.20231160652702], [-54.77052028249246, -34.201963974337424], [-54.77601533859211, -34.19978695904024], [-54.77646546874171, -34.19932524535793], [-54.77666013322472, -34.19880958462964], [-54.77688917675699, -34.19861629322908], [-54.777271510312026, -34.19796266329769], [-54.777331772485915, -34.19724394102825], [-54.77745724572358, -34.196931214687744], [-54.778571852996485, -34.19657417016066], [-54.77869674588764, -34.196423096886676], [-54.778722397870304, -34.1958906080791], [-54.77847864228779, -34.19528330687098], [-54.772563566883115, -34.19696555378888], [-54.76987759934821, -34.199977040959425], [-54.76927257912149, -34.20094698883781]]]}}, {"type": "Feature", "properties": {"cod": 1101035, "dpto": 11, "secc": 1, "segm": 35, "loc": 951}, "geometry": {"type": "Polygon", "coordinates": [[[-58.04873778340456, -32.323103080105206], [-58.053969482204465, -32.34347782159008], [-58.05262228216561, -32.34743570092148], [-58.0520479773358, -32.34862381057754], [-58.04244840323757, -32.37461240093608], [-58.06708783949021, -32.34425858980297], [-58.06429760427747, -32.342775547067625], [-58.06406763483156, -32.3429121974604], [-58.063782628639444, -32.34336111388972], [-58.06383996735214, -32.343063940612865], [-58.06426435602771, -32.342688510334675], [-58.06410654147523, -32.34229716607317], [-58.063707246118405, -32.342501510570926], [-58.063928471069396, -32.340840692098304], [-58.06007806278329, -32.32137431660619], [-58.04873778340456, -32.323103080105206]]]}}, {"type": "Feature", "properties": {"cod": 1102101, "dpto": 11, "secc": 2, "segm": 101, "loc": 951}, "geometry": {"type": "Polygon", "coordinates": [[[-57.99593607644974, -32.288988596454246], [-58.00093409879055, -32.30877797855104], [-58.00560718160592, -32.30794152502199], [-58.018983067347754, -32.30516526736372], [-58.01970928185553, -32.30507085050536], [-58.018717943427646, -32.301203507020105], [-58.0410288430098, -32.29669104939788], [-58.033692177836805, -32.269910949797], [-58.03279253437765, -32.26985908319863], [-58.03165543324254, -32.26956452232065], [-58.03049884546196, -32.26968435717755], [-58.03012189648506, -32.26980958075401], [-58.02966492598141, -32.27020463911618], [-58.0294607393394, -32.270597368360924], [-58.02885525653546, -32.27244543253318], [-58.028532667926086, -32.273097346080824], [-58.02823652833157, -32.27411200338832], [-58.028632509035305, -32.27462506258266], [-58.029661773554245, -32.275238505952785], [-58.030353973490726, -32.27578926860291], [-58.03163631007382, -32.276400345385724], [-58.03179620506963, -32.27659305998074], [-58.03225070689067, -32.27723554989466], [-58.032375561480386, -32.277539820005885], [-58.03233037179546, -32.27875049750857], [-58.032028289378054, -32.279415385348635], [-58.03140434282467, -32.27999972769228], [-58.03081029179335, -32.28033639260085], [-58.029889658055914, -32.28066958934463], [-58.02826607920817, -32.280178845644684], [-58.027125285211504, -32.28049498623414], [-58.02534385673855, -32.2807725218966], [-58.024858734858945, -32.281110168533566], [-58.024323672959355, -32.28178970623404], [-58.02365135086778, -32.28219737091952], [-58.022831702632665, -32.28343277022971], [-58.02248167078024, -32.28413417975306], [-58.02260190284165, -32.28472852114247], [-58.02215359706847, -32.28559538696473], [-58.02234266923331, -32.28637913747332], [-58.022808762240345, -32.28761494956877], [-58.02388817819781, -32.28904584514544], [-58.024198668676, -32.28979866597279], [-58.02422516585939, -32.29026790668673], [-58.0223332337542, -32.292008650363215], [-58.02171599017247, -32.29210429176219], [-58.020958986003635, -32.29201974451754], [-58.02043921834071, -32.2917362821408], [-58.02005907334282, -32.29141977147204], [-58.01934691872505, -32.29106996236016], [-58.01892928104205, -32.29106318866697], [-58.016728769247116, -32.29069338132964], [-58.015299064841344, -32.29090979647405], [-58.01433986460478, -32.29091260903176], [-58.0132242537328, -32.29116440368843], [-58.01178682050988, -32.29133589572306], [-58.010504185567264, -32.291670477387925], [-58.00872729598945, -32.291657456095194], [-58.0067709349537, -32.291759376032516], [-58.005809612573266, -32.29196057543489], [-58.00499573765375, -32.29238664367333], [-58.00469276735463, -32.29273114419853], [-58.00387388552555, -32.293234327319844], [-58.00381978461888, -32.2939734777163], [-58.003950582179094, -32.294627517275764], [-58.00210753254659, -32.29454688199173], [-58.00129196550751, -32.294332661339595], [-58.00010389859141, -32.293846367523244], [-57.99993042181392, -32.29336570006474], [-58.000005592979534, -32.29306596004174], [-58.000627417315236, -32.29268000455235], [-58.001212845464224, -32.29187177498632], [-58.001981739189276, -32.291603986026985], [-58.00249208591549, -32.29120223640337], [-58.00327202317389, -32.29026196678997], [-58.00327325750985, -32.28974319262084], [-58.002084056220774, -32.288936791843476], [-58.00122826840552, -32.288804015941444], [-58.0008123330836, -32.288491910213594], [-58.000477505588094, -32.28812357982168], [-58.000468126404336, -32.28743861050921], [-58.0003278978135, -32.28704497985543], [-57.99974815316347, -32.2869371384399], [-57.9993938389273, -32.28698320366814], [-57.99865271850663, -32.287201702046666], [-57.99722215783645, -32.28804359366622], [-57.99662245850513, -32.28813670578893], [-57.99593607644974, -32.288988596454246]]]}}, {"type": "Feature", "properties": {"cod": 1102102, "dpto": 11, "secc": 2, "segm": 102, "loc": 951}, "geometry": {"type": "Polygon", "coordinates": [[[-58.04823314354107, -32.32298799511271], [-58.04366105728821, -32.32376888433149], [-58.0348025201788, -32.325118714542334], [-58.025380295585244, -32.326770974361146], [-57.99774941488367, -32.33405444925292], [-57.993793237105635, -32.3361094983856], [-57.995490318320925, -32.34302705601329], [-58.000057062090455, -32.342204676117404], [-58.03288406907715, -32.335862305062626], [-58.05077752723515, -32.332275436633324], [-58.04823314354107, -32.32298799511271]]]}}, {"type": "Feature", "properties": {"cod": 1102103, "dpto": 11, "secc": 2, "segm": 103, "loc": 951}, "geometry": {"type": "Polygon", "coordinates": [[[-58.041964779581875, -32.37032800966303], [-58.00602549585665, -32.38142228346932], [-58.0017280858865, -32.382652044654506], [-57.992025483886415, -32.38456940384768], [-57.996237200485616, -32.40041885778889], [-58.015173932738975, -32.39649261534949], [-58.01723543862299, -32.40447648444386], [-58.01744567991059, -32.404590388236336], [-58.04210935103328, -32.375025034805034], [-58.04407829593092, -32.369768386500205], [-58.041964779581875, -32.37032800966303]]]}}, {"type": "Feature", "properties": {"cod": 1102113, "dpto": 11, "secc": 2, "segm": 113, "loc": 951}, "geometry": {"type": "Polygon", "coordinates": [[[-58.00297839679518, -32.316870836405876], [-57.99593607644974, -32.288988596454246], [-57.99564907969404, -32.28974288238811], [-57.99557207458706, -32.2902409717859], [-57.99526150711419, -32.29064753178943], [-57.99474555387301, -32.29080597150157], [-57.99349574085556, -32.291014390586724], [-57.99188813555124, -32.290933432295446], [-57.98998557697814, -32.29124186023142], [-57.98922658224571, -32.29146268249131], [-57.98867100790756, -32.29202299173829], [-57.988173996387246, -32.29271297452668], [-57.987934974119185, -32.29321673604979], [-57.98747257684937, -32.293581964114445], [-57.98671833244132, -32.294671572751355], [-57.986461435861514, -32.29517765815582], [-57.986278271457515, -32.29590330080074], [-57.9862090431148, -32.29655281029118], [-57.98628862830755, -32.2970153971514], [-57.986700828982876, -32.2979379614723], [-57.986969954291794, -32.29939774098518], [-57.987115023097445, -32.300766897916205], [-57.986302125939396, -32.30162009330757], [-57.985972994754114, -32.301601812612624], [-57.9848270622676, -32.30188808542508], [-57.981231418384766, -32.301409695653234], [-57.978880522336674, -32.30163912556889], [-57.978319341409744, -32.301956124914], [-57.97705962939966, -32.302211510698605], [-57.976634862568034, -32.302480238618216], [-57.97486348979443, -32.30260378750404], [-57.97463106189672, -32.30283236518552], [-57.97450424833934, -32.30377932824452], [-57.974355056732314, -32.30385954856873], [-57.97295558414583, -32.30393474577186], [-57.97247225435946, -32.30407380023143], [-57.97182553524917, -32.30452406416452], [-57.97113783913508, -32.30484236818311], [-57.970623719772156, -32.30480245859223], [-57.97001072694617, -32.30460758043415], [-57.96879441877437, -32.30395713505453], [-57.968139512978844, -32.30320341276557], [-57.96766543463258, -32.30286857874847], [-57.96676866989803, -32.30260384298451], [-57.966338296540734, -32.30262926093049], [-57.9639121875527, -32.30315818805693], [-57.96220070187575, -32.30299937608133], [-57.96142361138224, -32.30300879978681], [-57.96077595629551, -32.303032179441345], [-57.96007025437389, -32.303245824734], [-57.95979246712566, -32.30352597933601], [-57.95963920450101, -32.304110198769074], [-57.95956581533472, -32.305156967520716], [-57.960065496746765, -32.305534400837985], [-57.96035496497625, -32.305954308203], [-57.960416964207354, -32.3064191814555], [-57.96021238925226, -32.307650829319456], [-57.96010439608768, -32.30807673193177], [-57.95963426999003, -32.30839703682448], [-57.95854706996555, -32.30997208363616], [-57.95802839143515, -32.31211397275997], [-57.95901641514684, -32.316698720009065], [-57.97778442095778, -32.31316059655034], [-57.97965604650728, -32.32109268857495], [-57.99363978656387, -32.31848144117343], [-57.993756156171926, -32.31852738343853], [-57.99484913231387, -32.31835474719224], [-57.995408611016614, -32.31834307980042], [-58.00297839679518, -32.316870836405876]]]}}, {"type": "Feature", "properties": {"cod": 1102114, "dpto": 11, "secc": 2, "segm": 114, "loc": 951}, "geometry": {"type": "Polygon", "coordinates": [[[-57.97648660873165, -32.34529966217378], [-57.97782789207097, -32.3505705978534], [-57.9815385205392, -32.36319055047975], [-57.98754223963124, -32.38545739163428], [-58.00162425354549, -32.38268068800562], [-57.99658584378618, -32.36402539168511], [-58.0105717958664, -32.36132249727699], [-58.008151154959435, -32.35263918581326], [-57.99860583829503, -32.35450418570376], [-57.99687631322613, -32.34781949296179], [-57.995490318320925, -32.34302705601329], [-57.993793237105635, -32.3361094983856], [-57.97648660873165, -32.34529966217378]]]}}, {"type": "Feature", "properties": {"cod": 1102115, "dpto": 11, "secc": 2, "segm": 115, "loc": 951}, "geometry": {"type": "Polygon", "coordinates": [[[-57.992025483886415, -32.38456940384768], [-57.97839384604237, -32.38722623302756], [-57.97805494744475, -32.38736190169193], [-57.98644500096069, -32.41886679016234], [-57.97753175709261, -32.42052909181423], [-57.9774968546503, -32.42085388407001], [-57.978338107332156, -32.42437480634138], [-57.98053687504409, -32.42504970276723], [-57.981192380360525, -32.42612384979797], [-57.981592899970096, -32.42634635209929], [-57.98239012481991, -32.42634945447911], [-57.98361865894035, -32.42675402326327], [-57.986870990335326, -32.42660575473491], [-57.98843115585648, -32.426936919675356], [-57.98984184155741, -32.42734834234774], [-57.99071066340648, -32.42650326816293], [-57.99098462612836, -32.426726832315914], [-57.99152373014563, -32.42680917330115], [-57.99230540139311, -32.42650943550527], [-57.993108021413164, -32.42559650451693], [-57.99353364436159, -32.42470230014137], [-57.9937763494711, -32.424533458047264], [-57.99412060801861, -32.42464137965782], [-57.995463886443815, -32.424237841839094], [-57.99598030771012, -32.42429284426143], [-57.99634829358633, -32.4246414716104], [-57.99679214011331, -32.42511752356878], [-57.99780157150043, -32.4269845239713], [-57.99839230773106, -32.42736526277401], [-57.99902033819783, -32.42754304205261], [-57.99971868952147, -32.427391175937004], [-58.001212185336094, -32.42744104192026], [-58.00175110967835, -32.427309903281945], [-58.00241583469136, -32.426964298189525], [-58.00323084398387, -32.4268583369121], [-57.992025483886415, -32.38456940384768]]]}}, {"type": "Feature", "properties": {"cod": 1102201, "dpto": 11, "secc": 2, "segm": 201, "loc": 951}, "geometry": {"type": "Polygon", "coordinates": [[[-58.00093409879055, -32.30877797855104], [-58.00396964540642, -32.32063143998131], [-58.00408898335023, -32.320799139956954], [-57.999436034901855, -32.32164811963348], [-58.00238134110472, -32.332872556238385], [-58.025380295585244, -32.326770974361146], [-58.0348025201788, -32.325118714542334], [-58.039508604741954, -32.32436957803793], [-58.03792996342104, -32.31824495398665], [-58.03779058099, -32.318171467701596], [-58.03563060278867, -32.31045983222367], [-58.02671264652322, -32.31230546537785], [-58.02444050136416, -32.304150871051924], [-58.018983067347754, -32.30516526736372], [-58.00560718160592, -32.30794152502199], [-58.00093409879055, -32.30877797855104]]]}}, {"type": "Feature", "properties": {"cod": 1102202, "dpto": 11, "secc": 2, "segm": 202, "loc": 951}, "geometry": {"type": "Polygon", "coordinates": [[[-58.05077752723515, -32.332275436633324], [-58.03288406907715, -32.335862305062626], [-58.000057062090455, -32.342204676117404], [-57.995490318320925, -32.34302705601329], [-57.99687631322613, -32.34781949296179], [-57.99860583829503, -32.35450418570376], [-58.008151154959435, -32.35263918581326], [-58.00714837550929, -32.34910760205858], [-58.01171498769854, -32.34817823950282], [-58.030201859875326, -32.34469181075387], [-58.032306333252926, -32.3525022702678], [-58.04065830631433, -32.351050228122965], [-58.05199372052891, -32.34863594986126], [-58.05388, -32.3436], [-58.05077752723515, -32.332275436633324]]]}}, {"type": "Feature", "properties": {"cod": 1102203, "dpto": 11, "secc": 2, "segm": 203, "loc": 951}, "geometry": {"type": "Polygon", "coordinates": [[[-57.996237200485616, -32.40041885778889], [-58.00323084398387, -32.4268583369121], [-58.00375628063603, -32.42692078656748], [-58.01238, -32.41066], [-58.01744567991059, -32.404590388236336], [-58.01723543862299, -32.40447648444386], [-58.015173932738975, -32.39649261534949], [-57.996237200485616, -32.40041885778889]]]}}, {"type": "Feature", "properties": {"cod": 1102213, "dpto": 11, "secc": 2, "segm": 213, "loc": 951}, "geometry": {"type": "Polygon", "coordinates": [[[-58.00238134110472, -32.332872556238385], [-57.999436034901855, -32.32164811963348], [-58.00408898335023, -32.320799139956954], [-58.00396964540642, -32.32063143998131], [-58.00297839679518, -32.316870836405876], [-57.995408611016614, -32.31834307980042], [-57.99484913231387, -32.31835474719224], [-57.993756156171926, -32.31852738343853], [-57.99363978656387, -32.31848144117343], [-57.97965604650728, -32.32109268857495], [-57.97778442095778, -32.31316059655034], [-57.95901641514684, -32.316698720009065], [-57.96448158510323, -32.33699166054255], [-57.96903546161818, -32.33609448962597], [-57.97370382571579, -32.33533511344774], [-57.97573502161992, -32.334826993993616], [-57.982945732733334, -32.33347765029416], [-57.98498051991081, -32.340778556248424], [-57.99774941488367, -32.33405444925292], [-58.00238134110472, -32.332872556238385]]]}}, {"type": "Feature", "properties": {"cod": 1102214, "dpto": 11, "secc": 2, "segm": 214, "loc": 951}, "geometry": {"type": "Polygon", "coordinates": [[[-57.97648660873165, -32.34529966217378], [-57.972322856045466, -32.34751873766985], [-57.967681408987836, -32.34885429974241], [-57.96310536575728, -32.35004407114169], [-57.97025445508836, -32.37707356167235], [-57.973586730736436, -32.38917841150509], [-57.97839384604237, -32.38722623302756], [-57.98754223963124, -32.38545739163428], [-57.9815385205392, -32.36319055047975], [-57.97782789207097, -32.3505705978534], [-57.97648660873165, -32.34529966217378]]]}}, {"type": "Feature", "properties": {"cod": 1102215, "dpto": 11, "secc": 2, "segm": 215, "loc": 951}, "geometry": {"type": "Polygon", "coordinates": [[[-57.97007800525835, -32.39320381286563], [-57.97113789550267, -32.39726060288738], [-57.9664146930137, -32.3982254679807], [-57.96752448149298, -32.40194012406457], [-57.96976880531604, -32.41003751193586], [-57.965098360775094, -32.41099551778057], [-57.96607946382862, -32.41480336841891], [-57.961601604649765, -32.41572094374338], [-57.963684431205124, -32.42309206778065], [-57.96482191041179, -32.42349333096464], [-57.96556599915752, -32.42339659023451], [-57.96706327763965, -32.422942494598], [-57.96793524748879, -32.42243265768512], [-57.968812692272614, -32.422059148023855], [-57.969417530178276, -32.4219959037307], [-57.97011796202976, -32.42164540800118], [-57.97068733965134, -32.421586773919515], [-57.97135639513214, -32.42200301002373], [-57.971969298152175, -32.422091148334154], [-57.97260403782649, -32.42188648076699], [-57.97319775247608, -32.42144335631206], [-57.97386616033055, -32.42143267064865], [-57.97445405990091, -32.421798634515405], [-57.974863112576166, -32.422385961564366], [-57.975564990055936, -32.42267603507928], [-57.97625625408978, -32.42279991344125], [-57.97674820667399, -32.42313242358659], [-57.97811280849858, -32.42432788235749], [-57.978338107332156, -32.42437480634138], [-57.9774968546503, -32.42085388407001], [-57.97753175709261, -32.42052909181423], [-57.98644500096069, -32.41886679016234], [-57.97805494744475, -32.38736190169193], [-57.973586730736436, -32.38917841150509], [-57.97440913135578, -32.392274530567065], [-57.97007800525835, -32.39320381286563]]]}}, {"type": "Feature", "properties": {"cod": 1102301, "dpto": 11, "secc": 2, "segm": 301, "loc": 951}, "geometry": {"type": "Polygon", "coordinates": [[[-58.02444050136416, -32.304150871051924], [-58.02671264652322, -32.31230546537785], [-58.03563060278867, -32.31045983222367], [-58.03779058099, -32.318171467701596], [-58.03792996342104, -32.31824495398665], [-58.039508604741954, -32.32436957803793], [-58.04366105728821, -32.32376888433149], [-58.04823314354107, -32.32298799511271], [-58.0410288430098, -32.29669104939788], [-58.018717943427646, -32.301203507020105], [-58.01970928185553, -32.30507085050536], [-58.02444050136416, -32.304150871051924]]]}}, {"type": "Feature", "properties": {"cod": 1102302, "dpto": 11, "secc": 2, "segm": 302, "loc": 951}, "geometry": {"type": "Polygon", "coordinates": [[[-58.05199372052891, -32.34863594986126], [-58.04065830631433, -32.351050228122965], [-58.032306333252926, -32.3525022702678], [-58.030201859875326, -32.34469181075387], [-58.01171498769854, -32.34817823950282], [-58.00714837550929, -32.34910760205858], [-58.00949153101039, -32.35735971562269], [-58.018683360128655, -32.355630906845604], [-58.02406478399491, -32.375858519789666], [-58.04210119375097, -32.370279738227936], [-58.04407829593092, -32.369768386500205], [-58.05199372052891, -32.34863594986126]]]}}, {"type": "Feature", "properties": {"cod": 1102313, "dpto": 11, "secc": 2, "segm": 313, "loc": 951}, "geometry": {"type": "Polygon", "coordinates": [[[-57.96241597465866, -32.34751034470433], [-57.96310536575728, -32.35004407114169], [-57.967681408987836, -32.34885429974241], [-57.972322856045466, -32.34751873766985], [-57.98498051991081, -32.340778556248424], [-57.982945732733334, -32.33347765029416], [-57.97573502161992, -32.334826993993616], [-57.97370382571579, -32.33533511344774], [-57.96903546161818, -32.33609448962597], [-57.96448158510323, -32.33699166054255], [-57.95901641514684, -32.316698720009065], [-57.958038668583846, -32.312173708419095], [-57.95775667874841, -32.31285087953225], [-57.95738316605857, -32.31331130296333], [-57.95673899526914, -32.313776379383604], [-57.955937231439684, -32.314063833906395], [-57.95530929085267, -32.313992794465854], [-57.95348441391283, -32.312964176977104], [-57.952270785779085, -32.31243552666319], [-57.951981497224615, -32.31222909892173], [-57.95179250483491, -32.31249770909508], [-57.95124890979583, -32.31281242205749], [-57.95062916598796, -32.31299974793296], [-57.95056728824322, -32.31358747824636], [-57.95036079969783, -32.31396511465965], [-57.95058439615963, -32.31431737061604], [-57.9527343230994, -32.31681388882422], [-57.95304434570008, -32.3173532674979], [-57.95301487009772, -32.3177078900416], [-57.95275721729029, -32.318000570781486], [-57.95292092665543, -32.318635187599305], [-57.95299385065087, -32.31958671821641], [-57.95299516470956, -32.320120304863124], [-57.95286694730893, -32.32042694155207], [-57.953493913010135, -32.32228259546723], [-57.953719291545056, -32.323381880142655], [-57.9534659628219, -32.32433014799946], [-57.9534775540924, -32.32492347023356], [-57.95408188506357, -32.32685828255909], [-57.954116110990306, -32.3273724463924], [-57.954031088852986, -32.32782565008814], [-57.954121329265995, -32.328454674913495], [-57.95407244671951, -32.330276053883615], [-57.95393710009643, -32.33085819219496], [-57.95360550031303, -32.331877459828675], [-57.95338368592436, -32.33227223259133], [-57.95298461195377, -32.33269029959661], [-57.95269998391772, -32.33324591838451], [-57.95273514574708, -32.334186966505975], [-57.95320964402374, -32.33462874569386], [-57.953650342550645, -32.3347695603803], [-57.95448999003254, -32.33554519191905], [-57.95474658824213, -32.33598476490009], [-57.95415809186822, -32.33751011787612], [-57.954024527328976, -32.33883928496867], [-57.95400970105431, -32.34001572725211], [-57.95435497535341, -32.34160289382315], [-57.95489665945645, -32.34264591106639], [-57.948288196069015, -32.34391695512072], [-57.95033224190485, -32.34758661006474], [-57.95713785267612, -32.346305078278704], [-57.95774001338731, -32.348331780360894], [-57.96241597465866, -32.34751034470433]]]}}, {"type": "Feature", "properties": {"cod": 1102314, "dpto": 11, "secc": 2, "segm": 314, "loc": 951}, "geometry": {"type": "Polygon", "coordinates": [[[-57.973586730736436, -32.38917841150509], [-57.97025445508836, -32.37707356167235], [-57.96310536575728, -32.35004407114169], [-57.95327557205445, -32.35280169109745], [-57.95282808069753, -32.353042837641944], [-57.9499835224645, -32.35640245185617], [-57.94811811923381, -32.35955830002701], [-57.94767109581751, -32.360012888653415], [-57.950296086167775, -32.360114005550614], [-57.953126766750394, -32.370987410687185], [-57.95296220119466, -32.37097827033491], [-57.95123258462077, -32.371767683500565], [-57.95088157500688, -32.372041965870984], [-57.9508693072946, -32.372287599716394], [-57.95054408033701, -32.372817960957974], [-57.9500640072258, -32.37307873557686], [-57.94966871599653, -32.37299284095277], [-57.94830517163474, -32.37327687002632], [-57.94673353632947, -32.373404986417675], [-57.94612814060342, -32.37314804879086], [-57.94582593669965, -32.37276033306502], [-57.944786096609384, -32.373032812555195], [-57.94421162218779, -32.37306182161951], [-57.94384142421415, -32.37280484128674], [-57.9434109610509, -32.372723519385055], [-57.94277830174613, -32.37272955729533], [-57.94038451512533, -32.371973015970156], [-57.939438608457245, -32.37226381879907], [-57.938567494809405, -32.37214817930856], [-57.93770240760692, -32.37238279490032], [-57.936796121951296, -32.37227172814181], [-57.93611183043317, -32.37197936823462], [-57.93441821899417, -32.37181823238724], [-57.93348391361669, -32.37175673655381], [-57.9325298999754, -32.371895913914365], [-57.93190102342264, -32.371397990257435], [-57.93090292671012, -32.37107021328674], [-57.92927254877508, -32.3708551765945], [-57.92882629175413, -32.37057754896987], [-57.926380436649076, -32.37025503140139], [-57.92528878465974, -32.37001563338838], [-57.924317185056815, -32.37015709714122], [-57.923929490990595, -32.37000914297663], [-57.923280480070844, -32.36949869317223], [-57.922396540879646, -32.36930850554499], [-57.92093502096731, -32.36881233253194], [-57.91933208635983, -32.36854779991656], [-57.91914955662328, -32.36843424366975], [-57.92165833520603, -32.37817498535883], [-57.93091348762352, -32.37649901552237], [-57.93193000924991, -32.38030201306525], [-57.9504523416894, -32.37681097398048], [-57.952718832228065, -32.38461576136908], [-57.96203679836674, -32.38277894549777], [-57.96322311391847, -32.38672769100798], [-57.964212282086365, -32.390686924249884], [-57.969008953453674, -32.38972765115861], [-57.96939380082881, -32.39080645122152], [-57.973586730736436, -32.38917841150509]]]}}, {"type": "Feature", "properties": {"cod": 1102315, "dpto": 11, "secc": 2, "segm": 315, "loc": 951}, "geometry": {"type": "Polygon", "coordinates": [[[-57.964862818420244, -32.39289030404281], [-57.95576903832867, -32.3963454215613], [-57.93855443974356, -32.40375427641287], [-57.938737059286055, -32.40397457250732], [-57.93941668018116, -32.40445050672903], [-57.94096504600446, -32.4052407475872], [-57.94140880265168, -32.40561005970751], [-57.94155634007685, -32.4059416684342], [-57.9421475443326, -32.40653584937139], [-57.94275581851463, -32.4068078048707], [-57.94370520962762, -32.40695869878834], [-57.944128742038785, -32.40720874498528], [-57.94455028396017, -32.407764160677175], [-57.94575779862306, -32.41004755757397], [-57.94623522337664, -32.41061085160763], [-57.947085148070336, -32.41144621873376], [-57.94819969417675, -32.41287229871364], [-57.94912516811832, -32.413514628184934], [-57.95003162335504, -32.414784795473025], [-57.95189369448355, -32.416449334515235], [-57.95360203503609, -32.418484650846445], [-57.95432748314853, -32.419122450239115], [-57.9564467103177, -32.4215467442445], [-57.95816940910908, -32.42219217609563], [-57.95884134303518, -32.42262343001017], [-57.96068809841432, -32.423359484495705], [-57.962183116851904, -32.422890538892524], [-57.96307912528503, -32.42294187000149], [-57.963684431205124, -32.42309206778065], [-57.961601604649765, -32.41572094374338], [-57.96607946382862, -32.41480336841891], [-57.965098360775094, -32.41099551778057], [-57.96976880531604, -32.41003751193586], [-57.96752448149298, -32.40194012406457], [-57.964862818420244, -32.39289030404281]]]}}, {"type": "Feature", "properties": {"cod": 1102402, "dpto": 11, "secc": 2, "segm": 402, "loc": 951}, "geometry": {"type": "Polygon", "coordinates": [[[-58.02406478399491, -32.375858519789666], [-58.018683360128655, -32.355630906845604], [-58.00949153101039, -32.35735971562269], [-58.0105717958664, -32.36132249727699], [-57.99658584378618, -32.36402539168511], [-58.00162425354549, -32.38268068800562], [-58.00602549585665, -32.38142228346932], [-58.02406478399491, -32.375858519789666]]]}}, {"type": "Feature", "properties": {"cod": 1102414, "dpto": 11, "secc": 2, "segm": 414, "loc": 951}, "geometry": {"type": "Polygon", "coordinates": [[[-57.96322311391847, -32.38672769100798], [-57.96203679836674, -32.38277894549777], [-57.952718832228065, -32.38461576136908], [-57.9504523416894, -32.37681097398048], [-57.93193000924991, -32.38030201306525], [-57.93511275690923, -32.39238062367584], [-57.93976787553309, -32.391439754190095], [-57.94268337984579, -32.40196673288631], [-57.95576903832867, -32.3963454215613], [-57.964862818420244, -32.39289030404281], [-57.964212282086365, -32.390686924249884], [-57.96322311391847, -32.38672769100798]]]}}, {"type": "Feature", "properties": {"cod": 1105006, "dpto": 11, "secc": 5, "segm": 6, "loc": 822}, "geometry": {"type": "Polygon", "coordinates": [[[-57.05660321646439, -32.309135055003374], [-57.05421722283779, -32.3147503153819], [-57.05333932022174, -32.31590371599348], [-57.05290958420786, -32.316601327930215], [-57.05613933201622, -32.318387245161], [-57.057351430675226, -32.31666453965999], [-57.05575261222916, -32.315713922291266], [-57.05820329594665, -32.31223834222252], [-57.05689403324544, -32.31145489549136], [-57.057760439479054, -32.31023879967733], [-57.05660321646439, -32.309135055003374]]]}}, {"type": "Feature", "properties": {"cod": 1105007, "dpto": 11, "secc": 5, "segm": 7, "loc": 822}, "geometry": {"type": "Polygon", "coordinates": [[[-57.05290958420786, -32.316601327930215], [-57.048678258374075, -32.322452648934046], [-57.0519354060182, -32.32423967545438], [-57.052924003535225, -32.32287320513209], [-57.053895892024215, -32.32344099940708], [-57.05718508847147, -32.31897358745019], [-57.05290958420786, -32.316601327930215]]]}}, {"type": "Feature", "properties": {"cod": 1111008, "dpto": 11, "secc": 11, "segm": 8, "loc": 621}, "geometry": {"type": "Polygon", "coordinates": [[[-57.8599691977388, -31.91613802800216], [-57.874308433745355, -31.921677827285087], [-57.87457852822438, -31.92190837487737], [-57.875601946041144, -31.922480039685787], [-57.88043654208594, -31.92505245835814], [-57.8863286133492, -31.927037590634395], [-57.887532975323715, -31.927268897979232], [-57.88871211565705, -31.927246097552693], [-57.88895052325768, -31.92705079880284], [-57.88900257905805, -31.926797778363948], [-57.879936112807286, -31.92362446283185], [-57.87884370376411, -31.92180313462346], [-57.879126923882225, -31.921800605199735], [-57.87868995654104, -31.92116266132607], [-57.87883142420369, -31.92115100901256], [-57.87689973272147, -31.920585911362572], [-57.87644887092484, -31.920572104272328], [-57.87472958401069, -31.920030849558852], [-57.87432452787494, -31.919221762500428], [-57.87024854375709, -31.917985308058014], [-57.866469069048534, -31.91647215482941], [-57.86693964882635, -31.916115743579017], [-57.86151188293952, -31.91405562519318], [-57.86153108776159, -31.91411767722163], [-57.86085355739417, -31.914889308685936], [-57.860704460340806, -31.91547014118015], [-57.86006601642873, -31.91589251398581], [-57.8599691977388, -31.91613802800216]]]}}, {"type": "Feature", "properties": {"cod": 1111102, "dpto": 11, "secc": 11, "segm": 102, "loc": 621}, "geometry": {"type": "Polygon", "coordinates": [[[-57.88974532120926, -31.92999281788066], [-57.91141256669584, -31.93771144313675], [-57.911638755201814, -31.937481783506172], [-57.89623350498838, -31.929407376349147], [-57.89064891147658, -31.928641436316475], [-57.889180446079074, -31.928536351427702], [-57.88711176622793, -31.92895708139924], [-57.88443179688803, -31.92892231331167], [-57.883935000717116, -31.92935369569005], [-57.88572524101671, -31.929992199944238], [-57.886259573381636, -31.93007586807437], [-57.88885465983464, -31.931028706220413], [-57.88974532120926, -31.92999281788066]]]}}, {"type": "Feature", "properties": {"cod": 1111202, "dpto": 11, "secc": 11, "segm": 202, "loc": 621}, "geometry": {"type": "Polygon", "coordinates": [[[-57.88835782131329, -31.931563048583257], [-57.91001899497491, -31.939274767684196], [-57.91141256669584, -31.93771144313675], [-57.88974532120926, -31.92999281788066], [-57.88835782131329, -31.931563048583257]]]}}, {"type": "Feature", "properties": {"cod": 1111302, "dpto": 11, "secc": 11, "segm": 302, "loc": 621}, "geometry": {"type": "Polygon", "coordinates": [[[-57.887899569169036, -31.932097877925443], [-57.902455177379466, -31.93972693618668], [-57.90872834699731, -31.940722992984593], [-57.91001899497491, -31.939274767684196], [-57.88835782131329, -31.931563048583257], [-57.887899569169036, -31.932097877925443]]]}}, {"type": "Feature", "properties": {"cod": 1112034, "dpto": 11, "secc": 12, "segm": 34, "loc": 951}, "geometry": {"type": "Polygon", "coordinates": [[[-58.05689557003542, -32.3212245098927], [-58.055850297501486, -32.317043675820685], [-58.056449996832804, -32.31695056369797], [-58.05650351101915, -32.3171571091761], [-58.05661244016017, -32.31715809084234], [-58.05912191708228, -32.316587788946734], [-58.05788056194077, -32.310739568032034], [-58.056935515816576, -32.30503579029645], [-58.05641625507745, -32.30275427123887], [-58.05634827117531, -32.30193938571631], [-58.053193898061714, -32.28255106363574], [-58.0524475665836, -32.27852997095959], [-58.05191697116987, -32.27470922847018], [-58.04135033655446, -32.276128949472024], [-58.03827645378448, -32.277840394262086], [-58.03686712930607, -32.27738710231314], [-58.03781829990455, -32.281072465322445], [-58.03858730788703, -32.28501464240043], [-58.04263870963382, -32.30056443656623], [-58.044533479639, -32.30863105513675], [-58.045600877177314, -32.31251904584211], [-58.046994857495555, -32.31641050470265], [-58.04869359291409, -32.32291623340377], [-58.051990395619576, -32.32239600059703], [-58.05689557003542, -32.3212245098927]]]}}, {"type": "Feature", "properties": {"cod": 1201001, "dpto": 12, "secc": 1, "segm": 1, "loc": 320}, "geometry": {"type": "MultiPolygon", "coordinates": [[[[-58.306693773085826, -33.1144369090645], [-58.30919594982587, -33.1166839181388], [-58.313521008243015, -33.113772514396956], [-58.314845626652605, -33.113648144757775], [-58.31504182900856, -33.113389972042], [-58.315294990900654, -33.11323409176646], [-58.315758558550804, -33.11329192918904], [-58.31602204089895, -33.11349338529979], [-58.31630938198156, -33.1139512921078], [-58.31660381539543, -33.11424775272936], [-58.31759176981589, -33.11464504883734], [-58.31760142488604, -33.1141816054699], [-58.316981770056536, -33.11385902421056], [-58.31626590296301, -33.11315539734142], [-58.316167042540975, -33.11280961416411], [-58.31624119213478, -33.11252834288368], [-58.316382376474934, -33.11239962955341], [-58.31616751882304, -33.11215978845363], [-58.315655917410176, -33.11205007853705], [-58.315512026512216, -33.11231625551659], [-58.31555815370174, -33.112465443440385], [-58.31520924207419, -33.1125989414304], [-58.313252090309916, -33.11270872184504], [-58.313338397214686, -33.11254899309329], [-58.31300112928643, -33.112224682615604], [-58.312784833777066, -33.11214557698244], [-58.314069600744844, -33.11141619266628], [-58.31282623751348, -33.11145750041483], [-58.31010998469504, -33.11277099770373], [-58.30927614993215, -33.112933549026195], [-58.30923473712506, -33.11346478772499], [-58.309331546509775, -33.11346033256432], [-58.309344008157055, -33.11357508440179], [-58.306605171721365, -33.11386221436338], [-58.306693773085826, -33.1144369090645]]], [[[-58.315189724561726, -33.110780279100105], [-58.314745698104836, -33.11052930762447], [-58.313121696762195, -33.11131462530412], [-58.31502332532288, -33.11087474681143], [-58.315189724561726, -33.110780279100105]]]]}}, {"type": "Feature", "properties": {"cod": 1201002, "dpto": 12, "secc": 1, "segm": 2, "loc": 320}, "geometry": {"type": "Polygon", "coordinates": [[[-58.306605171721365, -33.11386221436338], [-58.30590391772966, -33.11400775948619], [-58.30517002856717, -33.11429387818437], [-58.30477270195393, -33.11452723820085], [-58.30349274452082, -33.11561593734832], [-58.30664812600167, -33.11839672054517], [-58.30919594982587, -33.1166839181388], [-58.306693773085826, -33.1144369090645], [-58.306605171721365, -33.11386221436338]]]}}, {"type": "Feature", "properties": {"cod": 1201003, "dpto": 12, "secc": 1, "segm": 3, "loc": 320}, "geometry": {"type": "Polygon", "coordinates": [[[-58.30664812600167, -33.11839672054517], [-58.30349274452082, -33.11561593734832], [-58.30129378746578, -33.11764187372993], [-58.30412795565847, -33.12008329894276], [-58.30664812600167, -33.11839672054517]]]}}, {"type": "Feature", "properties": {"cod": 1201004, "dpto": 12, "secc": 1, "segm": 4, "loc": 320}, "geometry": {"type": "Polygon", "coordinates": [[[-58.30412795565847, -33.12008329894276], [-58.30129378746578, -33.11764187372993], [-58.299139456876595, -33.11960644891266], [-58.30162567100977, -33.12176360179282], [-58.30412795565847, -33.12008329894276]]]}}, {"type": "Feature", "properties": {"cod": 1201005, "dpto": 12, "secc": 1, "segm": 5, "loc": 320}, "geometry": {"type": "Polygon", "coordinates": [[[-58.299139456876595, -33.11960644891266], [-58.29534775815288, -33.12310914752707], [-58.29720064633485, -33.124746706993456], [-58.30162567100977, -33.12176360179282], [-58.299139456876595, -33.11960644891266]]]}}, {"type": "Feature", "properties": {"cod": 1201006, "dpto": 12, "secc": 1, "segm": 6, "loc": 320}, "geometry": {"type": "Polygon", "coordinates": [[[-58.29489371799427, -33.12353958547654], [-58.29275427533097, -33.1266380702893], [-58.29224630159, -33.126983452325824], [-58.29369353692863, -33.12824283000828], [-58.29702460347445, -33.1259282964771], [-58.29791952736824, -33.12538308429582], [-58.29534775815288, -33.12310914752707], [-58.29489371799427, -33.12353958547654]]]}}, {"type": "Feature", "properties": {"cod": 1201007, "dpto": 12, "secc": 1, "segm": 7, "loc": 320}, "geometry": {"type": "Polygon", "coordinates": [[[-58.2937207480156, -33.128223283817064], [-58.29603009177319, -33.13026366858313], [-58.30024601008869, -33.12743066205117], [-58.29791952736824, -33.12538308429582], [-58.2937207480156, -33.128223283817064]]]}}, {"type": "Feature", "properties": {"cod": 1201008, "dpto": 12, "secc": 1, "segm": 8, "loc": 320}, "geometry": {"type": "Polygon", "coordinates": [[[-58.29720064633485, -33.124746706993456], [-58.30024601008869, -33.12743066205117], [-58.303863599770374, -33.12500147499479], [-58.300774316380846, -33.12233753767063], [-58.29720064633485, -33.124746706993456]]]}}, {"type": "Feature", "properties": {"cod": 1201009, "dpto": 12, "secc": 1, "segm": 9, "loc": 320}, "geometry": {"type": "Polygon", "coordinates": [[[-58.300774316582384, -33.12233753753476], [-58.303863599770374, -33.12500147499479], [-58.307218259735585, -33.1227481167024], [-58.30412795565847, -33.12008329894276], [-58.300774316582384, -33.12233753753476]]]}}, {"type": "Feature", "properties": {"cod": 1201010, "dpto": 12, "secc": 1, "segm": 10, "loc": 320}, "geometry": {"type": "Polygon", "coordinates": [[[-58.30745526156816, -33.11784948354405], [-58.30412795565847, -33.12008329894276], [-58.307218259735585, -33.1227481167024], [-58.31049129992826, -33.12054670927348], [-58.30745526156816, -33.11784948354405]]]}}, {"type": "Feature", "properties": {"cod": 1201011, "dpto": 12, "secc": 1, "segm": 11, "loc": 320}, "geometry": {"type": "Polygon", "coordinates": [[[-58.310894929496285, -33.115540253639345], [-58.30745526156816, -33.11784948354405], [-58.31049129992826, -33.12054670927348], [-58.31392744160451, -33.118241287328075], [-58.310894929496285, -33.115540253639345]]]}}, {"type": "Feature", "properties": {"cod": 1201012, "dpto": 12, "secc": 1, "segm": 12, "loc": 320}, "geometry": {"type": "Polygon", "coordinates": [[[-58.310894929496285, -33.115540253639345], [-58.31392744160451, -33.118241287328075], [-58.31756730749006, -33.11581924047716], [-58.31759176981589, -33.11464504883734], [-58.31660381539543, -33.11424775272936], [-58.31630938198156, -33.1139512921078], [-58.31602204089895, -33.11349338529979], [-58.315758558550804, -33.11329192918904], [-58.315294990900654, -33.11323409176646], [-58.31504182900856, -33.113389972042], [-58.314845626652605, -33.113648144757775], [-58.313521008243015, -33.113772514396956], [-58.310894929496285, -33.115540253639345]]]}}, {"type": "Feature", "properties": {"cod": 1201013, "dpto": 12, "secc": 1, "segm": 13, "loc": 320}, "geometry": {"type": "Polygon", "coordinates": [[[-58.313084230313976, -33.11880786608744], [-58.315223577996825, -33.120716489361804], [-58.31433542638553, -33.121302205363165], [-58.3143481874583, -33.121410276085534], [-58.314526135198996, -33.121562614056664], [-58.314426767794714, -33.121620953229176], [-58.31351404345076, -33.121579727619256], [-58.31285879924698, -33.12167907898574], [-58.312617820194944, -33.12176112343458], [-58.31228405912423, -33.122144183220165], [-58.312560307453474, -33.122453600533234], [-58.312517408352136, -33.12282319518134], [-58.31207271230004, -33.12430832198515], [-58.31209672749396, -33.124558088213696], [-58.31311074416834, -33.12685168771218], [-58.313166982539826, -33.126772070306636], [-58.31864841604733, -33.12611709225098], [-58.31956206248203, -33.12495931315377], [-58.32027892345507, -33.123877909772176], [-58.321382970927225, -33.1210201642711], [-58.31900677554604, -33.1196922149856], [-58.319073081132046, -33.11958596794763], [-58.31901732912204, -33.119456731838696], [-58.31757537977039, -33.11807621395366], [-58.31721053011329, -33.117192101940304], [-58.317243733142426, -33.1162564302362], [-58.31756730749006, -33.11581924047716], [-58.313084230313976, -33.11880786608744]]]}}, {"type": "Feature", "properties": {"cod": 1201014, "dpto": 12, "secc": 1, "segm": 14, "loc": 320}, "geometry": {"type": "Polygon", "coordinates": [[[-58.30885914310205, -33.121647458795216], [-58.310839636225715, -33.12337052493744], [-58.31087227626822, -33.12322984184118], [-58.3115701201832, -33.12276757697058], [-58.31186209289663, -33.122336517676956], [-58.31236493707221, -33.1221055914015], [-58.312617820194944, -33.12176112343458], [-58.31351404345076, -33.121579727619256], [-58.314426767794714, -33.121620953229176], [-58.314526135198996, -33.121562614056664], [-58.3143481874583, -33.121410276085534], [-58.31433542638553, -33.121302205363165], [-58.315223577996825, -33.120716489361804], [-58.313084230313976, -33.11880786608744], [-58.30885914310205, -33.121647458795216]]]}}, {"type": "Feature", "properties": {"cod": 1201015, "dpto": 12, "secc": 1, "segm": 15, "loc": 320}, "geometry": {"type": "Polygon", "coordinates": [[[-58.303863599770374, -33.12500147499479], [-58.306132524063344, -33.12696012262338], [-58.30954987198358, -33.12468123872388], [-58.30933688980672, -33.12452820232389], [-58.310839636225715, -33.12337052493744], [-58.30885914310205, -33.121647458795216], [-58.303863599770374, -33.12500147499479]]]}}, {"type": "Feature", "properties": {"cod": 1201016, "dpto": 12, "secc": 1, "segm": 16, "loc": 320}, "geometry": {"type": "Polygon", "coordinates": [[[-58.29603009177319, -33.13026366858313], [-58.30515568051817, -33.13816026016435], [-58.31248521793971, -33.12726836558469], [-58.31267128845633, -33.12743426703277], [-58.31311074416834, -33.12685168771218], [-58.31209672749396, -33.124558088213696], [-58.31207271230004, -33.12430832198515], [-58.312517408352136, -33.12282319518134], [-58.312560307453474, -33.122453600533234], [-58.31228405912423, -33.122144183220165], [-58.31186209289663, -33.122336517676956], [-58.3115701201832, -33.12276757697058], [-58.3110913118223, -33.12305300063924], [-58.31087227626822, -33.12322984184118], [-58.31075664756178, -33.123456213402314], [-58.30933688980672, -33.12452820232389], [-58.30954987198358, -33.12468123872388], [-58.306132524063344, -33.12696012262338], [-58.303863599770374, -33.12500147499479], [-58.29603009177319, -33.13026366858313]]]}}, {"type": "Feature", "properties": {"cod": 1201017, "dpto": 12, "secc": 1, "segm": 17, "loc": 320}, "geometry": {"type": "Polygon", "coordinates": [[[-58.302455715487916, -33.116582289389505], [-58.3018796760044, -33.11668357722993], [-58.30110618536063, -33.11746051912469], [-58.3000782029521, -33.11822501280278], [-58.29422306958954, -33.12211825846936], [-58.29073490144417, -33.12028641092258], [-58.28626537887788, -33.12328197557653], [-58.282987513491484, -33.12559104810417], [-58.28561204729214, -33.1278543650791], [-58.28992642982211, -33.12498317235212], [-58.29224630159, -33.126983452325824], [-58.29275427533097, -33.1266380702893], [-58.29470445780892, -33.12373931929114], [-58.295322808381016, -33.123086749294465], [-58.302455715487916, -33.116582289389505]]]}}, {"type": "Feature", "properties": {"cod": 1201019, "dpto": 12, "secc": 1, "segm": 19, "loc": 320}, "geometry": {"type": "Polygon", "coordinates": [[[-58.28067317187957, -33.134456465573074], [-58.28143685026767, -33.13507370227982], [-58.27983594397053, -33.13626277517007], [-58.28172551745955, -33.13785568443603], [-58.2851199914052, -33.134713952249214], [-58.2806369660725, -33.13114142446104], [-58.275033183314086, -33.134919205327094], [-58.276674535824334, -33.13577212852852], [-58.27780788367549, -33.136558840177536], [-58.28067317187957, -33.134456465573074]]]}}, {"type": "Feature", "properties": {"cod": 1201020, "dpto": 12, "secc": 1, "segm": 20, "loc": 320}, "geometry": {"type": "Polygon", "coordinates": [[[-58.27602681407435, -33.13786568096685], [-58.282034694131454, -33.1423356999215], [-58.282264172451505, -33.14271146726594], [-58.284286260369555, -33.1437012319133], [-58.28720039347234, -33.14107392656238], [-58.29181199274601, -33.13471338020087], [-58.29073846510873, -33.13335484561937], [-58.29090383376394, -33.13319705007207], [-58.288289274767, -33.1316883978717], [-58.28767001609802, -33.132361230337864], [-58.2868114466964, -33.13307568848031], [-58.28172551745955, -33.13785568443603], [-58.27983594397053, -33.13626277517007], [-58.28143685026767, -33.13507370227982], [-58.28067317187957, -33.134456465573074], [-58.27602681407435, -33.13786568096685]]]}}, {"type": "Feature", "properties": {"cod": 1201025, "dpto": 12, "secc": 1, "segm": 25, "loc": 320}, "geometry": {"type": "Polygon", "coordinates": [[[-58.29972323017297, -33.115549277712574], [-58.30101511666756, -33.11517483113414], [-58.300048380386436, -33.11437792507024], [-58.302079818083655, -33.1130034033265], [-58.3005100827512, -33.111727714474746], [-58.29847698160631, -33.11314254547017], [-58.29660454708017, -33.11155682919349], [-58.295674151262006, -33.1121079112995], [-58.29879617149783, -33.114847467774034], [-58.29972323017297, -33.115549277712574]]]}}, {"type": "Feature", "properties": {"cod": 1201028, "dpto": 12, "secc": 1, "segm": 28, "loc": 320}, "geometry": {"type": "Polygon", "coordinates": [[[-58.301503532631244, -33.1170318902737], [-58.29971420907896, -33.115555757692235], [-58.29638227893824, -33.11651632363761], [-58.29521528686645, -33.117048462939344], [-58.290606120364465, -33.120020632897], [-58.29073490144417, -33.12028641092258], [-58.29422306958954, -33.12211825846936], [-58.3000782029521, -33.11822501280278], [-58.30110618536063, -33.11746051912469], [-58.301503532631244, -33.1170318902737]]]}}, {"type": "Feature", "properties": {"cod": 1201118, "dpto": 12, "secc": 1, "segm": 118, "loc": 320}, "geometry": {"type": "Polygon", "coordinates": [[[-58.284858896987544, -33.12719702358169], [-58.27974025473662, -33.130548090868515], [-58.28051008324618, -33.13122610048795], [-58.2806369660725, -33.13114142446104], [-58.2851199914052, -33.134713952249214], [-58.2868114466964, -33.13307568848031], [-58.28767001609802, -33.132361230337864], [-58.288289274767, -33.1316883978717], [-58.2929994519678, -33.12764079382493], [-58.28992642982211, -33.12498317235212], [-58.28561204729214, -33.1278543650791], [-58.284858896987544, -33.12719702358169]]]}}, {"type": "Feature", "properties": {"cod": 1201218, "dpto": 12, "secc": 1, "segm": 218, "loc": 320}, "geometry": {"type": "Polygon", "coordinates": [[[-58.2929994519678, -33.12764079382493], [-58.288289274767, -33.1316883978717], [-58.29090383376394, -33.13319705007207], [-58.29073846510873, -33.13335484561937], [-58.29200346174414, -33.1349536326185], [-58.291694298973034, -33.13576825563277], [-58.29213823598414, -33.13645892246882], [-58.29286748685104, -33.136078296497175], [-58.292743044603576, -33.13591370688736], [-58.29833374129552, -33.13222991482465], [-58.2929994519678, -33.12764079382493]]]}}, {"type": "Feature", "properties": {"cod": 1305002, "dpto": 13, "secc": 5, "segm": 2, "loc": 521}, "geometry": {"type": "Polygon", "coordinates": [[[-55.47482296537513, -31.569697915841637], [-55.47356511880951, -31.57055363860782], [-55.47189793182008, -31.572008769417945], [-55.47372823896663, -31.573427275514263], [-55.474447305286226, -31.573436849815632], [-55.47701192131876, -31.5742698038372], [-55.476779925637004, -31.57471310951469], [-55.47781709269372, -31.57513314613678], [-55.47833755679073, -31.574046531215252], [-55.48229492019352, -31.571783219073257], [-55.48122849350543, -31.57072967302945], [-55.480913831756034, -31.57027934902066], [-55.482419411295155, -31.568274043928287], [-55.483157086789, -31.56754550012207], [-55.48270170375048, -31.567060019007286], [-55.485712169328636, -31.564865539088334], [-55.48512161300532, -31.565026512756518], [-55.48462102003083, -31.563233846674102], [-55.482051994590094, -31.563939493615443], [-55.48123194165969, -31.564091669329766], [-55.481473008290514, -31.56471877494381], [-55.476084742768556, -31.566137915431373], [-55.47569649895723, -31.565547231196753], [-55.4737379530348, -31.565869278111062], [-55.47390467763151, -31.56614965335243], [-55.47396539570142, -31.566647436430504], [-55.474091045451644, -31.56684969639857], [-55.47390045093034, -31.56726010130655], [-55.47369055120727, -31.567139693003515], [-55.473232125258754, -31.56711407686166], [-55.47298492606761, -31.567407218974875], [-55.473748163879854, -31.568842889887467], [-55.47392751167434, -31.568662846496107], [-55.47431251083843, -31.568865109982777], [-55.47482296537513, -31.569697915841637]]]}}, {"type": "Feature", "properties": {"cod": 1305101, "dpto": 13, "secc": 5, "segm": 101, "loc": 521}, "geometry": {"type": "Polygon", "coordinates": [[[-55.473748163879854, -31.568842889887467], [-55.47298492606761, -31.567407218974875], [-55.472445098681625, -31.56743187189611], [-55.4717863299076, -31.567285552682737], [-55.4711631213447, -31.56738415676999], [-55.471045024025365, -31.56752255536278], [-55.47046529085037, -31.56777832471198], [-55.469238868023304, -31.56796691348706], [-55.468818717501854, -31.56815438408518], [-55.468574390193204, -31.568415684739506], [-55.46816969702905, -31.56853917288444], [-55.46777877135878, -31.568828745259296], [-55.467788231066045, -31.569042591709444], [-55.46771153494428, -31.569148089564624], [-55.46807524747233, -31.569692030179272], [-55.46808366873626, -31.57002478827301], [-55.46776927955023, -31.571168552843027], [-55.46725734691802, -31.57205664287609], [-55.46699450770266, -31.57284192045004], [-55.466218279583735, -31.573571782423823], [-55.466059069697906, -31.574060343348606], [-55.465862599481206, -31.574217164746774], [-55.46563944856466, -31.574668071289697], [-55.465660540823094, -31.574754676565842], [-55.465472915371606, -31.574919098829444], [-55.46474833445376, -31.575076332587294], [-55.46444175594066, -31.57506991214476], [-55.46374702648962, -31.575535363835584], [-55.46346138353725, -31.575615553469262], [-55.46316810264025, -31.575569096299105], [-55.4629936181383, -31.57569348673332], [-55.46290904181436, -31.57588635440926], [-55.463208257880034, -31.576400531442765], [-55.4634288124514, -31.576615869752292], [-55.46352831231016, -31.577215459837383], [-55.46358922480078, -31.57728496047696], [-55.464828027014335, -31.57749264250828], [-55.464845378557214, -31.57761898971043], [-55.465147297106626, -31.577705859287164], [-55.46648792401941, -31.576648398296907], [-55.46702, -31.57644], [-55.46798899696003, -31.576395835386073], [-55.46819363592976, -31.576468905764006], [-55.46838593021894, -31.576677112916723], [-55.468722084658545, -31.576357347931804], [-55.469076037211806, -31.57637030996229], [-55.46964621348925, -31.576114835381567], [-55.469773650256045, -31.575872887416], [-55.469862437170335, -31.575846398804735], [-55.46999794852288, -31.575088798548013], [-55.469976712657505, -31.57468505630589], [-55.473706579599984, -31.57334869050044], [-55.47189793182008, -31.572008769417945], [-55.47356511880951, -31.57055363860782], [-55.47482296537513, -31.569697915841637], [-55.47431251083843, -31.568865109982777], [-55.47392751167434, -31.568662846496107], [-55.473748163879854, -31.568842889887467]]]}}, {"type": "Feature", "properties": {"cod": 1305201, "dpto": 13, "secc": 5, "segm": 201, "loc": 521}, "geometry": {"type": "Polygon", "coordinates": [[[-55.473706579599984, -31.57334869050044], [-55.469976712657505, -31.57468505630589], [-55.46999794852288, -31.575088798548013], [-55.469862437170335, -31.575846398804735], [-55.469773650256045, -31.575872887416], [-55.46964621348925, -31.576114835381567], [-55.469076037211806, -31.57637030996229], [-55.468722084658545, -31.576357347931804], [-55.46838593021894, -31.576677112916723], [-55.46858068825786, -31.577061169455867], [-55.46903, -31.57724], [-55.47158800492594, -31.58253538214851], [-55.47173509363452, -31.58264854870064], [-55.471705484160324, -31.582778578490434], [-55.47203000620155, -31.583450378691616], [-55.47211678436416, -31.583524952639305], [-55.47301231880382, -31.58369300025139], [-55.47727, -31.58165], [-55.47781402902448, -31.581880263447573], [-55.478140543622146, -31.581657934871146], [-55.47791545210635, -31.581387233540987], [-55.4769958993573, -31.580939819168986], [-55.476414173483846, -31.578023461484115], [-55.47781709269372, -31.57513314613678], [-55.476779925637004, -31.57471310951469], [-55.47701192131876, -31.5742698038372], [-55.474447305286226, -31.573436849815632], [-55.47372823896663, -31.573427275514263], [-55.473706579599984, -31.57334869050044]]]}}, {"type": "Feature", "properties": {"cod": 1309009, "dpto": 13, "secc": 9, "segm": 9, "loc": 721}, "geometry": {"type": "Polygon", "coordinates": [[[-55.5810680516033, -30.88307476171824], [-55.58619807660178, -30.88773493941727], [-55.584446786753574, -30.889385602327014], [-55.585763362822085, -30.890539881906896], [-55.58387623432098, -30.89221670146061], [-55.58593982955485, -30.894080574596245], [-55.587460539518396, -30.892671500350026], [-55.58985692283225, -30.894733890670175], [-55.59028285260018, -30.894548747331555], [-55.590727368482305, -30.895995329371328], [-55.591187680989414, -30.897133254280604], [-55.59165324478588, -30.897036718441598], [-55.59182597013352, -30.89683017319887], [-55.59279679202172, -30.896675399574214], [-55.59355072220624, -30.89626845146452], [-55.593952614873935, -30.89566851869783], [-55.59415807814351, -30.894945153051154], [-55.595245894117326, -30.893082014009053], [-55.59541159497644, -30.892286570078078], [-55.59573243771294, -30.89140858006032], [-55.595980274417215, -30.89095872850014], [-55.597422997306815, -30.88954049354812], [-55.597181562883826, -30.888856925947433], [-55.59707762676276, -30.888265120811123], [-55.59707149481147, -30.88772678017501], [-55.59714622253105, -30.887449793319917], [-55.59698411946991, -30.886893405105553], [-55.59699754615896, -30.88634888465845], [-55.59687692399607, -30.886015452548545], [-55.59705866880607, -30.884877471588343], [-55.597035850892915, -30.884597503883015], [-55.59693651217652, -30.884409317372448], [-55.596507326173814, -30.884308587028112], [-55.59630769432778, -30.88384842347978], [-55.5948505990924, -30.8840048712116], [-55.59463332383242, -30.883719016163404], [-55.5971999670408, -30.881911861975077], [-55.589845584916404, -30.874949167798736], [-55.58799821562461, -30.876697791714225], [-55.58760495566421, -30.876332334488055], [-55.58743165650155, -30.87648849583777], [-55.58568075020963, -30.878172839310672], [-55.585899750356525, -30.87861011974368], [-55.5810680516033, -30.88307476171824]]]}}, {"type": "Feature", "properties": {"cod": 1309010, "dpto": 13, "secc": 9, "segm": 10, "loc": 837}, "geometry": {"type": "Polygon", "coordinates": [[[-55.60536423561614, -30.90877851133297], [-55.60488466811683, -30.909368910013843], [-55.59772156035022, -30.915752152961392], [-55.597203000832565, -30.916338108170994], [-55.59537430084503, -30.918030268145888], [-55.58912537633556, -30.924428328785417], [-55.58860547564801, -30.924896539052238], [-55.58657733407316, -30.926145238808648], [-55.58461681902078, -30.92821679002004], [-55.58642503311524, -30.929840375193784], [-55.58948501556741, -30.932098438693238], [-55.59065567447373, -30.93069856244786], [-55.58934152228873, -30.929729289078058], [-55.59145942093482, -30.927827584330867], [-55.59161680452853, -30.92799743079507], [-55.59237852015653, -30.928246194788642], [-55.59305733898441, -30.928082552996397], [-55.59379259994702, -30.92773206894198], [-55.59416150744684, -30.927682836382356], [-55.59849121066146, -30.923562853466567], [-55.599102126480844, -30.924247572445225], [-55.59990769934294, -30.924955703494614], [-55.60176859051714, -30.926089695113124], [-55.60598593036895, -30.927475599816663], [-55.60770626350278, -30.928249206233367], [-55.61015296011887, -30.929586687463072], [-55.610781013813096, -30.930080494158396], [-55.611666485695224, -30.930965640845926], [-55.61234004691459, -30.932035912141696], [-55.61265953668824, -30.9327624206281], [-55.6129018034617, -30.93354685563157], [-55.61383001186532, -30.938183957460183], [-55.61556914815993, -30.937161779683862], [-55.61626176223905, -30.938209267532095], [-55.62073918437447, -30.935106128917223], [-55.62030188004085, -30.934264875183324], [-55.62089868508634, -30.933738564144704], [-55.62145987961298, -30.933476880434817], [-55.62440693006924, -30.932630087761748], [-55.62487051068563, -30.932331642951617], [-55.625248892599615, -30.93141870922543], [-55.625205300058596, -30.931010373390674], [-55.6253001603151, -30.93077759066218], [-55.62537591696303, -30.93061872219998], [-55.625608727354475, -30.930545162678943], [-55.625374575793934, -30.9305009773273], [-55.625643505604415, -30.93017966799202], [-55.625371509817896, -30.93023180697419], [-55.625680267035236, -30.93001608234632], [-55.62582447126659, -30.930696569428992], [-55.62652157256132, -30.930442509306083], [-55.62682783777996, -30.93000799823718], [-55.62695984622234, -30.929645584138374], [-55.62623955517115, -30.927863752641468], [-55.62600329516661, -30.927634461271754], [-55.626300362457926, -30.926392439213632], [-55.626820263064715, -30.925924228972328], [-55.62704560041494, -30.92519458377678], [-55.627435669218514, -30.92530767378768], [-55.62777939806413, -30.92474343168068], [-55.62777556481477, -30.924406900322385], [-55.628159433550266, -30.923947869326028], [-55.628232246204966, -30.923502753730755], [-55.628558905453254, -30.9231632041571], [-55.628707980455715, -30.922575823761687], [-55.629443815313316, -30.92227572350467], [-55.62992625541194, -30.921937518109306], [-55.63072051870314, -30.92165275836908], [-55.630836236695224, -30.919860154336344], [-55.63183896423645, -30.91908769294955], [-55.63160001869336, -30.918622637982047], [-55.63167225753304, -30.918127138493762], [-55.63146802516354, -30.917263082511848], [-55.628095348505134, -30.920017162188017], [-55.624557097649685, -30.916795855946283], [-55.61035140289819, -30.90431558708243], [-55.60536423561614, -30.90877851133297]]]}}, {"type": "Feature", "properties": {"cod": 1309011, "dpto": 13, "secc": 9, "segm": 11, "loc": 836}, "geometry": {"type": "Polygon", "coordinates": [[[-55.58333195202661, -30.926427571617804], [-55.5825386611808, -30.92507442619416], [-55.58190311945283, -30.925646503488945], [-55.581874092636724, -30.926516932152282], [-55.58245310600264, -30.9278196126754], [-55.5824590476952, -30.928341249981663], [-55.582348706255615, -30.928882590242967], [-55.58255428283225, -30.92986466493092], [-55.58251099081977, -30.931178198997383], [-55.58203660085772, -30.932223147717075], [-55.581811837483244, -30.9330031766845], [-55.58201676893089, -30.933900813536273], [-55.579265249779354, -30.936543272029724], [-55.580110578813525, -30.93732293367763], [-55.57797599716364, -30.939483285284584], [-55.57883999542051, -30.94020648294731], [-55.578667460412355, -30.940429731494373], [-55.57874928081642, -30.94077542353295], [-55.5786553067788, -30.941058216723412], [-55.577200117852584, -30.943105310405617], [-55.57662178865067, -30.94355818018116], [-55.576233319472465, -30.94361331871842], [-55.57459249624622, -30.944705838369224], [-55.57496734543939, -30.945178243185957], [-55.575212036097156, -30.946147684469604], [-55.57607948396712, -30.94717373302308], [-55.576106583843845, -30.947857419021933], [-55.57622567449735, -30.948056402884717], [-55.576614333935076, -30.94801796774741], [-55.57886147565601, -30.947206548353908], [-55.579249561278715, -30.947117729323587], [-55.57942516226211, -30.947163651059533], [-55.5795821590192, -30.947299543203766], [-55.5798615059449, -30.947920566650552], [-55.58005685574741, -30.947977012000976], [-55.58073663210813, -30.94789743461387], [-55.58143749845625, -30.947946125643824], [-55.58122750285997, -30.948299379132443], [-55.58210626889423, -30.948595801246263], [-55.58214717909626, -30.948768647265553], [-55.582040739021224, -30.949680299116096], [-55.58223647254074, -30.949770424908547], [-55.58602977936546, -30.94639372859032], [-55.588324552049656, -30.94462191029091], [-55.59467475527547, -30.95053415445458], [-55.59438313273261, -30.950558692946696], [-55.59107188236865, -30.95356350326182], [-55.595960948445416, -30.954163087324023], [-55.59830694685199, -30.950078764069914], [-55.598600374189914, -30.948517187746607], [-55.59971538851571, -30.95076514458147], [-55.60109728920519, -30.95254019255619], [-55.60247841386484, -30.955970396665826], [-55.60240331430196, -30.954491459606434], [-55.60263504205975, -30.95435063872248], [-55.60470436408506, -30.951603025143793], [-55.604898182458946, -30.951525022221585], [-55.60842517673502, -30.948671618656512], [-55.607366144116746, -30.947891875975575], [-55.607481273219726, -30.947770857669862], [-55.606756372889365, -30.947307650949583], [-55.6043996268028, -30.945334141841276], [-55.601790181915824, -30.943355834586544], [-55.60114103519535, -30.942733485570702], [-55.60455021482989, -30.93976533671355], [-55.60793638637251, -30.93650051672561], [-55.606599225934865, -30.935234572346147], [-55.60503014444266, -30.934092471687432], [-55.6049703747592, -30.933959386323473], [-55.59798370032645, -30.940489418409744], [-55.597295877029524, -30.939862526324944], [-55.5961410085098, -30.940953197754045], [-55.595022863213146, -30.93840256428317], [-55.593281903797845, -30.935845906649917], [-55.59188152406364, -30.934144026015748], [-55.590721689497094, -30.93307542882714], [-55.58948501556741, -30.932098438693238], [-55.58642503311524, -30.929840375193784], [-55.58461681902078, -30.92821679002004], [-55.58333195202661, -30.926427571617804]]]}}, {"type": "Feature", "properties": {"cod": 1404117, "dpto": 14, "secc": 4, "segm": 117, "loc": 921}, "geometry": {"type": "Polygon", "coordinates": [[[-53.787327698598865, -34.27879703540162], [-53.78776542643025, -34.279723114031796], [-53.78796356916572, -34.27977476210351], [-53.78831573477796, -34.2795136553734], [-53.78915031407922, -34.27932587673563], [-53.78933216881545, -34.279085764240286], [-53.78971931803702, -34.27891956018361], [-53.78991649376918, -34.278862852485105], [-53.79001914948163, -34.278915262955415], [-53.79013569137238, -34.27872506690413], [-53.790267921685256, -34.27878017048942], [-53.79030093319892, -34.27865824182545], [-53.79050858569094, -34.278499065472445], [-53.790659198208864, -34.278566705651194], [-53.790906891496164, -34.27832315014182], [-53.791215919320926, -34.27831742300346], [-53.79146672687919, -34.27841454573421], [-53.79217531336542, -34.27811634840529], [-53.79252874914074, -34.27825036545371], [-53.79274614994402, -34.27791123974381], [-53.79298964107896, -34.277955214570895], [-53.79312288570252, -34.277862888194576], [-53.792334350013554, -34.27607362753365], [-53.78777169529679, -34.277876845045434], [-53.78669037596802, -34.2756176202096], [-53.78612036923358, -34.27591571325405], [-53.78640765978548, -34.276789642859036], [-53.78664792727678, -34.27697385029618], [-53.78678434950649, -34.27723758607105], [-53.787327698598865, -34.27879703540162]]]}}, {"type": "Feature", "properties": {"cod": 1404217, "dpto": 14, "secc": 4, "segm": 217, "loc": 921}, "geometry": {"type": "Polygon", "coordinates": [[[-53.78776542643025, -34.279723114031796], [-53.78670322576146, -34.277057492053046], [-53.78640765978548, -34.276789642859036], [-53.78612036923358, -34.27591571325405], [-53.784298117957924, -34.276952770395404], [-53.78456260639822, -34.27755925976637], [-53.78464843721042, -34.2780098558178], [-53.784550554101436, -34.27824358324177], [-53.78468020385151, -34.27877206610182], [-53.784186318932555, -34.27867733476857], [-53.78487480473374, -34.281220068383476], [-53.78537337944109, -34.281073623074654], [-53.78598312512904, -34.28064489198372], [-53.78658220955165, -34.28055904376922], [-53.786632938156956, -34.28038755490738], [-53.78690043246778, -34.280311377694474], [-53.786993736412015, -34.28007842509502], [-53.78713949315982, -34.280115845291604], [-53.787303704685684, -34.27992528052525], [-53.78776542643025, -34.279723114031796]]]}}, {"type": "Feature", "properties": {"cod": 1404317, "dpto": 14, "secc": 4, "segm": 317, "loc": 921}, "geometry": {"type": "Polygon", "coordinates": [[[-53.78612036923358, -34.27591571325405], [-53.78518139628403, -34.27407430356474], [-53.78501014845279, -34.273219477683256], [-53.7846462660035, -34.27242046493693], [-53.78434864741359, -34.27140872193198], [-53.783946668373346, -34.270414637362805], [-53.783154497479714, -34.27050981278607], [-53.78318258065027, -34.27059818569635], [-53.78214250416821, -34.27068104864735], [-53.78251639201265, -34.27208317474821], [-53.78007086725968, -34.27890845064181], [-53.78030163651932, -34.27904782906835], [-53.78382800214416, -34.27723383503574], [-53.78612036923358, -34.27591571325405]]]}}, {"type": "Feature", "properties": {"cod": 1404417, "dpto": 14, "secc": 4, "segm": 417, "loc": 921}, "geometry": {"type": "Polygon", "coordinates": [[[-53.78468020385151, -34.27877206610182], [-53.784550554101436, -34.27824358324177], [-53.78464843721042, -34.2780098558178], [-53.78456260639822, -34.27755925976637], [-53.784298117957924, -34.276952770395404], [-53.78030163651932, -34.27904782906835], [-53.78121670309345, -34.28285692964091], [-53.78147982157785, -34.283360045477494], [-53.78186877409313, -34.28328697112279], [-53.782034265998696, -34.282995367612095], [-53.78236805998061, -34.28270632793603], [-53.78271002547616, -34.28257868466069], [-53.78296673991492, -34.28231820811824], [-53.78355071438201, -34.28206431402528], [-53.7836846228686, -34.28179357547219], [-53.784072951084056, -34.28151082902128], [-53.78462051291646, -34.281503353105386], [-53.784819080931584, -34.281345713905054], [-53.78487480473374, -34.281220068383476], [-53.784186318932555, -34.27867733476857], [-53.78468020385151, -34.27877206610182]]]}}, {"type": "Feature", "properties": {"cod": 1405005, "dpto": 14, "secc": 5, "segm": 5, "loc": 721}, "geometry": {"type": "Polygon", "coordinates": [[[-53.56344967067815, -33.6810117547944], [-53.56306372047224, -33.68070938845672], [-53.56247979758542, -33.680932844924165], [-53.56216375094657, -33.680939339765786], [-53.56086145011861, -33.6803465349926], [-53.559632476826685, -33.67999698772693], [-53.55901835242734, -33.67997176676795], [-53.5581940220456, -33.67945092233827], [-53.557205567386696, -33.67931781928388], [-53.55704055039217, -33.679089565780934], [-53.55690116306163, -33.67867420138263], [-53.55670466640078, -33.6784347223013], [-53.55399274846235, -33.679150071508566], [-53.55389696396585, -33.67924387252359], [-53.55366358245148, -33.67920388420094], [-53.542665752262906, -33.68217673924348], [-53.543013341618376, -33.68344389820974], [-53.5413804499095, -33.68356475345578], [-53.53918170901363, -33.684673877218415], [-53.539967017392826, -33.68484175701669], [-53.54227820151625, -33.686114640773916], [-53.544101233994205, -33.68656712178797], [-53.54556362377705, -33.68632756039955], [-53.5495703683476, -33.685192741576586], [-53.550673411696835, -33.68486406194337], [-53.55162492047408, -33.6842509611406], [-53.55535300981419, -33.68312551099176], [-53.555856504040705, -33.683221340891784], [-53.56344014541825, -33.68109457330795], [-53.56344967067815, -33.6810117547944]]]}}, {"type": "Feature", "properties": {"cod": 1405006, "dpto": 14, "secc": 5, "segm": 6, "loc": 721}, "geometry": {"type": "Polygon", "coordinates": [[[-53.549139707025674, -33.68650568736545], [-53.549158407357034, -33.686665419776666], [-53.55133646934747, -33.688975067990775], [-53.55154433431556, -33.68899104409669], [-53.552072850673966, -33.69005168598804], [-53.552910104659155, -33.689808593288554], [-53.55301405314044, -33.68986934761136], [-53.553475779013596, -33.689733294891624], [-53.55313262138025, -33.68858961884203], [-53.553030986857344, -33.68848508341812], [-53.55373189447613, -33.68827498542608], [-53.5538049392, -33.68837157506114], [-53.56546202853203, -33.68500216033749], [-53.56546539937233, -33.68472527763332], [-53.56479749847653, -33.68378850208456], [-53.5642833970884, -33.68355672123944], [-53.564244744215266, -33.68311472113775], [-53.56390630669863, -33.68350139206434], [-53.56367509405359, -33.68352321319644], [-53.563375987404804, -33.68319666433296], [-53.56348962701778, -33.6825412175641], [-53.56328772517066, -33.682512454801575], [-53.56308228033829, -33.682342736833185], [-53.56280832881342, -33.6817322450611], [-53.563351214779544, -33.68147484898912], [-53.56343069294625, -33.68116657826534], [-53.55592359042897, -33.68327052756125], [-53.555414496132926, -33.68317863448372], [-53.551686493541325, -33.68430409131821], [-53.55073490164182, -33.684917114142586], [-53.54590819989181, -33.68629960003318], [-53.54593332578272, -33.686421984984975], [-53.54664264666546, -33.68702815701124], [-53.54889414960985, -33.68639001871207], [-53.549139707025674, -33.68650568736545]]]}}, {"type": "Feature", "properties": {"cod": 1409002, "dpto": 14, "secc": 9, "segm": 2, "loc": 622}, "geometry": {"type": "Polygon", "coordinates": [[[-54.27974645164482, -34.04076590487379], [-54.28567461046323, -34.04253672338107], [-54.28530937490214, -34.038011928451475], [-54.285128698283, -34.03687023098535], [-54.285044627547094, -34.03521746181352], [-54.28066686486378, -34.033893899649925], [-54.28073522334808, -34.03445398457916], [-54.279158950101255, -34.033999011020995], [-54.27974645164482, -34.04076590487379]]]}}, {"type": "Feature", "properties": {"cod": 1409003, "dpto": 14, "secc": 9, "segm": 3, "loc": 622}, "geometry": {"type": "Polygon", "coordinates": [[[-54.28115859537631, -34.03303331900778], [-54.280638651105264, -34.03359511256648], [-54.28065810794312, -34.03385075818024], [-54.28508355875734, -34.03518082925395], [-54.28516761927773, -34.03683346420285], [-54.28535889178931, -34.03797845797194], [-54.28571730030928, -34.04254947539595], [-54.28116228818915, -34.04122909565932], [-54.28083224985381, -34.04216184302294], [-54.28011104379779, -34.04528224542026], [-54.28752209614547, -34.047463629618775], [-54.28779595258573, -34.0471840561847], [-54.28786231073192, -34.04691280443361], [-54.28800724581873, -34.046762657707646], [-54.28795335605591, -34.04646459567226], [-54.288262395351104, -34.046282976714025], [-54.28940338344155, -34.04525501055903], [-54.28938949216215, -34.045072491453176], [-54.28959558726614, -34.04490035193282], [-54.28982837133314, -34.04440595887411], [-54.29001414315668, -34.04424367914417], [-54.29005287318794, -34.0439330914], [-54.290273242960346, -34.04379141419402], [-54.29032697947064, -34.04356382742106], [-54.2904831334322, -34.04342516300401], [-54.29045874780687, -34.042966604453646], [-54.28993933347245, -34.041344971195485], [-54.28972421371544, -34.04016072311916], [-54.288824056026534, -34.039013547811805], [-54.28831222883925, -34.038175681458874], [-54.28783877833203, -34.03770389822129], [-54.287414116651796, -34.03760130827626], [-54.286482184397606, -34.03699257051591], [-54.2863008481704, -34.03666443850273], [-54.28628139133254, -34.03640879288896], [-54.28597099919762, -34.03588906250496], [-54.28582922603867, -34.03525852204343], [-54.285249700308874, -34.03394115909277], [-54.28519250145925, -34.03360184671567], [-54.284836896771864, -34.03303621761873], [-54.28465308454364, -34.03185332159738], [-54.281856652769186, -34.0326213849456], [-54.28115859537631, -34.03303331900778]]]}}, {"type": "Feature", "properties": {"cod": 1409007, "dpto": 14, "secc": 9, "segm": 7, "loc": 622}, "geometry": {"type": "Polygon", "coordinates": [[[-54.283083794467785, -34.029579588267126], [-54.28342670195711, -34.029175944318595], [-54.28310956419784, -34.028256042664985], [-54.28269747470295, -34.02806223608581], [-54.2825725671397, -34.02724329290131], [-54.28266120717094, -34.02689209339369], [-54.2821023641669, -34.02519203414985], [-54.2819798062046, -34.025067951994], [-54.28158212733445, -34.02504581489816], [-54.28011335183308, -34.0236805241988], [-54.2788777304989, -34.02319051113164], [-54.2783665189749, -34.02290888879469], [-54.277674016329605, -34.02268112035185], [-54.27743096047058, -34.02288113147819], [-54.27722949633555, -34.02412437751565], [-54.27707711113647, -34.024312560703535], [-54.27608204547329, -34.02496391217013], [-54.27602225391774, -34.025101319063936], [-54.27629261598971, -34.026463247477196], [-54.275861811383756, -34.027374025723404], [-54.27492114638251, -34.02760870385871], [-54.27401880444909, -34.02795400413383], [-54.27369372781172, -34.02845870166514], [-54.2736831158134, -34.02927742529347], [-54.273585339687045, -34.02963496857614], [-54.273696420980485, -34.030820400998664], [-54.27370970852418, -34.03291130046441], [-54.2738978440921, -34.033740999629316], [-54.27372545773266, -34.03407638699823], [-54.27324807819354, -34.03443688693385], [-54.27297347404266, -34.0350120105448], [-54.2731547051946, -34.03575099237036], [-54.273132779417374, -34.036969217711835], [-54.273044323912096, -34.03758737873443], [-54.27313669542502, -34.037840674004066], [-54.273306561883096, -34.038020332109184], [-54.27360956507805, -34.03953705859057], [-54.27349542378074, -34.04104996431796], [-54.27341343192931, -34.0414767465259], [-54.273283464181944, -34.04168762592554], [-54.28046318114006, -34.043728136621034], [-54.280792695616846, -34.04219028956329], [-54.281135618208296, -34.041221128987516], [-54.27970707093261, -34.04079440324825], [-54.279115828123, -34.03398638106084], [-54.28072652342053, -34.034411123889285], [-54.28059910703678, -34.033623693282145], [-54.28122506535288, -34.03294851973236], [-54.281895410454666, -34.03258470055192], [-54.28464824546737, -34.031828349652656], [-54.28460169710323, -34.031588137861796], [-54.28412189675987, -34.03062292169194], [-54.283130867357976, -34.029924006972244], [-54.28305429037732, -34.029740084829726], [-54.283083794467785, -34.029579588267126]]]}}, {"type": "Feature", "properties": {"cod": 1410001, "dpto": 14, "secc": 10, "segm": 1, "loc": 821}, "geometry": {"type": "Polygon", "coordinates": [[[-54.16485420451626, -34.63505922813484], [-54.16671970722725, -34.63502068276064], [-54.16667312413096, -34.633764387311416], [-54.1679664512404, -34.6337192574651], [-54.17097298867446, -34.6332474066155], [-54.169504904312845, -34.62985286158793], [-54.169902294609415, -34.62976824864089], [-54.17132644140091, -34.628910387317035], [-54.170626745009244, -34.62680838706643], [-54.17016632367379, -34.62680197449666], [-54.169936988357044, -34.626071728651176], [-54.16627092934691, -34.62649769410003], [-54.16641112739196, -34.626974731468614], [-54.16412404281535, -34.62719345356235], [-54.16434982660495, -34.62744558274073], [-54.16435903378256, -34.62868506104098], [-54.16458425614429, -34.62886161728538], [-54.16466061301776, -34.62908407055158], [-54.164667295523934, -34.62998367537547], [-54.16444936420623, -34.63078864585187], [-54.16467654986313, -34.63122950260963], [-54.164686317656376, -34.632544451477074], [-54.16461584914719, -34.6331146949593], [-54.16484247418865, -34.63348008117608], [-54.16484471741124, -34.63378206576201], [-54.16462257957577, -34.63402075113913], [-54.164625102725765, -34.634360419797645], [-54.164852802597146, -34.634870500558286], [-54.16485420451626, -34.63505922813484]]]}}, {"type": "Feature", "properties": {"cod": 1410102, "dpto": 14, "secc": 10, "segm": 102, "loc": 821}, "geometry": {"type": "Polygon", "coordinates": [[[-54.17541240174777, -34.63979729443692], [-54.17476575418465, -34.63979475976848], [-54.17366738395116, -34.63929432667567], [-54.1735316571204, -34.63944646047947], [-54.16444876573066, -34.640764854349904], [-54.164245910845885, -34.64024717346013], [-54.16409685823215, -34.64026787948552], [-54.16289447008421, -34.642498516039645], [-54.1629942069237, -34.642543392241926], [-54.16127288330895, -34.64523015595891], [-54.16832729452995, -34.64547595213424], [-54.16836431218937, -34.64541728771191], [-54.16872496622337, -34.64542922805423], [-54.17041191940521, -34.643102988938644], [-54.17080688006272, -34.642691302834116], [-54.172006583403295, -34.641788995315636], [-54.17541240174777, -34.63979729443692]]]}}, {"type": "Feature", "properties": {"cod": 1410103, "dpto": 14, "secc": 10, "segm": 103, "loc": 942}, "geometry": {"type": "Polygon", "coordinates": [[[-54.14428700419674, -34.602121023224576], [-54.14226935103493, -34.600652128237016], [-54.14166092274749, -34.600453293072995], [-54.13542619484623, -34.59954647483234], [-54.13571971608158, -34.60049983442049], [-54.128841289212346, -34.5982298701381], [-54.12911044220187, -34.59862357799735], [-54.12863269619407, -34.598638120757066], [-54.128170071820364, -34.59877992050574], [-54.128296603246746, -34.5991912566959], [-54.12911, -34.59973], [-54.130918320798706, -34.6016005051453], [-54.134085150755716, -34.60378570933801], [-54.1348231357478, -34.604390326941626], [-54.13507365821524, -34.604698407214016], [-54.13766282257391, -34.60643810754467], [-54.138276231413705, -34.606938921900046], [-54.139356859604646, -34.60755008161537], [-54.149446450605765, -34.60624387643564], [-54.14428700419674, -34.602121023224576]]]}}, {"type": "Feature", "properties": {"cod": 1410202, "dpto": 14, "secc": 10, "segm": 202, "loc": 821}, "geometry": {"type": "Polygon", "coordinates": [[[-54.16485897164966, -34.63570098380132], [-54.164712349384, -34.63604886540905], [-54.164717910659284, -34.636797529150996], [-54.16412813390195, -34.63777372262394], [-54.16413177904365, -34.638264434786436], [-54.163985717393615, -34.63868778696135], [-54.163542236573385, -34.63927216818969], [-54.163469805529644, -34.63957821355438], [-54.16310160599234, -34.64024025110923], [-54.1628469521217, -34.64111636808285], [-54.162353547750186, -34.641684512063975], [-54.16210960294979, -34.642339792659286], [-54.162123551792675, -34.642527837935454], [-54.161852985835786, -34.64295160911673], [-54.16187853145335, -34.64303832156205], [-54.161310515156366, -34.64359167328435], [-54.16111438993955, -34.64397994617859], [-54.16064358738367, -34.64423850541563], [-54.1601157508434, -34.64518612941381], [-54.16093682550404, -34.64520437992728], [-54.16132219148197, -34.64517717470451], [-54.16138395222659, -34.64511081325725], [-54.1629942069237, -34.642543392241926], [-54.16289447008421, -34.642498516039645], [-54.16409685823215, -34.64026787948552], [-54.164245910845885, -34.64024717346013], [-54.16444876573066, -34.640764854349904], [-54.1735316571204, -34.63944646047947], [-54.17366738395116, -34.63929432667567], [-54.17476575418465, -34.63979475976848], [-54.17590529271723, -34.6391600288459], [-54.17147393596497, -34.637046950934916], [-54.170926043974156, -34.6369571934231], [-54.16949458779011, -34.6334788039809], [-54.1679664512404, -34.6337192574651], [-54.16667312413096, -34.633764387311416], [-54.16671970722725, -34.63502068276064], [-54.16485420451626, -34.63505922813484], [-54.16485897164966, -34.63570098380132]]]}}, {"type": "Feature", "properties": {"cod": 1410203, "dpto": 14, "secc": 10, "segm": 203, "loc": 942}, "geometry": {"type": "Polygon", "coordinates": [[[-54.143531473135425, -34.60148122234768], [-54.14134984030881, -34.599343254322385], [-54.1344506311248, -34.59100264979092], [-54.1239587822805, -34.58997067540002], [-54.12413919175546, -34.59013816551839], [-54.12338720144312, -34.589943057228304], [-54.12319620906258, -34.59002180808321], [-54.12246002459816, -34.589882528523255], [-54.12047024351409, -34.58972389238217], [-54.12049341809991, -34.59032403424248], [-54.12082632755865, -34.59078791494647], [-54.12330578563846, -34.59328014910445], [-54.123367211980174, -34.59352478648185], [-54.12316637721158, -34.59365699730743], [-54.12297979193223, -34.5936231196117], [-54.122884303318145, -34.59372324300204], [-54.12299193285865, -34.59384212603698], [-54.122974488316515, -34.5940500775312], [-54.12412968181721, -34.595053686447834], [-54.1237266119366, -34.59497464251789], [-54.124527707242784, -34.595924604895664], [-54.124638947216624, -34.59624499333262], [-54.124905331780916, -34.59648754948153], [-54.124942036526974, -34.59665848042593], [-54.125164869780676, -34.59681331201736], [-54.12484388097092, -34.59685058688685], [-54.12489362035316, -34.59693733296118], [-54.128296603246746, -34.5991912566959], [-54.12817008691065, -34.59890141640833], [-54.12819905783149, -34.59874071237682], [-54.12911044220187, -34.59862357799735], [-54.128841289212346, -34.5982298701381], [-54.13571971608158, -34.60049983442049], [-54.13542619484623, -34.59954647483234], [-54.14166092274749, -34.600453293072995], [-54.142410317500904, -34.60074052746921], [-54.14428700419674, -34.602121023224576], [-54.143531473135425, -34.60148122234768]]]}}, {"type": "Feature", "properties": {"cod": 1410302, "dpto": 14, "secc": 10, "segm": 302, "loc": 821}, "geometry": {"type": "Polygon", "coordinates": [[[-54.16949458779011, -34.6334788039809], [-54.170926043974156, -34.6369571934231], [-54.17147393596497, -34.637046950934916], [-54.17590529271723, -34.6391600288459], [-54.174852632294055, -34.63977108326133], [-54.17541240174777, -34.63979729443692], [-54.18084978478705, -34.63665664510774], [-54.18032746958368, -34.63668504855364], [-54.18124231514829, -34.63591778341805], [-54.18153696235917, -34.63541085014876], [-54.18159722002109, -34.63515576665243], [-54.17639010409913, -34.635772588312285], [-54.175379873878455, -34.63541836422921], [-54.17406054938144, -34.63528870458409], [-54.173252239888136, -34.635326411281845], [-54.172884326740814, -34.634364495153136], [-54.171517369076696, -34.634526931780655], [-54.17097298867446, -34.6332474066155], [-54.16949458779011, -34.6334788039809]]]}}, {"type": "Feature", "properties": {"cod": 1508101, "dpto": 15, "secc": 8, "segm": 101, "loc": 522}, "geometry": {"type": "Polygon", "coordinates": [[[-57.77234428736162, -30.781467405055814], [-57.772560741213724, -30.78137008984093], [-57.772825175414376, -30.781988571614008], [-57.774564082349904, -30.781391368588693], [-57.77598162529949, -30.780595554357035], [-57.77668042835893, -30.78188959297904], [-57.77664629437522, -30.7821793992505], [-57.776719601493376, -30.782507553262363], [-57.77781697490029, -30.78541022947401], [-57.77783237042151, -30.785674157138338], [-57.77716866053807, -30.78656475307946], [-57.77723689684065, -30.786741866895067], [-57.778496528389574, -30.787061217954644], [-57.78155464303733, -30.786204317896203], [-57.78188089752706, -30.785683413439525], [-57.78062528056231, -30.785986567535467], [-57.78003517777285, -30.78626505249085], [-57.77955400620625, -30.786245214254997], [-57.77912, -30.78635], [-57.77924470293376, -30.786162945599358], [-57.778987548856335, -30.78608342727697], [-57.778871149230625, -30.7859471294691], [-57.779225323983574, -30.7856518131772], [-57.77932980886528, -30.785372587842225], [-57.779326359686856, -30.784767457029574], [-57.77944047501741, -30.784593527983272], [-57.78016608848747, -30.783812346949993], [-57.78038911938519, -30.78331358019147], [-57.780638981169325, -30.783108173878027], [-57.78103614014631, -30.782999124235364], [-57.781408028723675, -30.782422581019855], [-57.782336589047446, -30.78149200101254], [-57.78267305218626, -30.78081183652309], [-57.78224929349651, -30.77886320116787], [-57.78181750639542, -30.778274693094705], [-57.779829079457436, -30.778174073900253], [-57.77966737310043, -30.77854766207795], [-57.779246242205225, -30.77849174963], [-57.77850763502947, -30.77818413581556], [-57.77807254024906, -30.778257714145756], [-57.77766459370066, -30.778739034645938], [-57.777441512210075, -30.77922193416354], [-57.777738555843314, -30.779626454998574], [-57.777730504166435, -30.77982367199094], [-57.77741804457765, -30.779912072246162], [-57.77734391431891, -30.780143878658826], [-57.77667901003365, -30.780262801805247], [-57.77534731989507, -30.7801979081344], [-57.77504011690864, -30.78007522062593], [-57.77449, -30.78006], [-57.77443676908464, -30.779757134447088], [-57.77199501358872, -30.780869581741758], [-57.77193886398179, -30.78091867574149], [-57.77234428736162, -30.781467405055814]]]}}, {"type": "Feature", "properties": {"cod": 1508102, "dpto": 15, "secc": 8, "segm": 102, "loc": 522}, "geometry": {"type": "Polygon", "coordinates": [[[-57.77918434100302, -30.788785280128575], [-57.781010384385475, -30.793231723662704], [-57.7834434396386, -30.792551633219972], [-57.7827169395871, -30.791713378403596], [-57.78249344037511, -30.79125875719219], [-57.7825148588692, -30.7911136330619], [-57.78280771607485, -30.79109461582744], [-57.78390357089327, -30.79133], [-57.784740446020535, -30.79133], [-57.78507574924901, -30.791166693276704], [-57.78538433229112, -30.79113150558235], [-57.785919791145815, -30.791301064893446], [-57.78610025187702, -30.791191060843495], [-57.78567336878338, -30.78867641518508], [-57.785420272999815, -30.78839750053774], [-57.784791167394665, -30.78815076297869], [-57.78443459059911, -30.788136106407848], [-57.78424991167271, -30.78801187864423], [-57.784050531514914, -30.787631314362002], [-57.784127020795765, -30.787331244658716], [-57.77918434100302, -30.788785280128575]]]}}, {"type": "Feature", "properties": {"cod": 1508105, "dpto": 15, "secc": 8, "segm": 105, "loc": 723}, "geometry": {"type": "Polygon", "coordinates": [[[-57.75194232030023, -30.789260537231822], [-57.75766031238659, -30.78655414783258], [-57.760636157348486, -30.78528724185981], [-57.75996039156381, -30.793145360234107], [-57.758533877158264, -30.804377988291975], [-57.75997642862665, -30.80372905036124], [-57.762456663566645, -30.80241760480156], [-57.765184051146946, -30.800717268937525], [-57.76888932893825, -30.798096938219594], [-57.77010237051854, -30.797349431853632], [-57.77567112559975, -30.794390421083158], [-57.77445838712162, -30.79195909839691], [-57.773009519943194, -30.79249641578294], [-57.7717939264908, -30.79002752639242], [-57.7679718767417, -30.791383358294176], [-57.76718641431232, -30.789374520769307], [-57.7715765958461, -30.787759292375767], [-57.77051586257223, -30.785655295984338], [-57.76867172633966, -30.781578860071743], [-57.77060566591288, -30.780899845781498], [-57.77436671900145, -30.779358573628944], [-57.7742, -30.77841], [-57.77203, -30.77901], [-57.77279, -30.77674], [-57.770712696735536, -30.776398293762686], [-57.76933813962142, -30.776713851864546], [-57.76801536865234, -30.776308435470458], [-57.76750978687355, -30.775871430739787], [-57.76665, -30.77573], [-57.76407, -30.7737], [-57.76129, -30.76781], [-57.76334, -30.7598], [-57.76163, -30.75674], [-57.7634, -30.75439], [-57.76607, -30.75447], [-57.76770466273962, -30.748690299599204], [-57.76761354485564, -30.748619184190122], [-57.766894774791915, -30.74858830331865], [-57.765200271069936, -30.74872915091172], [-57.764234382502124, -30.749087766950556], [-57.763281125354396, -30.7496696240788], [-57.762502656022725, -30.749816852084127], [-57.76223, -30.75011], [-57.75862367474728, -30.751338404539208], [-57.758144720227754, -30.751555149205426], [-57.757197778798854, -30.752248627033673], [-57.75566867306859, -30.752940604105575], [-57.75475845274033, -30.752697427041266], [-57.75400515225615, -30.752855541123658], [-57.75331802958212, -30.753383976308758], [-57.752673057221614, -30.754657357314475], [-57.75249417581226, -30.755453573342585], [-57.75212501485824, -30.75604830369312], [-57.752134344848876, -30.756216576738638], [-57.754105918753815, -30.76017975185318], [-57.75417762265527, -30.761447008976795], [-57.75482380839133, -30.762567097058504], [-57.7560056890985, -30.76365378821197], [-57.756489971883354, -30.764297406939257], [-57.757155076498165, -30.766538234225887], [-57.75710575810488, -30.767252254479697], [-57.75635023850305, -30.76894390608297], [-57.75593055429088, -30.7702412394108], [-57.756104361608315, -30.7709409941993], [-57.75591834661882, -30.773196782729723], [-57.75607523803423, -30.77438395161392], [-57.75568722945433, -30.77545472327222], [-57.755640731713, -30.77620570363573], [-57.755189400305994, -30.776943721050888], [-57.7548739476251, -30.77771116323645], [-57.75429099373137, -30.77849497842221], [-57.75407120342297, -30.780153839691813], [-57.754361782875506, -30.782118093129803], [-57.75375562561228, -30.782491824140447], [-57.75320225335419, -30.78301207275919], [-57.75314658492855, -30.783613865873722], [-57.752695288029955, -30.784352489872063], [-57.752165022068056, -30.78606748721427], [-57.75180313440559, -30.786800638775716], [-57.75194232030023, -30.789260537231822]]]}}, {"type": "Feature", "properties": {"cod": 1508201, "dpto": 15, "secc": 8, "segm": 201, "loc": 522}, "geometry": {"type": "Polygon", "coordinates": [[[-57.772825175414376, -30.781988571614008], [-57.77409478821178, -30.78450170103244], [-57.77549924959522, -30.78792180375305], [-57.778496528389574, -30.787061217954644], [-57.77723689684065, -30.786741866895067], [-57.77716866053807, -30.78656475307946], [-57.77783237042151, -30.785674157138338], [-57.77781697490029, -30.78541022947401], [-57.776719601493376, -30.782507553262363], [-57.77664629437522, -30.7821793992505], [-57.77668042835893, -30.78188959297904], [-57.77598162529949, -30.780595554357035], [-57.774564082349904, -30.781391368588693], [-57.772825175414376, -30.781988571614008]]]}}, {"type": "Feature", "properties": {"cod": 1508202, "dpto": 15, "secc": 8, "segm": 202, "loc": 522}, "geometry": {"type": "Polygon", "coordinates": [[[-57.77418426925945, -30.790216770230465], [-57.77601003133774, -30.794736965203576], [-57.77738843076847, -30.794367379564726], [-57.77793386159047, -30.79436225953271], [-57.77857220187501, -30.794615910462785], [-57.77899537523729, -30.794990857653232], [-57.77985003685887, -30.794982679073122], [-57.780272512445535, -30.794543432337434], [-57.78035931522881, -30.794356127609785], [-57.780342114794124, -30.794168063484726], [-57.7806646435663, -30.794094158609646], [-57.78127792615192, -30.79416789187166], [-57.781803358782575, -30.794133771913742], [-57.78311945892614, -30.7935563884134], [-57.78367557442834, -30.79309387893803], [-57.783611954027016, -30.79278283231834], [-57.7834434396386, -30.792551633219972], [-57.781010384385475, -30.793231723662704], [-57.77918434100302, -30.788785280128575], [-57.77418426925945, -30.790216770230465]]]}}, {"type": "Feature", "properties": {"cod": 1508205, "dpto": 15, "secc": 8, "segm": 205, "loc": 723}, "geometry": {"type": "Polygon", "coordinates": [[[-57.74466524513887, -30.78895780783634], [-57.736772841843894, -30.78887962221392], [-57.73652062099654, -30.791550967511647], [-57.73636621907443, -30.79436546550407], [-57.736213516840785, -30.80196694586072], [-57.73586465610384, -30.80688800064601], [-57.74411184174129, -30.806906729793784], [-57.751381200113585, -30.807060182796445], [-57.75597817466497, -30.807526951928427], [-57.75822674317291, -30.806865204478164], [-57.75996039156381, -30.793145360234107], [-57.760636157348486, -30.78528724185981], [-57.75766031238659, -30.78655414783258], [-57.75194232030023, -30.789260537231822], [-57.74466524513887, -30.78895780783634]]]}}, {"type": "Feature", "properties": {"cod": 1508301, "dpto": 15, "secc": 8, "segm": 301, "loc": 522}, "geometry": {"type": "Polygon", "coordinates": [[[-57.77193886398179, -30.78091867574149], [-57.769678998091415, -30.78188262256586], [-57.772080896308665, -30.787871340520887], [-57.76725618893653, -30.789781349902707], [-57.76763912629088, -30.790936894181012], [-57.77235870865694, -30.789109457623358], [-57.77251654546069, -30.788940202483143], [-57.77328732323745, -30.788557236228165], [-57.77354982578711, -30.78858563794969], [-57.77356337578074, -30.78844853781764], [-57.77549924959522, -30.78792180375305], [-57.77409478821178, -30.78450170103244], [-57.772560741213724, -30.78137008984093], [-57.77234428736162, -30.781467405055814], [-57.77193886398179, -30.78091867574149]]]}}, {"type": "Feature", "properties": {"cod": 1508302, "dpto": 15, "secc": 8, "segm": 302, "loc": 522}, "geometry": {"type": "Polygon", "coordinates": [[[-57.78155464303733, -30.786204317896203], [-57.77356337578074, -30.78844853781764], [-57.77354982578711, -30.78858563794969], [-57.77328732323745, -30.788557236228165], [-57.77251654546069, -30.788940202483143], [-57.77235870865694, -30.789109457623358], [-57.76763912629088, -30.790936894181012], [-57.76793840005957, -30.791840703298003], [-57.77273275280874, -30.789978112838494], [-57.77337893013074, -30.791547886130417], [-57.77458450417042, -30.791182133348524], [-57.77418426925945, -30.790216770230465], [-57.784127020795765, -30.787331244658716], [-57.78421426227483, -30.78705313899352], [-57.784225046182364, -30.786318376764793], [-57.78453139905599, -30.78578390082216], [-57.78437019913118, -30.78553707747225], [-57.7839130043667, -30.785192784904613], [-57.78188089752706, -30.785683413439525], [-57.78155464303733, -30.786204317896203]]]}}, {"type": "Feature", "properties": {"cod": 1508305, "dpto": 15, "secc": 8, "segm": 305, "loc": 723}, "geometry": {"type": "Polygon", "coordinates": [[[-57.75822674317291, -30.806865204478164], [-57.75597817466497, -30.807526951928427], [-57.75767880619864, -30.809853537975457], [-57.757848363356445, -30.811264554543637], [-57.75848537821332, -30.81223545523246], [-57.75962419366357, -30.81493305816068], [-57.760922880836944, -30.8172848547135], [-57.76839447736924, -30.81469575602928], [-57.775756281770555, -30.811739005883236], [-57.783056136544594, -30.8092730348902], [-57.78608750228851, -30.808441499405845], [-57.7895740236142, -30.80500138768183], [-57.78912420273466, -30.80403905963779], [-57.78778543061208, -30.801765199600126], [-57.780674966631906, -30.80440706878229], [-57.77999637859947, -30.8035135870026], [-57.778703853763766, -30.803629830983656], [-57.77807027120521, -30.803518861717464], [-57.777557807846165, -30.803176465094715], [-57.77671722605505, -30.803377662818246], [-57.77624557450419, -30.802957285191756], [-57.77800713626766, -30.800830294223633], [-57.77926171671809, -30.800215489813517], [-57.77894, -30.79958], [-57.77819251341799, -30.79577612383822], [-57.778071608123525, -30.79562714865283], [-57.77797667261, -30.79473568508021], [-57.778348405362905, -30.794189421093044], [-57.778611073021096, -30.79327546098879], [-57.77567112559975, -30.794390421083158], [-57.77010237051854, -30.797349431853632], [-57.76888932893825, -30.798096938219594], [-57.765184051146946, -30.800717268937525], [-57.762456663566645, -30.80241760480156], [-57.75997642862665, -30.80372905036124], [-57.758533877158264, -30.804377988291975], [-57.75822674317291, -30.806865204478164]]]}}, {"type": "Feature", "properties": {"cod": 1508405, "dpto": 15, "secc": 8, "segm": 405, "loc": 723}, "geometry": {"type": "MultiPolygon", "coordinates": [[[[-57.751381200113585, -30.807060182796445], [-57.751528464157715, -30.81363341301855], [-57.75185491253605, -30.81623159832702], [-57.752201618493345, -30.820773449808677], [-57.75364334620676, -30.820909220748185], [-57.754597879294934, -30.82193556157583], [-57.756471138915515, -30.822569040085195], [-57.7593166657598, -30.822170252101415], [-57.76072884595622, -30.822570195903307], [-57.76140254778631, -30.822603835248913], [-57.76254014987858, -30.8229079694003], [-57.76552018832887, -30.822501557111455], [-57.767106204280196, -30.82281537811965], [-57.76835854727948, -30.82356173519071], [-57.76948138982759, -30.823605016904544], [-57.771646143649235, -30.82384689111262], [-57.77314138324433, -30.824129135482245], [-57.77464935114671, -30.823849956404317], [-57.7758658250341, -30.823962381616283], [-57.777160381097886, -30.82466841336504], [-57.778308555139574, -30.82515939060213], [-57.77877546375718, -30.823111032278305], [-57.77945721409324, -30.81932924121564], [-57.78656631113941, -30.81665032294662], [-57.79348692102529, -30.81469704993212], [-57.79337, -30.81181], [-57.79119, -30.80932], [-57.78973396787651, -30.809438177186134], [-57.78617748292508, -30.81057764792963], [-57.784892675055744, -30.810843168136824], [-57.784637902150195, -30.810298117689463], [-57.78538804386243, -30.80979090915052], [-57.78466, -30.80985], [-57.78608750228851, -30.808441499405845], [-57.783056136544594, -30.8092730348902], [-57.775756281770555, -30.811739005883236], [-57.76839447736924, -30.81469575602928], [-57.760922880836944, -30.8172848547135], [-57.75962419366357, -30.81493305816068], [-57.75848537821332, -30.81223545523246], [-57.757848363356445, -30.811264554543637], [-57.75767880619864, -30.809853537975457], [-57.75597817466497, -30.807526951928427], [-57.751381200113585, -30.807060182796445]]], [[[-57.789340651552216, -30.799949118087913], [-57.78861134386139, -30.799732000725303], [-57.78790101763178, -30.79985035174668], [-57.78684431856272, -30.800176784385684], [-57.78535746005077, -30.800829043051838], [-57.78215137834181, -30.80199742507796], [-57.78102637942703, -30.802702409742086], [-57.77999637859947, -30.8035135870026], [-57.780674966631906, -30.80440706878229], [-57.78778543061208, -30.801765199600126], [-57.78912420273466, -30.80403905963779], [-57.7895740236142, -30.80500138768183], [-57.79067, -30.80392], [-57.78985360724873, -30.799996779278644], [-57.789340651552216, -30.799949118087913]]]]}}, {"type": "Feature", "properties": {"cod": 1511102, "dpto": 15, "secc": 11, "segm": 102, "loc": 523}, "geometry": {"type": "Polygon", "coordinates": [[[-57.84825922496739, -31.067431717651925], [-57.84899728468256, -31.069943884566676], [-57.853320963547866, -31.069002264438964], [-57.853895076635965, -31.06988207870586], [-57.85667, -31.06603], [-57.85817, -31.06675], [-57.85963, -31.06512], [-57.85941909735615, -31.064690419499623], [-57.858169931197644, -31.06485163619031], [-57.85828012337801, -31.065219485723752], [-57.84825922496739, -31.067431717651925]]]}}, {"type": "Feature", "properties": {"cod": 1511103, "dpto": 15, "secc": 11, "segm": 103, "loc": 523}, "geometry": {"type": "Polygon", "coordinates": [[[-57.84574338732853, -31.079141942318454], [-57.852860439598295, -31.07700019272303], [-57.85225487715901, -31.075705038693705], [-57.85592606148403, -31.074666080979547], [-57.85668792238545, -31.07547426994021], [-57.857163739499654, -31.075216486425024], [-57.858073715763894, -31.075021024510285], [-57.85847107406224, -31.075075314061284], [-57.85884931570062, -31.07501886333876], [-57.859122355083166, -31.074890815816804], [-57.859837011609834, -31.074404794488938], [-57.860019927405396, -31.073989067591246], [-57.85994271842753, -31.07382074665498], [-57.859390253339924, -31.07363597551657], [-57.859174627151724, -31.072884241580834], [-57.8597374458331, -31.07248790927889], [-57.86014418206309, -31.072060263923515], [-57.86046990310314, -31.071449762348013], [-57.860439064892326, -31.071188923679536], [-57.86050513548038, -31.071001130064374], [-57.86040729847269, -31.070890056836518], [-57.85985845054394, -31.070788326615716], [-57.85852132596127, -31.0709504034853], [-57.858350719705584, -31.070792222535392], [-57.85795032420762, -31.070830049943623], [-57.85768187474662, -31.070974294689954], [-57.85705, -31.07181], [-57.855665303242226, -31.071686771717104], [-57.85538539394248, -31.072002251735203], [-57.855089218932996, -31.0721421277148], [-57.85492397452604, -31.072074471452222], [-57.85481303134096, -31.07161092550575], [-57.85367003064566, -31.07150920647432], [-57.85264940863765, -31.071804491395607], [-57.85226583497273, -31.071770535872183], [-57.852168004062634, -31.07172817937606], [-57.852201488536465, -31.071653237453496], [-57.853382760855084, -31.07059326256621], [-57.853895076635965, -31.06988207870586], [-57.853320963547866, -31.069002264438964], [-57.851296406704016, -31.069446986256487], [-57.851812633531225, -31.07101050477762], [-57.84946719432829, -31.07153144083667], [-57.84969575883492, -31.072333934860914], [-57.84412056343255, -31.07360436045538], [-57.84574338732853, -31.079141942318454]]]}}, {"type": "Feature", "properties": {"cod": 1511202, "dpto": 15, "secc": 11, "segm": 202, "loc": 523}, "geometry": {"type": "Polygon", "coordinates": [[[-57.847735938878444, -31.065615461987935], [-57.84825922496739, -31.067431717651925], [-57.85828012337801, -31.065219485723752], [-57.858169931197644, -31.06485163619031], [-57.85941183805107, -31.064692478027055], [-57.859173049278404, -31.06440234503731], [-57.858316202399735, -31.063909362385846], [-57.858241978553956, -31.063580588568456], [-57.85848462424022, -31.063366885996174], [-57.858365110907926, -31.063031317322135], [-57.85851142735077, -31.062841617000178], [-57.85746, -31.0607], [-57.8507393617202, -31.063433818961272], [-57.85068229445485, -31.063862925537183], [-57.850545719584744, -31.064186016328474], [-57.85003460366993, -31.064580237181037], [-57.849001842785036, -31.06414060632473], [-57.84861, -31.0643], [-57.848483854408606, -31.064828459873972], [-57.84822403868206, -31.065251075103944], [-57.847822758210874, -31.065484798892637], [-57.847735938878444, -31.065615461987935]]]}}, {"type": "Feature", "properties": {"cod": 1511203, "dpto": 15, "secc": 11, "segm": 203, "loc": 523}, "geometry": {"type": "Polygon", "coordinates": [[[-57.84700610716852, -31.066853849592327], [-57.846734516320836, -31.067194846471313], [-57.846720148464655, -31.067380528643668], [-57.846444153799254, -31.067669147451234], [-57.84643831434618, -31.067784494908945], [-57.84633192519139, -31.06781235475328], [-57.84662632242883, -31.068046050797456], [-57.846095032309854, -31.06836024557751], [-57.84570569791447, -31.068891265901797], [-57.84548829686533, -31.068962994815486], [-57.845457269616574, -31.068770661841366], [-57.8457006055927, -31.06821398312217], [-57.845618986691875, -31.06792456735245], [-57.84568891097234, -31.067614112275752], [-57.845660375515315, -31.067540491379777], [-57.84558, -31.06756], [-57.84536710168592, -31.066608219301777], [-57.84229692567675, -31.067304546078635], [-57.84412056343255, -31.07360436045538], [-57.84969575883492, -31.072333934860914], [-57.84946719432829, -31.07153144083667], [-57.851812633531225, -31.07101050477762], [-57.851296406704016, -31.069446986256487], [-57.84899728468256, -31.069943884566676], [-57.847735938878444, -31.065615461987935], [-57.847021300755586, -31.066690992362837], [-57.84700610716852, -31.066853849592327]]]}}, {"type": "Feature", "properties": {"cod": 1601001, "dpto": 16, "secc": 1, "segm": 1, "loc": 220}, "geometry": {"type": "Polygon", "coordinates": [[[-56.71734698543684, -34.3347084633641], [-56.72478568116981, -34.3358785635544], [-56.725116157832886, -34.33500078959767], [-56.72176481900594, -34.33306105559191], [-56.72254891319955, -34.33178576359419], [-56.7191756248122, -34.33144943191016], [-56.71866372519606, -34.33131339746389], [-56.71734698543684, -34.3347084633641]]]}}, {"type": "Feature", "properties": {"cod": 1601002, "dpto": 16, "secc": 1, "segm": 2, "loc": 220}, "geometry": {"type": "MultiPolygon", "coordinates": [[[[-56.7191756248122, -34.33144943191016], [-56.72136663445917, -34.32932603351582], [-56.72312245019226, -34.328046266351514], [-56.71970536997185, -34.3247973377061], [-56.71650762392631, -34.323210554751384], [-56.7146695120093, -34.330508639624725], [-56.7191756248122, -34.33144943191016]]], [[[-56.72439036090676, -34.327122120116165], [-56.72427270359952, -34.327063736302385], [-56.72370921459764, -34.327618589457494], [-56.72439036090676, -34.327122120116165]]]]}}, {"type": "Feature", "properties": {"cod": 1601003, "dpto": 16, "secc": 1, "segm": 3, "loc": 220}, "geometry": {"type": "Polygon", "coordinates": [[[-56.71650762392631, -34.323210554751384], [-56.71447774507582, -34.322207843133576], [-56.7128, -34.32193], [-56.712985297423664, -34.321162339244815], [-56.71290643047836, -34.32107025415639], [-56.712361161490584, -34.321208724782686], [-56.71272031422224, -34.32264174371342], [-56.71061557741026, -34.32649464727996], [-56.71382936965883, -34.32736874066289], [-56.71540799769314, -34.32751819350591], [-56.71650762392631, -34.323210554751384]]]}}, {"type": "Feature", "properties": {"cod": 1601004, "dpto": 16, "secc": 1, "segm": 4, "loc": 220}, "geometry": {"type": "Polygon", "coordinates": [[[-56.71540799769314, -34.32751819350591], [-56.71382936965883, -34.32736874066289], [-56.71061557741026, -34.32649464727996], [-56.70973076545948, -34.328155549006986], [-56.70669791429386, -34.32740341494408], [-56.70628887080484, -34.3288636715103], [-56.71129369896993, -34.329776047331784], [-56.7146695120093, -34.330508639624725], [-56.71540799769314, -34.32751819350591]]]}}, {"type": "Feature", "properties": {"cod": 1601005, "dpto": 16, "secc": 1, "segm": 5, "loc": 220}, "geometry": {"type": "Polygon", "coordinates": [[[-56.71734698543684, -34.3347084633641], [-56.71866372519606, -34.33131339746389], [-56.71858242403343, -34.33127676300835], [-56.712584907342475, -34.33009068003868], [-56.711677280510465, -34.33270255881925], [-56.71121285692654, -34.33378623448636], [-56.71734698543684, -34.3347084633641]]]}}, {"type": "Feature", "properties": {"cod": 1601006, "dpto": 16, "secc": 1, "segm": 6, "loc": 220}, "geometry": {"type": "Polygon", "coordinates": [[[-56.70644309968117, -34.32888795094979], [-56.70498614636362, -34.33285261276009], [-56.71121285692654, -34.33378623448636], [-56.711677280510465, -34.33270255881925], [-56.712584907342475, -34.33009068003868], [-56.71129369896993, -34.329776047331784], [-56.70644309968117, -34.32888795094979]]]}}, {"type": "Feature", "properties": {"cod": 1601007, "dpto": 16, "secc": 1, "segm": 7, "loc": 220}, "geometry": {"type": "Polygon", "coordinates": [[[-56.70545748340722, -34.3271106222457], [-56.705808202188784, -34.32647123128415], [-56.70379898114973, -34.32599117581815], [-56.69987648661222, -34.324752859671655], [-56.69892373309723, -34.32654143341657], [-56.6984950372594, -34.3264006580753], [-56.697554215607056, -34.32905582966084], [-56.69956707277333, -34.329453144095616], [-56.69891833796604, -34.331166728899774], [-56.705282457024126, -34.33204292018654], [-56.70644309968117, -34.32888795094979], [-56.70628887080484, -34.3288636715103], [-56.70669791429386, -34.32740341494408], [-56.70545748340722, -34.3271106222457]]]}}, {"type": "Feature", "properties": {"cod": 1601008, "dpto": 16, "secc": 1, "segm": 8, "loc": 220}, "geometry": {"type": "Polygon", "coordinates": [[[-56.705282457024126, -34.33204292018654], [-56.69891833796604, -34.331166728899774], [-56.69815681328931, -34.332853538652074], [-56.696954587873186, -34.336263030006364], [-56.703400023287124, -34.337146704869255], [-56.705282457024126, -34.33204292018654]]]}}, {"type": "Feature", "properties": {"cod": 1601009, "dpto": 16, "secc": 1, "segm": 9, "loc": 220}, "geometry": {"type": "Polygon", "coordinates": [[[-56.70498614636362, -34.33285261276009], [-56.703709105856234, -34.33628668356458], [-56.709935816464025, -34.33722030525389], [-56.71045634729073, -34.33604256476566], [-56.71121285692654, -34.33378623448636], [-56.70498614636362, -34.33285261276009]]]}}, {"type": "Feature", "properties": {"cod": 1601010, "dpto": 16, "secc": 1, "segm": 10, "loc": 220}, "geometry": {"type": "Polygon", "coordinates": [[[-56.71084863908849, -34.33494659989924], [-56.709935816464025, -34.33722030525389], [-56.716092095157244, -34.338108339144036], [-56.71734698543684, -34.3347084633641], [-56.71121285692654, -34.33378623448636], [-56.71084863908849, -34.33494659989924]]]}}, {"type": "Feature", "properties": {"cod": 1601011, "dpto": 16, "secc": 1, "segm": 11, "loc": 220}, "geometry": {"type": "Polygon", "coordinates": [[[-56.71734698543684, -34.3347084633641], [-56.716092095157244, -34.338108339144036], [-56.72350923384587, -34.339296066894235], [-56.72478568116981, -34.3358785635544], [-56.71734698543684, -34.3347084633641]]]}}, {"type": "Feature", "properties": {"cod": 1601012, "dpto": 16, "secc": 1, "segm": 12, "loc": 220}, "geometry": {"type": "Polygon", "coordinates": [[[-56.725116157832886, -34.33500078959767], [-56.723094616564005, -34.34042637118258], [-56.722820659577216, -34.34142485992012], [-56.72683297443105, -34.34206338416403], [-56.72680625598408, -34.34196583905043], [-56.726950518808124, -34.34175934958128], [-56.72707491751407, -34.34130625596889], [-56.727334641306264, -34.341068454336565], [-56.72740960634836, -34.340791713582206], [-56.727369703604154, -34.340529717560855], [-56.72747388293405, -34.34029257913692], [-56.73025102245545, -34.340649960478316], [-56.731254570742365, -34.33763257285191], [-56.729679853674945, -34.33716891571592], [-56.72670588055848, -34.3355875505325], [-56.72651963782325, -34.335804631598435], [-56.725116157832886, -34.33500078959767]]]}}, {"type": "Feature", "properties": {"cod": 1601013, "dpto": 16, "secc": 1, "segm": 13, "loc": 220}, "geometry": {"type": "Polygon", "coordinates": [[[-56.71682221833835, -34.33822449328014], [-56.71595516030015, -34.340635037510886], [-56.722820659577216, -34.34142485992012], [-56.72350923384587, -34.339296066894235], [-56.71682221833835, -34.33822449328014]]]}}, {"type": "Feature", "properties": {"cod": 1601014, "dpto": 16, "secc": 1, "segm": 14, "loc": 220}, "geometry": {"type": "Polygon", "coordinates": [[[-56.709935816464025, -34.33722030525389], [-56.709187166729166, -34.33952578867776], [-56.71595516030015, -34.340635037510886], [-56.71682221833835, -34.33822449328014], [-56.709935816464025, -34.33722030525389]]]}}, {"type": "Feature", "properties": {"cod": 1601015, "dpto": 16, "secc": 1, "segm": 15, "loc": 220}, "geometry": {"type": "Polygon", "coordinates": [[[-56.703709105856234, -34.33628668356458], [-56.70288964000936, -34.338554935101826], [-56.709187166729166, -34.33952578867776], [-56.709935816464025, -34.33722030525389], [-56.703709105856234, -34.33628668356458]]]}}, {"type": "Feature", "properties": {"cod": 1601016, "dpto": 16, "secc": 1, "segm": 16, "loc": 220}, "geometry": {"type": "Polygon", "coordinates": [[[-56.69895890097722, -34.336546975710256], [-56.698291041991645, -34.33827188710053], [-56.70042126269687, -34.33859651405857], [-56.699723281216016, -34.34025496988725], [-56.70214209006218, -34.34061275425025], [-56.70210640568624, -34.34071385503448], [-56.705560267298345, -34.341326398994454], [-56.706389286764, -34.33907413676395], [-56.70288964000936, -34.338554935101826], [-56.703400023287124, -34.337146704869255], [-56.69895890097722, -34.336546975710256]]]}}, {"type": "Feature", "properties": {"cod": 1601017, "dpto": 16, "secc": 1, "segm": 17, "loc": 220}, "geometry": {"type": "Polygon", "coordinates": [[[-56.713221038625754, -34.34014668539626], [-56.706389286764, -34.33907413676395], [-56.705175626503696, -34.34247972851815], [-56.71195106763188, -34.34342335082], [-56.713221038625754, -34.34014668539626]]]}}, {"type": "Feature", "properties": {"cod": 1601018, "dpto": 16, "secc": 1, "segm": 18, "loc": 220}, "geometry": {"type": "Polygon", "coordinates": [[[-56.71527702222994, -34.34050847521926], [-56.713221038625754, -34.34014668539626], [-56.71195106763188, -34.34342335082], [-56.71744810044086, -34.3442251473067], [-56.71865681509685, -34.34092710450656], [-56.71527702222994, -34.34050847521926]]]}}, {"type": "Feature", "properties": {"cod": 1601019, "dpto": 16, "secc": 1, "segm": 19, "loc": 220}, "geometry": {"type": "Polygon", "coordinates": [[[-56.72136896113963, -34.341218439341176], [-56.71865681509685, -34.34092710450656], [-56.71744810044086, -34.3442251473067], [-56.721555837591865, -34.34481696754629], [-56.727095275096346, -34.345822682511645], [-56.727599328493916, -34.344100942302234], [-56.72656216421445, -34.3438957695685], [-56.72694508314337, -34.34255246832877], [-56.72683297443105, -34.34206338416403], [-56.72136896113963, -34.341218439341176]]]}}, {"type": "Feature", "properties": {"cod": 1601020, "dpto": 16, "secc": 1, "segm": 20, "loc": 220}, "geometry": {"type": "Polygon", "coordinates": [[[-56.71480179060411, -34.34385559252092], [-56.71390825056011, -34.34616113208674], [-56.72385010544427, -34.34765934273005], [-56.724259771011354, -34.34663672215531], [-56.72664708499694, -34.34700450068401], [-56.72705843596006, -34.34752613518974], [-56.7278577895845, -34.347719990527025], [-56.728448629183596, -34.34606925043903], [-56.721555837591865, -34.34481696754629], [-56.71480179060411, -34.34385559252092]]]}}, {"type": "Feature", "properties": {"cod": 1601022, "dpto": 16, "secc": 1, "segm": 22, "loc": 220}, "geometry": {"type": "Polygon", "coordinates": [[[-56.71057094143696, -34.34323771982419], [-56.70973980421745, -34.34553970368488], [-56.710017314167594, -34.34559002598313], [-56.70933539697896, -34.34734663402634], [-56.71258293664285, -34.347938001186186], [-56.7129160782076, -34.3470022747789], [-56.71647927431187, -34.34749298775539], [-56.71652268120897, -34.346549036958145], [-56.71390825056011, -34.34616113208674], [-56.71480179060411, -34.34385559252092], [-56.71057094143696, -34.34323771982419]]]}}, {"type": "Feature", "properties": {"cod": 1601023, "dpto": 16, "secc": 1, "segm": 23, "loc": 220}, "geometry": {"type": "Polygon", "coordinates": [[[-56.72651963782325, -34.335804631598435], [-56.72745968891269, -34.334743455994236], [-56.72828693570201, -34.33523305898152], [-56.73024982024536, -34.33423753825281], [-56.73164685489173, -34.330449826729165], [-56.729982085995175, -34.32969407453582], [-56.72408945794306, -34.332763397097835], [-56.72254891319955, -34.33178576359419], [-56.72176481900594, -34.33306105559191], [-56.72651963782325, -34.335804631598435]]]}}, {"type": "Feature", "properties": {"cod": 1601024, "dpto": 16, "secc": 1, "segm": 24, "loc": 220}, "geometry": {"type": "Polygon", "coordinates": [[[-56.705175626503696, -34.34247972851815], [-56.70373871185556, -34.34645978220409], [-56.70933539697896, -34.34734663402634], [-56.710017314167594, -34.34559002598313], [-56.70973980421745, -34.34553970368488], [-56.71057094143696, -34.34323771982419], [-56.705175626503696, -34.34247972851815]]]}}, {"type": "Feature", "properties": {"cod": 1601025, "dpto": 16, "secc": 1, "segm": 25, "loc": 220}, "geometry": {"type": "Polygon", "coordinates": [[[-56.6994947031786, -34.34094520195808], [-56.698945342306416, -34.34207498416637], [-56.698308454214654, -34.343754692244794], [-56.70080589936666, -34.344207063476915], [-56.700219782520456, -34.3459087463308], [-56.70373871185556, -34.34645978220409], [-56.705560267298345, -34.341326398994454], [-56.70210640568624, -34.34071385503448], [-56.70214209006218, -34.34061275425025], [-56.699723281216016, -34.34025496988725], [-56.6994947031786, -34.34094520195808]]]}}, {"type": "Feature", "properties": {"cod": 1601026, "dpto": 16, "secc": 1, "segm": 26, "loc": 220}, "geometry": {"type": "Polygon", "coordinates": [[[-56.7273973589333, -34.34037947326987], [-56.727334641306264, -34.341068454336565], [-56.72707491751407, -34.34130625596889], [-56.726950518808124, -34.34175934958128], [-56.72680625598408, -34.34196583905043], [-56.72694508314337, -34.34255246832877], [-56.72656216421445, -34.3438957695685], [-56.729026244925244, -34.344332522257254], [-56.73025102245545, -34.340649960478316], [-56.72747388293405, -34.34029257913692], [-56.7273973589333, -34.34037947326987]]]}}, {"type": "Feature", "properties": {"cod": 1601027, "dpto": 16, "secc": 1, "segm": 27, "loc": 220}, "geometry": {"type": "Polygon", "coordinates": [[[-56.736689920977796, -34.33211156586598], [-56.73704109269157, -34.33190982053374], [-56.73755852744697, -34.331749053151306], [-56.73228, -34.32865], [-56.73066019991531, -34.32930241804147], [-56.729982085995175, -34.32969407453582], [-56.73164685489173, -34.330449826729165], [-56.73024982024536, -34.33423753825281], [-56.72828693570201, -34.33523305898152], [-56.72745968891269, -34.334743455994236], [-56.72670588055848, -34.3355875505325], [-56.729679853674945, -34.33716891571592], [-56.731254570742365, -34.33763257285191], [-56.73219, -34.33482], [-56.73547068885423, -34.33513503303567], [-56.736689920977796, -34.33211156586598]]]}}, {"type": "Feature", "properties": {"cod": 1601028, "dpto": 16, "secc": 1, "segm": 28, "loc": 220}, "geometry": {"type": "MultiPolygon", "coordinates": [[[[-56.71650762392631, -34.323210554751384], [-56.71773452140993, -34.3238013211462], [-56.71964346951678, -34.32473848331912], [-56.71751, -34.32271], [-56.71667501252591, -34.32257172181958], [-56.71650762392631, -34.323210554751384]]], [[[-56.72408945794306, -34.332763397097835], [-56.729982085995175, -34.32969407453582], [-56.73066019991531, -34.32930241804147], [-56.72581, -34.32555], [-56.72427324349235, -34.32706320468378], [-56.72439036090676, -34.327122120116165], [-56.72370921459764, -34.327618589457494], [-56.7232, -34.32812], [-56.72312245019226, -34.328046266351514], [-56.72136663445917, -34.32932603351582], [-56.7191756248122, -34.33144943191016], [-56.72254891319955, -34.33178576359419], [-56.72408945794306, -34.332763397097835]]]]}}, {"type": "Feature", "properties": {"cod": 1601029, "dpto": 16, "secc": 1, "segm": 29, "loc": 220}, "geometry": {"type": "MultiPolygon", "coordinates": [[[[-56.70443644888735, -34.3187694047874], [-56.70215456232295, -34.319609997911456], [-56.70158750226215, -34.31994763605353], [-56.70125819650993, -34.320396080649815], [-56.70077314731508, -34.3214807971045], [-56.700268339908426, -34.32164169553259], [-56.700146815000416, -34.322028625216234], [-56.699814547781706, -34.32227042587814], [-56.69891413270455, -34.32269340214106], [-56.69823148420438, -34.32334350662357], [-56.697834701857666, -34.32340738195405], [-56.69670696113282, -34.32381844339191], [-56.695071979739915, -34.32489448237935], [-56.69489449399252, -34.32492112906264], [-56.69448419265752, -34.32475309651088], [-56.69413298886, -34.324990689415515], [-56.69892373309723, -34.32654143341657], [-56.69987648661222, -34.324752859671655], [-56.70379898114973, -34.32599117581815], [-56.705808202188784, -34.32647123128415], [-56.70545748340722, -34.3271106222457], [-56.70973076545948, -34.328155549006986], [-56.71272031422224, -34.32264174371342], [-56.712361161490584, -34.321208724782686], [-56.71290643047836, -34.32107025415639], [-56.712985297423664, -34.321162339244815], [-56.71371, -34.31816], [-56.70443644888735, -34.3187694047874]]], [[[-56.71667501252591, -34.32257172181958], [-56.71447774507582, -34.322207843133576], [-56.71650762392631, -34.323210554751384], [-56.71667501252591, -34.32257172181958]]]]}}, {"type": "Feature", "properties": {"cod": 1601030, "dpto": 16, "secc": 1, "segm": 30, "loc": 220}, "geometry": {"type": "Polygon", "coordinates": [[[-56.6984950372594, -34.3264006580753], [-56.69413298886, -34.324990689415515], [-56.68831918173359, -34.32892378846479], [-56.68854111362182, -34.32944545488074], [-56.688520166261426, -34.329900987961075], [-56.688298442597755, -34.33044216096529], [-56.688099113151374, -34.331394996123905], [-56.68760259037717, -34.33187391235347], [-56.68716738131404, -34.333685051608505], [-56.687509764376266, -34.33497161852429], [-56.696954587873186, -34.336263030006364], [-56.69815681328931, -34.332853538652074], [-56.69891833796604, -34.331166728899774], [-56.69956707277333, -34.329453144095616], [-56.697554215607056, -34.32905582966084], [-56.6984950372594, -34.3264006580753]]]}}, {"type": "Feature", "properties": {"cod": 1601031, "dpto": 16, "secc": 1, "segm": 31, "loc": 220}, "geometry": {"type": "Polygon", "coordinates": [[[-56.69895890097722, -34.336546975710256], [-56.69268976324115, -34.335683943376615], [-56.687509764376266, -34.33497161852429], [-56.6875084494504, -34.335227629079384], [-56.68767987749986, -34.33555646511513], [-56.687783083837026, -34.336125006583046], [-56.68838074520918, -34.337440886502584], [-56.689353667289616, -34.33836819450303], [-56.68965145994354, -34.33887976581892], [-56.68987923307311, -34.33956052894005], [-56.68992633106164, -34.34078846020395], [-56.68985423436872, -34.34123023966181], [-56.68992241996888, -34.341548424751416], [-56.69021255537777, -34.342002766211486], [-56.690659009225655, -34.34220852992946], [-56.6907252578219, -34.34234508958267], [-56.69100429234405, -34.3423622576809], [-56.69140740457096, -34.34261189232727], [-56.69421767220241, -34.34302157145945], [-56.698308454214654, -34.343754692244794], [-56.70042126269687, -34.33859651405857], [-56.698291041991645, -34.33827188710053], [-56.69895890097722, -34.336546975710256]]]}}, {"type": "Feature", "properties": {"cod": 1601032, "dpto": 16, "secc": 1, "segm": 32, "loc": 220}, "geometry": {"type": "Polygon", "coordinates": [[[-56.708203950688706, -34.34716336704885], [-56.700219782520456, -34.3459087463308], [-56.70080589936666, -34.344207063476915], [-56.69421767220241, -34.34302157145945], [-56.69140740457096, -34.34261189232727], [-56.69191715550207, -34.34392072906196], [-56.692739450533324, -34.34451801576533], [-56.692769246269, -34.34477238810176], [-56.69293666559633, -34.344960983687], [-56.692905024285885, -34.34542532574563], [-56.693014015124206, -34.345534716665085], [-56.69325986106636, -34.34559504280134], [-56.694123101498825, -34.34552932228003], [-56.694220082757816, -34.34567246482812], [-56.69407772254945, -34.345837578946735], [-56.694048156749254, -34.34628919627998], [-56.69477, -34.34677], [-56.69001, -34.3533], [-56.69150748869253, -34.3535586571378], [-56.692140795490964, -34.353479898198856], [-56.69367207327033, -34.35353298148033], [-56.69415189024951, -34.353464374892674], [-56.69583465702841, -34.353153823289304], [-56.6965965233256, -34.35281307567944], [-56.69685721834494, -34.35255048543194], [-56.697047306853506, -34.35247351968985], [-56.69860869155529, -34.35253200042215], [-56.698904067841774, -34.35245741345243], [-56.6991597008588, -34.3522871566924], [-56.699826641211146, -34.35222444975453], [-56.70325, -34.35136], [-56.70445770211523, -34.35244787174971], [-56.704728220633456, -34.352209268203275], [-56.70495990485578, -34.35213006677692], [-56.70508377915634, -34.35213954216855], [-56.705484063577664, -34.35244700410184], [-56.70560163065229, -34.352597307739714], [-56.705659534649335, -34.35313908141446], [-56.70607653217677, -34.35390607859503], [-56.70839, -34.35599], [-56.708264613657555, -34.357030242248456], [-56.70835510974394, -34.357172671558594], [-56.7083309159907, -34.357471387085944], [-56.708454237651395, -34.35772029593265], [-56.70848583014134, -34.35861050676493], [-56.70875167366298, -34.35891644305572], [-56.714413624317764, -34.35590251766071], [-56.71629788985739, -34.35188864016798], [-56.71639701979983, -34.35085898046215], [-56.71647927431187, -34.34749298775539], [-56.7129160782076, -34.3470022747789], [-56.71258293664285, -34.347938001186186], [-56.708203950688706, -34.34716336704885]]]}}, {"type": "Feature", "properties": {"cod": 1601033, "dpto": 16, "secc": 1, "segm": 33, "loc": 220}, "geometry": {"type": "MultiPolygon", "coordinates": [[[[-56.7278577895845, -34.347719990527025], [-56.72705843596006, -34.34752613518974], [-56.72664708499694, -34.34700450068401], [-56.724259771011354, -34.34663672215531], [-56.72185829667311, -34.35266209237134], [-56.71629788985739, -34.35188864016798], [-56.714413624317764, -34.35590251766071], [-56.70875167366298, -34.35891644305572], [-56.709638912185994, -34.35988060977437], [-56.71058177268553, -34.36005584604415], [-56.71116889391553, -34.35998544501952], [-56.712957195448894, -34.359404610464516], [-56.71332380397136, -34.359094583985105], [-56.713377205815355, -34.358835605552656], [-56.713913858021655, -34.35843335625202], [-56.71506873573745, -34.358334484770126], [-56.71536380020685, -34.358226804293494], [-56.715813466101054, -34.35836638480956], [-56.7160845402663, -34.35878041097982], [-56.71654452210857, -34.358919403700135], [-56.716709998278226, -34.358926508611], [-56.71743787932277, -34.35842249531775], [-56.717679123360924, -34.35835914843366], [-56.71833341133333, -34.358553204315186], [-56.71867886904791, -34.35847571976206], [-56.719130443754835, -34.35857379016311], [-56.720145248161955, -34.35859030153184], [-56.72038707373617, -34.35874172461431], [-56.720563628095015, -34.35873166466639], [-56.72083809509981, -34.3588481605657], [-56.72180554920711, -34.35876830240985], [-56.722130415654135, -34.3589148594682], [-56.722297794394585, -34.35888058906549], [-56.72259344039846, -34.35898767858992], [-56.72308243299603, -34.358943282457055], [-56.72411228496248, -34.359107418673844], [-56.727959337605505, -34.3475404126867], [-56.7278577895845, -34.347719990527025]]], [[[-56.728448629183596, -34.34606925043903], [-56.729026244925244, -34.344332522257254], [-56.727599328493916, -34.344100942302234], [-56.727095275096346, -34.345822682511645], [-56.728448629183596, -34.34606925043903]]]]}}, {"type": "Feature", "properties": {"cod": 1601121, "dpto": 16, "secc": 1, "segm": 121, "loc": 220}, "geometry": {"type": "Polygon", "coordinates": [[[-56.71652268120897, -34.346549036958145], [-56.71640963083792, -34.349231242522016], [-56.72074621820703, -34.34980182342116], [-56.72082655363776, -34.34963204378816], [-56.722924895198396, -34.34997502082935], [-56.72385010544427, -34.34765934273005], [-56.71652268120897, -34.346549036958145]]]}}, {"type": "Feature", "properties": {"cod": 1601221, "dpto": 16, "secc": 1, "segm": 221, "loc": 220}, "geometry": {"type": "Polygon", "coordinates": [[[-56.71629788985739, -34.35188864016798], [-56.72185829667311, -34.35266209237134], [-56.722924895198396, -34.34997502082935], [-56.72082655363776, -34.34963204378816], [-56.72074621820703, -34.34980182342116], [-56.71640963083792, -34.349231242522016], [-56.71639701979983, -34.35085898046215], [-56.71629788985739, -34.35188864016798]]]}}, {"type": "Feature", "properties": {"cod": 1602002, "dpto": 16, "secc": 2, "segm": 2, "loc": 621}, "geometry": {"type": "Polygon", "coordinates": [[[-56.53796547437091, -34.37149357463829], [-56.53953032066797, -34.37616750562196], [-56.53846340524952, -34.376954727896795], [-56.538866696756294, -34.37788281238902], [-56.5363199264302, -34.379916389270846], [-56.5378302424493, -34.383369495061345], [-56.54135776071882, -34.38061704621734], [-56.542466439451836, -34.38186170185245], [-56.54205486047425, -34.37768727069926], [-56.543287625478136, -34.37672873672837], [-56.54216616707241, -34.374167792539055], [-56.54188874413173, -34.37437648901205], [-56.541871777567195, -34.37406904208564], [-56.540273386374956, -34.375250175046524], [-56.53845478700881, -34.37110685309116], [-56.53796547437091, -34.37149357463829]]]}}, {"type": "Feature", "properties": {"cod": 1602103, "dpto": 16, "secc": 2, "segm": 103, "loc": 621}, "geometry": {"type": "Polygon", "coordinates": [[[-56.542466439451836, -34.38186170185245], [-56.54328136629391, -34.383698953625945], [-56.54634815569457, -34.381317148088456], [-56.546693430154875, -34.38210105746599], [-56.547745627682175, -34.38129804786988], [-56.54534714435356, -34.37588833911222], [-56.54526389771759, -34.37569282615187], [-56.54531841627062, -34.375538536847834], [-56.54407095924852, -34.372721366977856], [-56.54216616707241, -34.374167792539055], [-56.543287625478136, -34.37672873672837], [-56.54205486047425, -34.37768727069926], [-56.542466439451836, -34.38186170185245]]]}}, {"type": "Feature", "properties": {"cod": 1602203, "dpto": 16, "secc": 2, "segm": 203, "loc": 621}, "geometry": {"type": "Polygon", "coordinates": [[[-56.53580846089661, -34.37257670324738], [-56.53727440222811, -34.37787246307375], [-56.53162737932813, -34.382126982975436], [-56.53206479141097, -34.38315516317292], [-56.533335602783126, -34.382188707511396], [-56.53599917798511, -34.388268540994495], [-56.54293098838621, -34.38288725793095], [-56.542466439451836, -34.38186170185245], [-56.54135776071882, -34.38061704621734], [-56.5378302424493, -34.383369495061345], [-56.5363199264302, -34.379916389270846], [-56.538866696756294, -34.37788281238902], [-56.53846340524952, -34.376954727896795], [-56.53953032066797, -34.37616750562196], [-56.53781179427743, -34.371043619353934], [-56.53580846089661, -34.37257670324738]]]}}, {"type": "Feature", "properties": {"cod": 1602207, "dpto": 16, "secc": 2, "segm": 207, "loc": 621}, "geometry": {"type": "Polygon", "coordinates": [[[-56.53985763877489, -34.36871070501344], [-56.53977278007317, -34.36816265223438], [-56.54048992929272, -34.367512324780805], [-56.5404490246167, -34.36716057163492], [-56.541141576789876, -34.367407610287266], [-56.540486061900154, -34.361732980994496], [-56.53778054208537, -34.36378313865989], [-56.53833504352372, -34.3648899946516], [-56.53844901239338, -34.36538147130364], [-56.53852059049947, -34.36540574340353], [-56.539319834140706, -34.36906980777052], [-56.53985763877489, -34.36871070501344]]]}}, {"type": "Feature", "properties": {"cod": 1606121, "dpto": 16, "secc": 6, "segm": 121, "loc": 722}, "geometry": {"type": "Polygon", "coordinates": [[[-56.372221530783115, -34.7672673245608], [-56.39617880301304, -34.758735445158834], [-56.397310868323146, -34.76013680755141], [-56.42387389058711, -34.74844525742808], [-56.41909129520082, -34.74371780921703], [-56.41057193421203, -34.74709250674276], [-56.39837082885644, -34.731052493691976], [-56.360626402266895, -34.745992405221], [-56.36982522978542, -34.76315946138864], [-56.37107345891396, -34.76523180489969], [-56.37178917777563, -34.76609918358083], [-56.372221530783115, -34.7672673245608]]]}}, {"type": "Feature", "properties": {"cod": 1606123, "dpto": 16, "secc": 6, "segm": 123, "loc": 932}, "geometry": {"type": "Polygon", "coordinates": [[[-56.750885930502264, -34.6960760421085], [-56.75181402282855, -34.6963913745091], [-56.752750084490714, -34.69635020637242], [-56.75470843680124, -34.69568451745781], [-56.75528161779792, -34.69625607092472], [-56.75528793573335, -34.69635432524636], [-56.75518037871974, -34.696446716991375], [-56.75446281141341, -34.69651494620128], [-56.754100592223026, -34.69665751864164], [-56.7542486926774, -34.69671520811185], [-56.756343243211184, -34.69656182106886], [-56.759497861507796, -34.69653329549102], [-56.76015162429635, -34.696433673126045], [-56.762502991723736, -34.69578056702984], [-56.76277715335726, -34.69619552083861], [-56.76420624684721, -34.69580061631817], [-56.76628584100902, -34.69541463234204], [-56.76751184083437, -34.69507028646841], [-56.7698873573217, -34.69399375149346], [-56.7661785259303, -34.689575833122646], [-56.766204280907466, -34.68949331842613], [-56.76380366302928, -34.687774692821094], [-56.76255561461971, -34.68793803326861], [-56.76060196944102, -34.68835576453322], [-56.760671091195576, -34.68846984949446], [-56.757046925505506, -34.68985965579831], [-56.75591740780387, -34.69058169974877], [-56.755056448906686, -34.691310403621046], [-56.7520718576267, -34.69077674050973], [-56.746951794890535, -34.69152254646663], [-56.750712908348795, -34.696111215284894], [-56.750885930502264, -34.6960760421085]]]}}, {"type": "Feature", "properties": {"cod": 1606221, "dpto": 16, "secc": 6, "segm": 221, "loc": 722}, "geometry": {"type": "Polygon", "coordinates": [[[-56.45995315454447, -34.736549733095195], [-56.4542859390128, -34.729573026581804], [-56.41909129520082, -34.74371780921703], [-56.42387389058711, -34.74844525742808], [-56.43480811639267, -34.758918734244624], [-56.44034, -34.75596], [-56.44682531508374, -34.754057917173526], [-56.45024636478672, -34.75263281173618], [-56.45614500688055, -34.749900203705614], [-56.46682048898299, -34.74533068917729], [-56.45995315454447, -34.736549733095195]]]}}, {"type": "Feature", "properties": {"cod": 1606223, "dpto": 16, "secc": 6, "segm": 223, "loc": 932}, "geometry": {"type": "Polygon", "coordinates": [[[-56.750885930502264, -34.6960760421085], [-56.72867733647929, -34.70009820016269], [-56.7277917242803, -34.698357262397636], [-56.721758805730275, -34.69934585085114], [-56.72255851660069, -34.70071436448896], [-56.720906769307476, -34.70101491143393], [-56.72122158324589, -34.70141975370034], [-56.713523571875896, -34.70282250411602], [-56.7146419710235, -34.70433234083313], [-56.71493844285386, -34.7042926575082], [-56.717966184158136, -34.703705967150896], [-56.72236, -34.70268], [-56.73271340688062, -34.70106736777657], [-56.733265604426634, -34.70086838404254], [-56.73526572250497, -34.70052844952149], [-56.738289489681534, -34.700198844892356], [-56.7396877134914, -34.699835511100595], [-56.744431325081955, -34.69917022140163], [-56.74716534731881, -34.69869496203177], [-56.74764055752786, -34.698742335599675], [-56.74999197405447, -34.69837521016154], [-56.75152686048206, -34.6980223653781], [-56.753953465697506, -34.69775904582315], [-56.7556411335551, -34.69735348933977], [-56.756781129184866, -34.69731861290002], [-56.759638497158505, -34.696873553247514], [-56.76277715335726, -34.69619552083861], [-56.762502991723736, -34.69578056702984], [-56.76015162429635, -34.696433673126045], [-56.759497861507796, -34.69653329549102], [-56.756343243211184, -34.69656182106886], [-56.75472300647133, -34.69671269738048], [-56.754100592223026, -34.69665751864164], [-56.75446281141341, -34.69651494620128], [-56.75518037871974, -34.696446716991375], [-56.75528793573335, -34.69635432524636], [-56.75528161779792, -34.69625607092472], [-56.75470843680124, -34.69568451745781], [-56.752750084490714, -34.69635020637242], [-56.75181402282855, -34.6963913745091], [-56.750885930502264, -34.6960760421085]]]}}, {"type": "Feature", "properties": {"cod": 1606321, "dpto": 16, "secc": 6, "segm": 321, "loc": 722}, "geometry": {"type": "Polygon", "coordinates": [[[-56.40761989365054, -34.77072040008466], [-56.43265122956633, -34.76007234761899], [-56.43480811639267, -34.758918734244624], [-56.42387389058711, -34.74844525742808], [-56.397310868323146, -34.76013680755141], [-56.39617880301304, -34.758735445158834], [-56.372221530783115, -34.7672673245608], [-56.38046394036242, -34.782431022364094], [-56.38156, -34.78202], [-56.38546, -34.77736], [-56.39293, -34.77371], [-56.40598, -34.77052], [-56.40761989365054, -34.77072040008466]]]}}, {"type": "Feature", "properties": {"cod": 1606323, "dpto": 16, "secc": 6, "segm": 323, "loc": 932}, "geometry": {"type": "Polygon", "coordinates": [[[-56.713523571875896, -34.70282250411602], [-56.70958680543887, -34.70352333718265], [-56.708957464664415, -34.70255884269059], [-56.7081792975074, -34.7018465299961], [-56.707468985896284, -34.70138788617225], [-56.706204981926156, -34.700822655131134], [-56.70436149444425, -34.70150960088337], [-56.70471158441207, -34.7016614461084], [-56.69947920615338, -34.703548399972036], [-56.70000282003796, -34.70415070056148], [-56.69981096708915, -34.704216796012894], [-56.69805111176741, -34.704439279069], [-56.69782912493547, -34.70387485646881], [-56.69323156032101, -34.70392618892629], [-56.694508803299485, -34.70549890590402], [-56.69145482116656, -34.70597234196599], [-56.69166318224529, -34.706324861618846], [-56.69176829903438, -34.70635640612989], [-56.69287972032451, -34.707757725648804], [-56.693562290233224, -34.70874842350588], [-56.69586697292661, -34.70833277671068], [-56.69746637747103, -34.70818169760008], [-56.702091685342346, -34.70711789909114], [-56.70230895737391, -34.7069692870291], [-56.70352238582172, -34.706588710364805], [-56.7046099244125, -34.706336580126894], [-56.70730773056023, -34.70577853700087], [-56.710206520152745, -34.70529900293338], [-56.712156184122264, -34.70481935796486], [-56.7146419710235, -34.70433234083313], [-56.713523571875896, -34.70282250411602]]]}}, {"type": "Feature", "properties": {"cod": 1702004, "dpto": 17, "secc": 2, "segm": 4, "loc": 931}, "geometry": {"type": "Polygon", "coordinates": [[[-58.321636705752724, -33.390602823417844], [-58.32902314709081, -33.402098879521205], [-58.32547736466022, -33.402852448193855], [-58.32676110885736, -33.40491759950202], [-58.326899471972055, -33.40575526203839], [-58.32604521234263, -33.40538240031521], [-58.325690391466765, -33.40497738790876], [-58.321436843900656, -33.40679846343469], [-58.32148401117099, -33.40941401580756], [-58.31223804046882, -33.41272166897658], [-58.30833275435724, -33.41505684912859], [-58.308582975472184, -33.4168712414927], [-58.298214289844246, -33.41917164762418], [-58.30289788188231, -33.44212674816619], [-58.33840643984193, -33.44862806091651], [-58.36398771025442, -33.444956611663606], [-58.35693250350958, -33.390424511286724], [-58.35675, -33.39057], [-58.35115, -33.39004], [-58.34829, -33.38601], [-58.34695913972399, -33.385577852841415], [-58.34618560990201, -33.38563235735955], [-58.3453838486233, -33.38558341213881], [-58.34460938683877, -33.385676946134986], [-58.34335670903223, -33.385608240087976], [-58.34288551125156, -33.38547787583759], [-58.34085533781989, -33.38525997959601], [-58.34073387904607, -33.385174392241524], [-58.34002421213992, -33.38509974910957], [-58.339548243411585, -33.384898559950706], [-58.338640631452215, -33.38524264306131], [-58.33515, -33.38718], [-58.33482686109803, -33.38710169057251], [-58.33439585386674, -33.38736882699959], [-58.33364405945195, -33.38753415105527], [-58.33328522953495, -33.387488819185435], [-58.33245154519704, -33.38766467682441], [-58.33167196782568, -33.387695385821885], [-58.32960524045298, -33.38748315174002], [-58.32923109700885, -33.38753848403671], [-58.32904291522453, -33.38736275708341], [-58.328885594275576, -33.38736941326558], [-58.32392166194922, -33.38933577749669], [-58.32320001743921, -33.39003328223167], [-58.321636705752724, -33.390602823417844]]]}}, {"type": "Feature", "properties": {"cod": 1702101, "dpto": 17, "secc": 2, "segm": 101, "loc": 623}, "geometry": {"type": "Polygon", "coordinates": [[[-58.31827063599947, -33.39211038530419], [-58.31776337557696, -33.39197769219172], [-58.317278765641525, -33.39206549447472], [-58.31692074819401, -33.39200455219988], [-58.31566262655769, -33.39231886543492], [-58.314795897020346, -33.39229727406406], [-58.31450572524357, -33.39216217361788], [-58.31398011862286, -33.39173896890155], [-58.31395363163371, -33.39158087931439], [-58.31328437376844, -33.390554461856254], [-58.313061219011296, -33.39094761681474], [-58.313498395145395, -33.391631388390195], [-58.3134738004452, -33.3917393796405], [-58.31537859944343, -33.39458559407371], [-58.31680210619943, -33.39363995386653], [-58.31951371418262, -33.39777930918716], [-58.32257763471991, -33.39633147460553], [-58.318431043871094, -33.39200291875887], [-58.31827063599947, -33.39211038530419]]]}}, {"type": "Feature", "properties": {"cod": 1702102, "dpto": 17, "secc": 2, "segm": 102, "loc": 623}, "geometry": {"type": "Polygon", "coordinates": [[[-58.32645930070658, -33.39812004356174], [-58.321636705752724, -33.390602823417844], [-58.32154795530091, -33.390722558115314], [-58.32101674014617, -33.39097952057875], [-58.319723490315596, -33.391424735636015], [-58.31889106818774, -33.39187452928805], [-58.318431043871094, -33.39200291875887], [-58.32343586922972, -33.39722861591574], [-58.32451196286117, -33.398991826409016], [-58.32645930070658, -33.39812004356174]]]}}, {"type": "Feature", "properties": {"cod": 1702103, "dpto": 17, "secc": 2, "segm": 103, "loc": 623}, "geometry": {"type": "Polygon", "coordinates": [[[-58.317275484025366, -33.40020836463914], [-58.32179918255526, -33.40664068419993], [-58.32434383937938, -33.40555226803769], [-58.32017163384208, -33.39884412081951], [-58.317275484025366, -33.40020836463914]]]}}, {"type": "Feature", "properties": {"cod": 1702201, "dpto": 17, "secc": 2, "segm": 201, "loc": 623}, "geometry": {"type": "Polygon", "coordinates": [[[-58.31680210619943, -33.39363995386653], [-58.31484115387443, -33.394943902510484], [-58.31524328040092, -33.39855115265267], [-58.315535197407215, -33.399538874565], [-58.316325906286565, -33.400651006212804], [-58.32017163384208, -33.39884412081951], [-58.31680210619943, -33.39363995386653]]]}}, {"type": "Feature", "properties": {"cod": 1702202, "dpto": 17, "secc": 2, "segm": 202, "loc": 623}, "geometry": {"type": "Polygon", "coordinates": [[[-58.32645930070658, -33.39812004356174], [-58.32451196286117, -33.398991826409016], [-58.32343586922972, -33.39722861591574], [-58.32257763471991, -33.39633147460553], [-58.31951371418262, -33.39777930918716], [-58.322220707650644, -33.40213736804658], [-58.327492481044224, -33.39972343723826], [-58.32645930070658, -33.39812004356174]]]}}, {"type": "Feature", "properties": {"cod": 1702203, "dpto": 17, "secc": 2, "segm": 203, "loc": 623}, "geometry": {"type": "Polygon", "coordinates": [[[-58.315294646571054, -33.399774494910254], [-58.31506129550226, -33.404453664819606], [-58.31747187813878, -33.408339998064974], [-58.31759174770619, -33.40844904207961], [-58.32179918255526, -33.40664068419993], [-58.317275484025366, -33.40020836463914], [-58.316325906286565, -33.400651006212804], [-58.315535197407215, -33.399538874565], [-58.315294646571054, -33.399774494910254]]]}}, {"type": "Feature", "properties": {"cod": 1702302, "dpto": 17, "secc": 2, "segm": 302, "loc": 623}, "geometry": {"type": "Polygon", "coordinates": [[[-58.322220707650644, -33.40213736804658], [-58.32434383937938, -33.40555226803769], [-58.325690391466765, -33.40497738790876], [-58.32604521234263, -33.40538240031521], [-58.326899471972055, -33.40575526203839], [-58.32676110885736, -33.40491759950202], [-58.32547736466022, -33.402852448193855], [-58.32902314709081, -33.402098879521205], [-58.327492481044224, -33.39972343723826], [-58.322220707650644, -33.40213736804658]]]}}, {"type": "Feature", "properties": {"cod": 1703002, "dpto": 17, "secc": 3, "segm": 2, "loc": 321}, "geometry": {"type": "Polygon", "coordinates": [[[-58.22688124896662, -33.518399095252164], [-58.223556214608465, -33.518563464160245], [-58.22153, -33.51892], [-58.22068271557193, -33.518455751164595], [-58.21954444439891, -33.518090083814286], [-58.219196724020506, -33.518763722987124], [-58.21822817616566, -33.51972138393054], [-58.21574372788958, -33.52313518439716], [-58.221367991014624, -33.52622254161316], [-58.22606049792794, -33.51959360131615], [-58.22678808942342, -33.51867213653217], [-58.22688124896662, -33.518399095252164]]]}}, {"type": "Feature", "properties": {"cod": 1703006, "dpto": 17, "secc": 3, "segm": 6, "loc": 321}, "geometry": {"type": "Polygon", "coordinates": [[[-58.20663637347792, -33.531852933070994], [-58.20484791009414, -33.53385537558072], [-58.21114447482347, -33.53773546124153], [-58.21272196501327, -33.53859028113388], [-58.21584346415617, -33.534025272876406], [-58.21187732764542, -33.53172374002944], [-58.209090038887965, -33.529841858862454], [-58.20835052177407, -33.53086029896549], [-58.20788190837607, -33.530589541104135], [-58.20663637347792, -33.531852933070994]]]}}, {"type": "Feature", "properties": {"cod": 1703007, "dpto": 17, "secc": 3, "segm": 7, "loc": 321}, "geometry": {"type": "Polygon", "coordinates": [[[-58.21272196501327, -33.53859028113388], [-58.209565875891286, -33.54320005186528], [-58.21498330357905, -33.54639634759363], [-58.21594242140014, -33.5471286583266], [-58.21603474543335, -33.54700534158884], [-58.21741834794976, -33.54772238867692], [-58.21761034824488, -33.544117924761395], [-58.21916919238769, -33.54219362205638], [-58.21272196501327, -33.53859028113388]]]}}, {"type": "Feature", "properties": {"cod": 1703008, "dpto": 17, "secc": 3, "segm": 8, "loc": 321}, "geometry": {"type": "Polygon", "coordinates": [[[-58.20484791009414, -33.53385537558072], [-58.20326718480258, -33.53562055767638], [-58.20412572969755, -33.53999470823816], [-58.209565875891286, -33.54320005186528], [-58.21272196501327, -33.53859028113388], [-58.21114447482347, -33.53773546124153], [-58.20484791009414, -33.53385537558072]]]}}, {"type": "Feature", "properties": {"cod": 1703009, "dpto": 17, "secc": 3, "segm": 9, "loc": 321}, "geometry": {"type": "Polygon", "coordinates": [[[-58.2069143911386, -33.5416305885449], [-58.20515992120552, -33.5436951648421], [-58.20812077488334, -33.545309859928025], [-58.204895317319455, -33.55000951540922], [-58.20690737608285, -33.55111560193559], [-58.207820458164406, -33.549829975837696], [-58.210129893041554, -33.55105686685564], [-58.21090411957754, -33.54997225014119], [-58.21311049070731, -33.55117344390896], [-58.21594242140014, -33.5471286583266], [-58.21498330357905, -33.54639634759363], [-58.2069143911386, -33.5416305885449]]]}}, {"type": "Feature", "properties": {"cod": 1703010, "dpto": 17, "secc": 3, "segm": 10, "loc": 321}, "geometry": {"type": "Polygon", "coordinates": [[[-58.20412572969755, -33.53999470823816], [-58.19615698302765, -33.544001831425796], [-58.19980108547752, -33.55056810621617], [-58.20041135300923, -33.55010286224511], [-58.201774502225966, -33.548297778713476], [-58.204895317319455, -33.55000951540922], [-58.20812077488334, -33.545309859928025], [-58.20515992120552, -33.5436951648421], [-58.2069143911386, -33.5416305885449], [-58.20412572969755, -33.53999470823816]]]}}, {"type": "Feature", "properties": {"cod": 1703101, "dpto": 17, "secc": 3, "segm": 101, "loc": 321}, "geometry": {"type": "MultiPolygon", "coordinates": [[[[-58.22371436792847, -33.52290266867864], [-58.23130392735258, -33.52724865582765], [-58.23273656454905, -33.52533227353656], [-58.232050905336, -33.524893141166935], [-58.23284028880015, -33.52316591377997], [-58.230736861879414, -33.522011831361155], [-58.23158063565484, -33.5208052958606], [-58.23220197721474, -33.51975223007326], [-58.22695, -33.51903], [-58.22985081208446, -33.51912139544924], [-58.22958409224371, -33.51899235633252], [-58.22843888740323, -33.51873110325811], [-58.228761682053964, -33.51844396741276], [-58.22903704959512, -33.518395042771154], [-58.23012487972871, -33.518670433785154], [-58.23112198951224, -33.518748289957344], [-58.23223457358563, -33.518701408384025], [-58.23303683378138, -33.518780433635754], [-58.23344961694421, -33.51875509779173], [-58.23357943074941, -33.51863278651992], [-58.232189366610534, -33.51733259721762], [-58.23172055863138, -33.51712685362544], [-58.22879626070822, -33.51764141758692], [-58.22863756473405, -33.51807740248045], [-58.22792315209782, -33.518677305178066], [-58.22688124896662, -33.518399095252164], [-58.22678808942342, -33.51867213653217], [-58.22371436792847, -33.52290266867864]]], [[[-58.23127463285065, -33.51916625555557], [-58.230765209344334, -33.51900531459034], [-58.23002659570216, -33.51912693383719], [-58.23127463285065, -33.51916625555557]]], [[[-58.232524485612366, -33.5192056344782], [-58.23224321661567, -33.51919271106185], [-58.232230030746784, -33.51919635713312], [-58.232524485612366, -33.5192056344782]]]]}}, {"type": "Feature", "properties": {"cod": 1703103, "dpto": 17, "secc": 3, "segm": 103, "loc": 321}, "geometry": {"type": "Polygon", "coordinates": [[[-58.221367991014624, -33.52622254161316], [-58.219010413358454, -33.52954292800041], [-58.22641955519905, -33.533343935425684], [-58.228809761555596, -33.530363706305835], [-58.221367991014624, -33.52622254161316]]]}}, {"type": "Feature", "properties": {"cod": 1703104, "dpto": 17, "secc": 3, "segm": 104, "loc": 321}, "geometry": {"type": "Polygon", "coordinates": [[[-58.21678196752561, -33.52370511090326], [-58.21359435354309, -33.52817517213639], [-58.21817814649918, -33.53072752449412], [-58.221367991014624, -33.52622254161316], [-58.21678196752561, -33.52370511090326]]]}}, {"type": "Feature", "properties": {"cod": 1703105, "dpto": 17, "secc": 3, "segm": 105, "loc": 321}, "geometry": {"type": "Polygon", "coordinates": [[[-58.216105751953044, -33.54046774746853], [-58.21916919238769, -33.54219362205638], [-58.21867289899036, -33.54276952066586], [-58.22026065088484, -33.54385901084335], [-58.22124195977226, -33.54265465008908], [-58.22027097758304, -33.542008346471356], [-58.22076768769202, -33.54135775972683], [-58.220162009210455, -33.54096714820521], [-58.222979267898715, -33.53751151370788], [-58.223532816464335, -33.536942891302154], [-58.22001912344083, -33.53491743533514], [-58.216105751953044, -33.54046774746853]]]}}, {"type": "Feature", "properties": {"cod": 1703112, "dpto": 17, "secc": 3, "segm": 112, "loc": 950}, "geometry": {"type": "Polygon", "coordinates": [[[-58.16856077819561, -33.54401046615991], [-58.18915664244384, -33.53748608776059], [-58.18927786401755, -33.53763219236941], [-58.20328551458452, -33.53563374496136], [-58.206195682378784, -33.532953359339515], [-58.2036113301682, -33.5277908126301], [-58.20707979293434, -33.52692616083433], [-58.211326714229685, -33.527208305015165], [-58.2120986414971, -33.527533729908924], [-58.21359439585067, -33.52614773632294], [-58.21444274919547, -33.52654597943535], [-58.217320535733506, -33.52322526679041], [-58.21747169380278, -33.52269722579628], [-58.21688608934054, -33.522566152329304], [-58.21644822888568, -33.52212077963867], [-58.21598189671453, -33.52207833821667], [-58.21506805648956, -33.52161540587694], [-58.21475392447548, -33.52139005015481], [-58.21457602497627, -33.52112964799352], [-58.214518699632315, -33.52068693341991], [-58.21377133076225, -33.52014745373639], [-58.21334238260678, -33.51996485089279], [-58.21272393811453, -33.51948925509631], [-58.21234535677632, -33.519544203226516], [-58.2119729729357, -33.51946747498472], [-58.21180027386358, -33.51905107342538], [-58.21046221820377, -33.51854507627279], [-58.20983024430018, -33.51860364144912], [-58.20941606082141, -33.51885635968995], [-58.20869041511306, -33.518957364759736], [-58.208805158172176, -33.51922685894928], [-58.20902422668449, -33.5194536218311], [-58.208797663387344, -33.51962961342645], [-58.2082106671841, -33.519457507226356], [-58.20735129129504, -33.51966733744644], [-58.20638163302832, -33.51973919201482], [-58.20511527076811, -33.51916647501527], [-58.20371129651367, -33.51921186233171], [-58.201825119261976, -33.518746874779325], [-58.20089375224861, -33.51839091376108], [-58.20056646345516, -33.51798683047447], [-58.1999, -33.51995], [-58.19582779993152, -33.52060410677141], [-58.19546452610542, -33.520952531171226], [-58.19543800358257, -33.52141293497079], [-58.195745865103646, -33.522082214097495], [-58.195799015313746, -33.522401830504634], [-58.19567956081863, -33.522617156226254], [-58.19497480864952, -33.52333418679482], [-58.19435018345423, -33.52361449162884], [-58.19385751549719, -33.523728629888346], [-58.19343246590465, -33.52366097210399], [-58.19227435339126, -33.523784960481905], [-58.192187826807306, -33.523728739891965], [-58.192352910954135, -33.52361129346358], [-58.19232731046781, -33.52348022152515], [-58.19038455410126, -33.52321318090972], [-58.190100755292974, -33.523258435122536], [-58.189402768429, -33.5235562739283], [-58.187977195641054, -33.5238979125713], [-58.18715453710547, -33.5239428522718], [-58.1859946575135, -33.52370541031928], [-58.18521484519162, -33.52376616384611], [-58.1844012126518, -33.52408229627458], [-58.18345436694564, -33.52420302369953], [-58.182170044896786, -33.52465757430613], [-58.181441443856336, -33.524676516453454], [-58.18045612867276, -33.5248637377989], [-58.17823, -33.5294], [-58.16735, -33.53396], [-58.167234028989206, -33.53543385942832], [-58.168250877489236, -33.53736829267756], [-58.16752340229669, -33.54053401573921], [-58.167534920318985, -33.54118294246893], [-58.16771719839439, -33.5418868429042], [-58.16828094001498, -33.54293010523469], [-58.16856077819561, -33.54401046615991]]]}}, {"type": "Feature", "properties": {"cod": 1703201, "dpto": 17, "secc": 3, "segm": 201, "loc": 321}, "geometry": {"type": "Polygon", "coordinates": [[[-58.22371436792847, -33.52290266867864], [-58.221367991014624, -33.52622254161316], [-58.228809761555596, -33.530363706305835], [-58.23041464430585, -33.52838314797045], [-58.232894898736156, -33.529834854627836], [-58.23381919046472, -33.52858056360977], [-58.22940632861905, -33.526199590175956], [-58.22371436792847, -33.52290266867864]]]}}, {"type": "Feature", "properties": {"cod": 1703203, "dpto": 17, "secc": 3, "segm": 203, "loc": 321}, "geometry": {"type": "Polygon", "coordinates": [[[-58.2173921651137, -33.53184505983293], [-58.22078674401717, -33.53382872351414], [-58.22001912344083, -33.53491743533514], [-58.223532816464335, -33.536942891302154], [-58.222979267898715, -33.53751151370788], [-58.225458439952675, -33.539123750432026], [-58.226763617933884, -33.537439701145956], [-58.225552208673435, -33.536701294747026], [-58.22441016693077, -33.53587317777161], [-58.22641955519905, -33.533343935425684], [-58.225939485239905, -33.53305264801195], [-58.219010413358454, -33.52954292800041], [-58.2173921651137, -33.53184505983293]]]}}, {"type": "Feature", "properties": {"cod": 1703204, "dpto": 17, "secc": 3, "segm": 204, "loc": 321}, "geometry": {"type": "Polygon", "coordinates": [[[-58.21130618776949, -33.531331008549465], [-58.21584346415617, -33.534025272876406], [-58.21817814649918, -33.53072752449412], [-58.212508373083395, -33.52756829805497], [-58.21026661227414, -33.530635659217296], [-58.21130618776949, -33.531331008549465]]]}}, {"type": "Feature", "properties": {"cod": 1703205, "dpto": 17, "secc": 3, "segm": 205, "loc": 321}, "geometry": {"type": "Polygon", "coordinates": [[[-58.2173921651137, -33.53184505983293], [-58.21272196501327, -33.53859028113388], [-58.216105751953044, -33.54046774746853], [-58.22078674401717, -33.53382872351414], [-58.2173921651137, -33.53184505983293]]]}}, {"type": "Feature", "properties": {"cod": 1703212, "dpto": 17, "secc": 3, "segm": 212, "loc": 950}, "geometry": {"type": "Polygon", "coordinates": [[[-58.17041319906511, -33.55220735104167], [-58.17126909425178, -33.553451689175674], [-58.1884831713075, -33.571214610578], [-58.19177768926834, -33.56366458578837], [-58.20531424146757, -33.5468432330854], [-58.20333966143157, -33.54595230531115], [-58.20256188631629, -33.545454462725885], [-58.201019084842784, -33.54607705276221], [-58.198347674235016, -33.541466337189654], [-58.20416718189874, -33.53919474061307], [-58.20420111132529, -33.5389476509774], [-58.20328551458452, -33.53563374496136], [-58.18927786401755, -33.53763219236941], [-58.18915664244384, -33.53748608776059], [-58.16856077819561, -33.54401046615991], [-58.17041319906511, -33.55220735104167]]]}}, {"type": "Feature", "properties": {"cod": 1703304, "dpto": 17, "secc": 3, "segm": 304, "loc": 321}, "geometry": {"type": "Polygon", "coordinates": [[[-58.21489798777006, -33.522620424558134], [-58.213872064284715, -33.52359239752532], [-58.21305262671798, -33.524551522708215], [-58.212229551883, -33.52408880158558], [-58.20533213020398, -33.52517506533391], [-58.2046650775324, -33.52551535418725], [-58.20686701583553, -33.531624883226165], [-58.20788190837607, -33.530589541104135], [-58.20835052177407, -33.53086029896549], [-58.209090038887965, -33.529841858862454], [-58.21026661227414, -33.530635659217296], [-58.212508373083395, -33.52756829805497], [-58.21359435354309, -33.52817517213639], [-58.21678196752561, -33.52370511090326], [-58.21489798777006, -33.522620424558134]]]}}, {"type": "Feature", "properties": {"cod": 1703312, "dpto": 17, "secc": 3, "segm": 312, "loc": 950}, "geometry": {"type": "Polygon", "coordinates": [[[-58.213274268457276, -33.548179656824], [-58.21081590698892, -33.547041145531], [-58.21010383766091, -33.547856839128045], [-58.2081490102657, -33.54692456566915], [-58.20749166509167, -33.54779695060565], [-58.20531424146757, -33.5468432330854], [-58.19177768926834, -33.56366458578837], [-58.1884831713075, -33.571214610578], [-58.204109760766855, -33.587349536770034], [-58.202550087088525, -33.5796907038914], [-58.202801697819304, -33.57962947805296], [-58.211708435577016, -33.580212393508916], [-58.21492677812119, -33.57976224480902], [-58.21401935389017, -33.57699862657655], [-58.213895508624056, -33.562753886021234], [-58.21411598388393, -33.56053227190592], [-58.21414631085797, -33.5576891142365], [-58.21578459233696, -33.55333500840718], [-58.215905114990285, -33.55190371284627], [-58.21654316620933, -33.55077686890212], [-58.21653744902071, -33.54905151033028], [-58.213274268457276, -33.548179656824]]]}}, {"type": "Feature", "properties": {"cod": 1703412, "dpto": 17, "secc": 3, "segm": 412, "loc": 950}, "geometry": {"type": "Polygon", "coordinates": [[[-58.213274268457276, -33.548179656824], [-58.21653744902071, -33.54905151033028], [-58.21654316620933, -33.55077686890212], [-58.215905114990285, -33.55190371284627], [-58.21578459233696, -33.55333500840718], [-58.21414631085797, -33.5576891142365], [-58.21411598388393, -33.56053227190592], [-58.213895508624056, -33.562753886021234], [-58.21393218481139, -33.566639501732276], [-58.21886392796396, -33.56655005244432], [-58.21879776340404, -33.56553232098982], [-58.226820826990256, -33.56373746211091], [-58.233576481355826, -33.56321021404916], [-58.23953576601049, -33.53421805461272], [-58.240838181637024, -33.525884207053736], [-58.239900055050384, -33.52564334889403], [-58.238131123235966, -33.525521634241684], [-58.23739545454706, -33.52532712348771], [-58.23603718751667, -33.52515827671271], [-58.23471749279833, -33.524569901073264], [-58.23401456528362, -33.5244076681258], [-58.23242638944238, -33.52431617396578], [-58.23094672894537, -33.5240012251606], [-58.22992513445045, -33.52409858747139], [-58.22896841745244, -33.52518080418943], [-58.229046407119746, -33.52529465256321], [-58.228204506263125, -33.52633411640271], [-58.229806425933894, -33.52714016289572], [-58.22954316652273, -33.528105402918996], [-58.229701684273834, -33.5287274147124], [-58.22998819348071, -33.5290764729997], [-58.22903053773963, -33.530125941195934], [-58.23118496206739, -33.53133461001191], [-58.23015338711717, -33.53238517238339], [-58.229668042094886, -33.532096558709505], [-58.22964271813433, -33.53197363984473], [-58.22814289810954, -33.53105923644072], [-58.22298884572399, -33.53643488418666], [-58.22523101643861, -33.53774080887079], [-58.22387790901122, -33.53928088083755], [-58.222893110685064, -33.53859701669063], [-58.22160003276846, -33.53786034812674], [-58.21970150957083, -33.53983560854595], [-58.21892155112842, -33.540520856208296], [-58.21974161944872, -33.541018206437705], [-58.219574231922316, -33.5413821406475], [-58.22025026153374, -33.541684379832084], [-58.219181964739974, -33.54289969903976], [-58.21759394533153, -33.54187975559049], [-58.21685080309725, -33.54271235722204], [-58.216749063825155, -33.545630521425736], [-58.21551238277537, -33.544999863692134], [-58.2129845171266, -33.548044337762086], [-58.213274268457276, -33.548179656824]]]}}, {"type": "Feature", "properties": {"cod": 1809003, "dpto": 18, "secc": 9, "segm": 3, "loc": 521}, "geometry": {"type": "Polygon", "coordinates": [[[-55.81113936718927, -32.610980296066074], [-55.83070508910545, -32.607832897414546], [-55.830719248908004, -32.6070856334606], [-55.833326313979555, -32.60667472353321], [-55.833367577076615, -32.60656169993924], [-55.83347777770468, -32.60682699211078], [-55.83438504953176, -32.606644987295994], [-55.834396047725654, -32.60656567438397], [-55.83576041054463, -32.60635964743996], [-55.83574669899895, -32.60719595027506], [-55.84065089497945, -32.6064434473796], [-55.84067655199784, -32.588836343486484], [-55.833843849668, -32.589161814378116], [-55.83390697032754, -32.587277538382644], [-55.83328667403112, -32.58603518511786], [-55.82665983499475, -32.58676577595686], [-55.82647080667343, -32.58854379110956], [-55.82646706356006, -32.59013790148587], [-55.82592727324363, -32.59140345643767], [-55.82568128515681, -32.59267026817921], [-55.8253440113921, -32.59312053646069], [-55.825113956329, -32.593996383565404], [-55.82487573561471, -32.5945155192396], [-55.82417347699153, -32.59543210013834], [-55.8237258364569, -32.59584857854058], [-55.82296206186139, -32.59637833421543], [-55.822541295866195, -32.596832062357336], [-55.82208525405851, -32.59707882213315], [-55.82161101469044, -32.59750257354321], [-55.820560188484755, -32.59890435652481], [-55.82024118841781, -32.59972996391149], [-55.81945847564712, -32.60104219246541], [-55.8183944098942, -32.60207809387455], [-55.81766233462472, -32.603117424336396], [-55.816497007404635, -32.604422959868565], [-55.81462469324613, -32.60566493661298], [-55.81392688771125, -32.60645713263881], [-55.8127874488544, -32.607345671396416], [-55.81251914935967, -32.607666871753246], [-55.81211087902585, -32.60835306351258], [-55.81153557068577, -32.609090821544214], [-55.81137407496717, -32.609472256063086], [-55.81113936718927, -32.610980296066074]]]}}, {"type": "Feature", "properties": {"cod": 1809101, "dpto": 18, "secc": 9, "segm": 101, "loc": 521}, "geometry": {"type": "Polygon", "coordinates": [[[-55.8307810766294, -32.60783779669341], [-55.83070076395042, -32.61141316897054], [-55.83122002191468, -32.61089432210869], [-55.831325039061255, -32.61087441906003], [-55.83129244599728, -32.611985667447215], [-55.83640548081505, -32.611201979423136], [-55.8364028445171, -32.61039129657047], [-55.83560926039644, -32.61049162135808], [-55.83576041054463, -32.60635964743996], [-55.834396047725654, -32.60656567438397], [-55.83438504953176, -32.606644987295994], [-55.83347777770468, -32.60682699211078], [-55.833367577076615, -32.60656169993924], [-55.833326313979555, -32.60667472353321], [-55.830719248908004, -32.6070856334606], [-55.830680512571135, -32.60773331486915], [-55.83070508910545, -32.607832897414546], [-55.8307810766294, -32.60783779669341]]]}}, {"type": "Feature", "properties": {"cod": 1809102, "dpto": 18, "secc": 9, "segm": 102, "loc": 521}, "geometry": {"type": "Polygon", "coordinates": [[[-55.83494069541144, -32.614483249128064], [-55.834762294749154, -32.62033234485178], [-55.83795569928618, -32.61988806001772], [-55.8379183260481, -32.617115612844955], [-55.83801761642814, -32.614049285047145], [-55.83494069541144, -32.614483249128064]]]}}, {"type": "Feature", "properties": {"cod": 1809104, "dpto": 18, "secc": 9, "segm": 104, "loc": 521}, "geometry": {"type": "Polygon", "coordinates": [[[-55.83052796095286, -32.612105699393815], [-55.82984158886024, -32.612123781678164], [-55.82963675058312, -32.61429262448142], [-55.82925703507639, -32.614357297345805], [-55.82907954331586, -32.61536120544269], [-55.83043751368352, -32.615154766346784], [-55.83052796095286, -32.612105699393815]]]}}, {"type": "Feature", "properties": {"cod": 1809201, "dpto": 18, "secc": 9, "segm": 201, "loc": 521}, "geometry": {"type": "Polygon", "coordinates": [[[-55.83070242761253, -32.611493443211096], [-55.83010197624516, -32.61209588612803], [-55.83052796095286, -32.612105699393815], [-55.83043751368352, -32.615154766346784], [-55.838141624604376, -32.6140304614828], [-55.83814589210691, -32.61307772076388], [-55.836399210409645, -32.61332143379338], [-55.83643329453208, -32.61224594350966], [-55.83628428151403, -32.612076001975545], [-55.8363068561198, -32.61122229462369], [-55.83129244599728, -32.611985667447215], [-55.831325039061255, -32.61087441906003], [-55.83122002191468, -32.61089432210869], [-55.83070076395042, -32.61141316897054], [-55.83070242761253, -32.611493443211096]]]}}, {"type": "Feature", "properties": {"cod": 1809202, "dpto": 18, "secc": 9, "segm": 202, "loc": 521}, "geometry": {"type": "Polygon", "coordinates": [[[-55.83494069541144, -32.614483249128064], [-55.8319321999298, -32.614931877817824], [-55.831748762646555, -32.62077054091423], [-55.834762294749154, -32.62033234485178], [-55.83494069541144, -32.614483249128064]]]}}, {"type": "Feature", "properties": {"cod": 1809204, "dpto": 18, "secc": 9, "segm": 204, "loc": 521}, "geometry": {"type": "Polygon", "coordinates": [[[-55.81122419785032, -32.61096793450181], [-55.811020561922255, -32.61234417291366], [-55.8110757480403, -32.61355907882302], [-55.81158346961893, -32.61404614198595], [-55.81228550492173, -32.61492859244147], [-55.81337817094138, -32.61589870965841], [-55.81363282198782, -32.61618230320061], [-55.81384525031497, -32.61663235139848], [-55.815402269290026, -32.618309260601336], [-55.816382924800635, -32.61916517002488], [-55.81762651667376, -32.61992234822654], [-55.817744926048235, -32.62031298656104], [-55.82664959946997, -32.618918600756245], [-55.826730667537134, -32.61944049150184], [-55.82637311081043, -32.62040611594364], [-55.826420931836225, -32.62089020112577], [-55.82675911514448, -32.62140185035571], [-55.826809489984804, -32.62186826915491], [-55.82694371571899, -32.62214409830162], [-55.827383927621504, -32.62228830984829], [-55.82774090286479, -32.62224884477937], [-55.82797446445016, -32.62208588361423], [-55.82841258436177, -32.62206063832879], [-55.8293387502204, -32.623447529409184], [-55.829387820062, -32.62364654417578], [-55.82906532009357, -32.62426708694598], [-55.82866296738403, -32.624356974324854], [-55.82859126678524, -32.62445919242689], [-55.82936754348774, -32.62443791872361], [-55.82959104655716, -32.62430098304392], [-55.82987229002291, -32.62430128518909], [-55.83053645969223, -32.62467361832815], [-55.83143664165909, -32.624865317308746], [-55.83193640365354, -32.624763879406714], [-55.832303928812564, -32.62455606250612], [-55.83362464801444, -32.623697042761286], [-55.83464541480442, -32.62315718259552], [-55.83541285546967, -32.62260098924655], [-55.83596918562962, -32.62241418854752], [-55.83620485912888, -32.62242054054088], [-55.83831530388654, -32.621443261184], [-55.83853714332024, -32.62122605126547], [-55.838531199152186, -32.621314677996445], [-55.840074276231675, -32.619543797862896], [-55.84066776205528, -32.61839738894015], [-55.84100252204192, -32.618196302553], [-55.84134094102484, -32.618520958982245], [-55.841504285970025, -32.61904815451143], [-55.84171994558741, -32.61910656412627], [-55.84261365902345, -32.61874552018215], [-55.84338362644888, -32.618723984647765], [-55.844135403191835, -32.61809545743526], [-55.844775431808245, -32.61790521013506], [-55.845032009156405, -32.617529760988056], [-55.84560057281209, -32.617254739061075], [-55.84618183173435, -32.61670437268768], [-55.84636257423923, -32.61636868407251], [-55.84667229642617, -32.615195136548195], [-55.84694924637748, -32.61458049995427], [-55.847456653910314, -32.61184332235987], [-55.84738199177694, -32.611045681701626], [-55.8467231252855, -32.610219507553076], [-55.84653222829367, -32.61002903451941], [-55.84624285925575, -32.609903536532066], [-55.84573015969929, -32.6099594903581], [-55.84478012087226, -32.6096667238097], [-55.844175341752525, -32.60978806479887], [-55.84314032602429, -32.609739018394954], [-55.8414389651151, -32.610439836403], [-55.840928248069666, -32.61038922198968], [-55.84076183799228, -32.61002216282648], [-55.840642903786176, -32.610050156574644], [-55.84065089497945, -32.6064434473796], [-55.83574669899895, -32.60719595027506], [-55.83560926039644, -32.61049162135808], [-55.8364028445171, -32.61039129657047], [-55.83640548081505, -32.611201979423136], [-55.8363068561198, -32.61122229462369], [-55.83628428151403, -32.612076001975545], [-55.83643329453208, -32.61224594350966], [-55.836399210409645, -32.61332143379338], [-55.83814589210691, -32.61307772076388], [-55.838141624604376, -32.6140304614828], [-55.83801761642814, -32.614049285047145], [-55.83794015677311, -32.61612848750129], [-55.83795569928618, -32.61988806001772], [-55.82837068737438, -32.62125626715541], [-55.828428375390196, -32.619549950841744], [-55.82786416172047, -32.61970058128542], [-55.828001669993476, -32.61668122254924], [-55.827013080915705, -32.61680449148195], [-55.827091347043435, -32.615687199893756], [-55.82907954331586, -32.61536120544269], [-55.82925703507639, -32.614357297345805], [-55.82963675058312, -32.61429262448142], [-55.82984158886024, -32.612123781678164], [-55.83009743730737, -32.61210044012035], [-55.83070242761253, -32.611493443211096], [-55.8307810766294, -32.60783779669341], [-55.81122419785032, -32.61096793450181]]]}}, {"type": "Feature", "properties": {"cod": 1809302, "dpto": 18, "secc": 9, "segm": 302, "loc": 521}, "geometry": {"type": "Polygon", "coordinates": [[[-55.8319321999298, -32.614931877817824], [-55.827091347043435, -32.615687199893756], [-55.827013080915705, -32.61680449148195], [-55.828001669993476, -32.61668122254924], [-55.82786416172047, -32.61970058128542], [-55.828428375390196, -32.619549950841744], [-55.82837068737438, -32.62125626715541], [-55.831748762646555, -32.62077054091423], [-55.8319321999298, -32.614931877817824]]]}}, {"type": "Feature", "properties": {"cod": 1810002, "dpto": 18, "secc": 10, "segm": 2, "loc": 321}, "geometry": {"type": "Polygon", "coordinates": [[[-56.51872544317161, -32.806709626435264], [-56.52553469928134, -32.80645508039213], [-56.525327400852476, -32.802641840804064], [-56.51854588569986, -32.8029110382526], [-56.51872544317161, -32.806709626435264]]]}}, {"type": "Feature", "properties": {"cod": 1810003, "dpto": 18, "secc": 10, "segm": 3, "loc": 321}, "geometry": {"type": "Polygon", "coordinates": [[[-56.51872544317161, -32.806709626435264], [-56.51854588569986, -32.8029110382526], [-56.51386328941346, -32.803089822574435], [-56.51400781481236, -32.80689133333478], [-56.51872544317161, -32.806709626435264]]]}}, {"type": "Feature", "properties": {"cod": 1810004, "dpto": 18, "secc": 10, "segm": 4, "loc": 321}, "geometry": {"type": "Polygon", "coordinates": [[[-56.51386328941346, -32.803089822574435], [-56.51115762028957, -32.803196784917546], [-56.51001438213414, -32.80438541632721], [-56.509917352466324, -32.804385097206], [-56.509805408720474, -32.803835118450635], [-56.50950913911707, -32.8034868644987], [-56.509255992000526, -32.8033216361801], [-56.50807356693589, -32.80331007253328], [-56.50764692775324, -32.803176145751465], [-56.50779505904569, -32.80711294366901], [-56.51029321265669, -32.80695543053236], [-56.51400781481236, -32.80689133333478], [-56.51386328941346, -32.803089822574435]]]}}, {"type": "Feature", "properties": {"cod": 1810005, "dpto": 18, "secc": 10, "segm": 5, "loc": 321}, "geometry": {"type": "Polygon", "coordinates": [[[-56.50846765069476, -32.810616189848155], [-56.51169260744674, -32.81049969907787], [-56.51172539229175, -32.81168368067361], [-56.51419145154078, -32.8116047657828], [-56.51400781481236, -32.80689133333478], [-56.51029321265669, -32.80695543053236], [-56.50779505904569, -32.80711294366901], [-56.507766559897284, -32.806318758952756], [-56.50592024936082, -32.80801515413238], [-56.50846765069476, -32.810616189848155]]]}}, {"type": "Feature", "properties": {"cod": 1810006, "dpto": 18, "secc": 10, "segm": 6, "loc": 321}, "geometry": {"type": "Polygon", "coordinates": [[[-56.50158671539698, -32.8171308678147], [-56.508669554715595, -32.81089590149567], [-56.50592024936082, -32.80801515413238], [-56.50250767892731, -32.811096439336374], [-56.49903348648417, -32.81408120888997], [-56.50104799103122, -32.8162522128337], [-56.50097477141235, -32.81651253151932], [-56.50134808725124, -32.81664235502211], [-56.501419610148545, -32.81694149563546], [-56.50158671539698, -32.8171308678147]]]}}, {"type": "Feature", "properties": {"cod": 1810007, "dpto": 18, "secc": 10, "segm": 7, "loc": 321}, "geometry": {"type": "Polygon", "coordinates": [[[-56.50180761143771, -32.816943057831686], [-56.503458316540474, -32.818703578582024], [-56.50864920122089, -32.814050193106794], [-56.510372141477774, -32.815830205190565], [-56.510650420703215, -32.815595124648134], [-56.510568511974355, -32.81411890376242], [-56.511792342391935, -32.8141014955642], [-56.51169260744674, -32.81049969907787], [-56.50846765069476, -32.810616189848155], [-56.508669554715595, -32.81089590149567], [-56.50180761143771, -32.816943057831686]]]}}, {"type": "Feature", "properties": {"cod": 1810008, "dpto": 18, "secc": 10, "segm": 8, "loc": 321}, "geometry": {"type": "Polygon", "coordinates": [[[-56.51428796180428, -32.81401205678023], [-56.51674061274121, -32.813934478646445], [-56.516785410145815, -32.815100274175435], [-56.51909807540754, -32.815034374454534], [-56.518882716203464, -32.8102642773634], [-56.51414538081489, -32.810422261301134], [-56.51428796180428, -32.81401205678023]]]}}, {"type": "Feature", "properties": {"cod": 1810009, "dpto": 18, "secc": 10, "segm": 9, "loc": 321}, "geometry": {"type": "Polygon", "coordinates": [[[-56.51414538081489, -32.810422261301134], [-56.518882716203464, -32.8102642773634], [-56.51872544317161, -32.806709626435264], [-56.51400781481236, -32.80689133333478], [-56.51414538081489, -32.810422261301134]]]}}, {"type": "Feature", "properties": {"cod": 1810010, "dpto": 18, "secc": 10, "segm": 10, "loc": 321}, "geometry": {"type": "Polygon", "coordinates": [[[-56.51872544317161, -32.806709626435264], [-56.518882716203464, -32.8102642773634], [-56.525726861915665, -32.81000682062828], [-56.52553469928134, -32.80645508039213], [-56.51872544317161, -32.806709626435264]]]}}, {"type": "Feature", "properties": {"cod": 1810011, "dpto": 18, "secc": 10, "segm": 11, "loc": 321}, "geometry": {"type": "Polygon", "coordinates": [[[-56.51909807540754, -32.815034374454534], [-56.523629322633674, -32.81493607951524], [-56.52354933465809, -32.81010379175596], [-56.518882716203464, -32.8102642773634], [-56.51909807540754, -32.815034374454534]]]}}, {"type": "Feature", "properties": {"cod": 1810012, "dpto": 18, "secc": 10, "segm": 12, "loc": 321}, "geometry": {"type": "Polygon", "coordinates": [[[-56.51172539229175, -32.81168368067361], [-56.51179480521269, -32.815092889472574], [-56.512645098074316, -32.8194795295848], [-56.511371316948924, -32.81972138377419], [-56.51145882925874, -32.82019712387439], [-56.51197812939452, -32.8201877323631], [-56.51316778242358, -32.81989358550991], [-56.5136878453773, -32.819892544220686], [-56.514634239639776, -32.819635657169094], [-56.51448587967937, -32.8192666498098], [-56.51345804413977, -32.81766603056944], [-56.51365765182253, -32.81714937151104], [-56.51353510750957, -32.8166765539474], [-56.51395289805044, -32.8158449992104], [-56.5137940993425, -32.81651935933711], [-56.51387454225949, -32.81672451320825], [-56.51427160599905, -32.816632076744554], [-56.51448718692019, -32.81686830202246], [-56.51495600674495, -32.81698174410024], [-56.51505003480843, -32.81743142308244], [-56.51523559784371, -32.81782284428276], [-56.51529643989787, -32.81868205584894], [-56.51518925994068, -32.81914865865411], [-56.51493965093972, -32.819601764064565], [-56.51613190127591, -32.819527679308585], [-56.51661786150026, -32.81973293408862], [-56.516839661796205, -32.819748223771484], [-56.518126886561106, -32.819556145290456], [-56.5194591225725, -32.819470382121594], [-56.52006178798346, -32.819504933017], [-56.52054796992432, -32.8194220275148], [-56.521193491674566, -32.81896127239018], [-56.521070338482204, -32.818674990894095], [-56.520397609961854, -32.818451523859586], [-56.52054572878363, -32.81814247332723], [-56.521307968264615, -32.81751115123083], [-56.52142467249103, -32.81753520866963], [-56.52160922237975, -32.818782587822575], [-56.521787703517724, -32.818903285912995], [-56.52196004459995, -32.81895677119584], [-56.522747153287035, -32.81878931157338], [-56.5231323115038, -32.818663936869505], [-56.52338362509455, -32.818422692024576], [-56.52387264911117, -32.81866148474893], [-56.52386481693045, -32.818382548224676], [-56.52369486860962, -32.81806623914535], [-56.523629322633674, -32.81493607951524], [-56.516785410145815, -32.815100274175435], [-56.51674061274121, -32.813934478646445], [-56.51428796180428, -32.81401205678023], [-56.51419145154078, -32.8116047657828], [-56.51172539229175, -32.81168368067361]]]}}, {"type": "Feature", "properties": {"cod": 1810014, "dpto": 18, "secc": 10, "segm": 14, "loc": 321}, "geometry": {"type": "Polygon", "coordinates": [[[-56.50139252198838, -32.81682820088439], [-56.50097477141235, -32.81651253151932], [-56.50104799103122, -32.8162522128337], [-56.49903348648417, -32.81408120888997], [-56.50427808167124, -32.80953355090846], [-56.507766559897284, -32.806318758952756], [-56.50764692775324, -32.803176145751465], [-56.50807356693589, -32.80331007253328], [-56.509255992000526, -32.8033216361801], [-56.50950913911707, -32.8034868644987], [-56.509805408720474, -32.803835118450635], [-56.509917352466324, -32.804385097206], [-56.51001438213414, -32.80438541632721], [-56.51115762028957, -32.803196784917546], [-56.51562009686072, -32.803019536425246], [-56.51619617596491, -32.80237822733027], [-56.51757803767004, -32.798203580197864], [-56.51828939254015, -32.79411880208271], [-56.52373315201285, -32.793876517135224], [-56.52488175820971, -32.79428911430733], [-56.52468752779536, -32.79061892434713], [-56.51806326857087, -32.790968107292585], [-56.517490667788294, -32.79348211661394], [-56.51682293069091, -32.79514791344222], [-56.515830285725485, -32.79721378646721], [-56.5150217254758, -32.79839987676206], [-56.513865116058604, -32.798284502910896], [-56.51362441553304, -32.79844872337486], [-56.51339983434943, -32.79878939456218], [-56.51270459511252, -32.799381333568], [-56.51259004945975, -32.79938247569603], [-56.51260080399867, -32.79950020075584], [-56.51193245110745, -32.80038645239365], [-56.511860769638545, -32.80066360850938], [-56.51105674918282, -32.80141717640535], [-56.510533284914544, -32.80176581639298], [-56.5102760769604, -32.8018467232393], [-56.50970460442829, -32.801767224654974], [-56.50946128255005, -32.801516347971656], [-56.508862143713586, -32.801905232636074], [-56.507723683206294, -32.8017968965182], [-56.50763870046209, -32.80202426508402], [-56.50737126756584, -32.80208905920257], [-56.507225892115095, -32.80204173818718], [-56.506574677338875, -32.80128253821551], [-56.505833502217946, -32.80079360539282], [-56.50540201536425, -32.800702428430654], [-56.50506080920356, -32.80073089381767], [-56.504900606868475, -32.80061708470008], [-56.50480711072285, -32.802006282358626], [-56.50443410280071, -32.80226623146707], [-56.50445331090742, -32.80247649389947], [-56.50294082925853, -32.80348406484874], [-56.50328640413711, -32.803599236911076], [-56.50393072066628, -32.803511690764324], [-56.504192167408874, -32.80357457013086], [-56.503869172346015, -32.80409297105648], [-56.503701686812676, -32.8047680559236], [-56.503509461032884, -32.8051738907716], [-56.50355786896408, -32.8057037904391], [-56.50319922143794, -32.806216751767586], [-56.5024758531509, -32.80688717640361], [-56.501255560852094, -32.807522918365926], [-56.500533268859726, -32.807625521531214], [-56.49992600147008, -32.80754059526442], [-56.49945104151346, -32.80735994035011], [-56.49866191572325, -32.80769694981147], [-56.49806232657578, -32.80769607377932], [-56.497544485304175, -32.80801045108525], [-56.49781094848189, -32.8099628681113], [-56.4979585479358, -32.81206078945211], [-56.497492103698455, -32.81245556971874], [-56.49736426372129, -32.813373005551846], [-56.497497483284164, -32.81425169650479], [-56.49737993595416, -32.814702198499894], [-56.497375408664674, -32.81513485777962], [-56.497160739913035, -32.81587305213417], [-56.49731885736382, -32.816639457627474], [-56.49760113755998, -32.81741260842351], [-56.49795932554547, -32.81805225243279], [-56.49834148211824, -32.81837623755791], [-56.498896196820255, -32.819236730705356], [-56.499407118077436, -32.819617836472595], [-56.50048206681243, -32.819901128517635], [-56.50069926516614, -32.81986604282607], [-56.500962250095164, -32.819945759619664], [-56.50199108727669, -32.82049552273512], [-56.50247167022999, -32.82064191496773], [-56.503472303635725, -32.82078712906532], [-56.50391860586914, -32.82074989595741], [-56.50458366861534, -32.820889449641165], [-56.505603577872506, -32.82076187963738], [-56.506539149851356, -32.82087031405975], [-56.50730185118443, -32.82082365082916], [-56.508786832971985, -32.82047948629909], [-56.50935498343888, -32.82061843522033], [-56.510152716775096, -32.82056884945318], [-56.51011154468295, -32.820504559220254], [-56.50984523772517, -32.820484292760526], [-56.50950642432588, -32.820249934351054], [-56.50888908593266, -32.82034378164611], [-56.50802343559268, -32.8202295139571], [-56.507605471697545, -32.81989996430068], [-56.50741056234068, -32.819407804199116], [-56.50745765843821, -32.81886152317366], [-56.507657032893434, -32.818438126155144], [-56.50872703988571, -32.817314915226824], [-56.50919901533266, -32.817173883797224], [-56.509472225167336, -32.817269713321636], [-56.50951202558899, -32.81751218929188], [-56.50884260103613, -32.818195079381745], [-56.508713444592246, -32.81880751754059], [-56.50872451951273, -32.81931515206047], [-56.508853825304975, -32.81966878327698], [-56.50913985746179, -32.820000787620295], [-56.50969457679365, -32.820090097714015], [-56.50980214028372, -32.820301540885836], [-56.510642208200586, -32.82042635670426], [-56.51127689612932, -32.82013602491943], [-56.51145882925874, -32.82019712387439], [-56.511371316948924, -32.81972138377419], [-56.512645098074316, -32.8194795295848], [-56.51179480521269, -32.815092889472574], [-56.511792342391935, -32.8141014955642], [-56.510568511974355, -32.81411890376242], [-56.510650420703215, -32.815595124648134], [-56.510372141477774, -32.815830205190565], [-56.50864920122089, -32.814050193106794], [-56.503458316540474, -32.818703578582024], [-56.50180761143771, -32.816943057831686], [-56.50158671539698, -32.8171308678147], [-56.50139252198838, -32.81682820088439]]]}}, {"type": "Feature", "properties": {"cod": 1810101, "dpto": 18, "secc": 10, "segm": 101, "loc": 321}, "geometry": {"type": "Polygon", "coordinates": [[[-56.520987548873535, -32.802808997133944], [-56.52964973688293, -32.802476145720384], [-56.529336792047616, -32.79567181781722], [-56.528181954004744, -32.79548001932124], [-56.52488175820971, -32.79428911430733], [-56.52505809463296, -32.796316775273816], [-56.52080799375343, -32.796501961655885], [-56.520987548873535, -32.802808997133944]]]}}, {"type": "Feature", "properties": {"cod": 1810113, "dpto": 18, "secc": 10, "segm": 113, "loc": 321}, "geometry": {"type": "Polygon", "coordinates": [[[-56.52553469928134, -32.80645508039213], [-56.52977828445007, -32.80629595519512], [-56.52994118047859, -32.809816343441554], [-56.53215373977256, -32.809716449739234], [-56.532551634041525, -32.80914931700192], [-56.53247066152453, -32.8088425507637], [-56.53299525736417, -32.80744290588767], [-56.533710768498, -32.80649327096266], [-56.53428201239915, -32.805894848571214], [-56.533829324344715, -32.80595799406867], [-56.53330226668417, -32.806171483744905], [-56.532198058257805, -32.80682292096816], [-56.53193291379174, -32.80691276589612], [-56.531595792517415, -32.80689013120334], [-56.53135991561414, -32.806816566762535], [-56.531302365986406, -32.80666881415149], [-56.53156336241799, -32.806341932821454], [-56.532366085859174, -32.80624958535199], [-56.53252573454869, -32.806066747052434], [-56.53317089314835, -32.805699402801295], [-56.533289899342535, -32.80555388660083], [-56.533042971564335, -32.80516772269023], [-56.53283981322506, -32.80506591114177], [-56.53219982731427, -32.80500923204968], [-56.53121570041337, -32.80514209289013], [-56.531020632488115, -32.80522622955268], [-56.53083761155618, -32.80553805386114], [-56.53083201260507, -32.80576735159292], [-56.53071723365826, -32.805861755837], [-56.53044708761585, -32.805799464256914], [-56.52974885599463, -32.80529839698425], [-56.53090007663614, -32.80516001011572], [-56.53108746628597, -32.80499182325661], [-56.531953958732885, -32.80482629283818], [-56.53228918337296, -32.80415431791755], [-56.53221449334563, -32.80391475260425], [-56.53237260388518, -32.80371507687459], [-56.53233281600446, -32.803472737782144], [-56.532670791890204, -32.80321571124834], [-56.532868327232805, -32.803351785478505], [-56.532754698306476, -32.80355616419135], [-56.53278879644566, -32.80412105120783], [-56.5331201773348, -32.80417823422362], [-56.53334951443565, -32.8040828246973], [-56.53342150378804, -32.804195441230895], [-56.53361773420181, -32.804221415920985], [-56.533698097833, -32.80471471815667], [-56.533541512938946, -32.804931094435595], [-56.53365468692122, -32.80510813804487], [-56.533889943397604, -32.80517334031391], [-56.53392051488938, -32.805314791776645], [-56.534227451871274, -32.80529759921834], [-56.53435208106533, -32.80511782037123], [-56.53457910465733, -32.80499708631495], [-56.53568147400433, -32.80490512030228], [-56.53594831052245, -32.80502699909708], [-56.5367533348983, -32.804959839317874], [-56.536807654324, -32.80487903077604], [-56.53793930274482, -32.80481855363698], [-56.53824969164846, -32.80474176198434], [-56.53848732837856, -32.804544003541004], [-56.53863536791774, -32.80452310140822], [-56.53875338957106, -32.80465739519786], [-56.53897175045294, -32.804732420890936], [-56.53910788450258, -32.804678580479894], [-56.53927860811579, -32.80500337673526], [-56.539989365647024, -32.805545744387864], [-56.54045672204802, -32.80187967215262], [-56.540201403816894, -32.80168910738939], [-56.538293326591955, -32.80155173452153], [-56.53796555391476, -32.79912139140563], [-56.53643093951956, -32.79834264711024], [-56.535900964133866, -32.797946165232226], [-56.53548514723165, -32.797446916941404], [-56.535252584522155, -32.79654258226415], [-56.529336792047616, -32.79567181781722], [-56.52964973688293, -32.802476145720384], [-56.525327400852476, -32.802641840804064], [-56.52553469928134, -32.80645508039213]]]}}, {"type": "Feature", "properties": {"cod": 1810119, "dpto": 18, "secc": 10, "segm": 119, "loc": 925}, "geometry": {"type": "Polygon", "coordinates": [[[-56.32206785344819, -32.65123337389933], [-56.32918424450943, -32.64061418067996], [-56.329312651509504, -32.63924195876382], [-56.32918307873434, -32.63916145689325], [-56.32931252531215, -32.63809011853687], [-56.32877982648394, -32.63853291664362], [-56.32814449220426, -32.63934618761247], [-56.327964079440015, -32.63993634095891], [-56.32801532185363, -32.64022921886901], [-56.32789160167313, -32.640417971501414], [-56.3278359480976, -32.64073633706028], [-56.32770462246829, -32.64091983743705], [-56.3276351191376, -32.641152038979506], [-56.32757461267112, -32.641215914233975], [-56.32762832121761, -32.64067990412028], [-56.32754775999644, -32.640478904274474], [-56.32709104518335, -32.64029598606809], [-56.3267667620948, -32.63994417634395], [-56.3264101000701, -32.63945187154574], [-56.326330176514844, -32.638972140896385], [-56.325876797579014, -32.638449370016914], [-56.324260559426115, -32.63867669679893], [-56.323562765125104, -32.639719997454506], [-56.32348630310452, -32.639668335634966], [-56.318606030274196, -32.64693286580483], [-56.32206785344819, -32.65123337389933]]]}}, {"type": "Feature", "properties": {"cod": 1810201, "dpto": 18, "secc": 10, "segm": 201, "loc": 321}, "geometry": {"type": "Polygon", "coordinates": [[[-56.52373315201285, -32.793876517135224], [-56.51828939254015, -32.79411880208271], [-56.51757803767004, -32.798203580197864], [-56.51619617596491, -32.80237822733027], [-56.51562009686072, -32.803019536425246], [-56.520987548873535, -32.802808997133944], [-56.52080799375343, -32.796501961655885], [-56.52505809463296, -32.796316775273816], [-56.52488175820971, -32.79428911430733], [-56.52373315201285, -32.793876517135224]]]}}, {"type": "Feature", "properties": {"cod": 1810213, "dpto": 18, "secc": 10, "segm": 213, "loc": 321}, "geometry": {"type": "Polygon", "coordinates": [[[-56.52354933465809, -32.81010379175596], [-56.52369486860962, -32.81806623914535], [-56.52386481693045, -32.818382548224676], [-56.52387264911117, -32.81866148474893], [-56.523973530404554, -32.8187039658683], [-56.52452248530566, -32.81863278923495], [-56.52501374814512, -32.81841387187321], [-56.52627844277135, -32.81807098125861], [-56.528022341739096, -32.81708658746409], [-56.52891373207072, -32.81680877155098], [-56.529689802354106, -32.81632884937764], [-56.5299087605743, -32.81602244083394], [-56.5302062525395, -32.815226439705214], [-56.53046684930052, -32.814797797244594], [-56.53053746003472, -32.81412251829557], [-56.53114102745596, -32.812622904577104], [-56.53136253697268, -32.81147737551089], [-56.531354162690675, -32.811096689773755], [-56.53161007822686, -32.81090582033829], [-56.53188368085412, -32.81013732973223], [-56.53200153606441, -32.8100766003514], [-56.53203411319115, -32.80985360379993], [-56.53215373977256, -32.809716449739234], [-56.52994118047859, -32.809816343441554], [-56.52977828445007, -32.80629595519512], [-56.52553469928134, -32.80645508039213], [-56.525726861915665, -32.81000682062828], [-56.52354933465809, -32.81010379175596]]]}}, {"type": "Feature", "properties": {"cod": 1810219, "dpto": 18, "secc": 10, "segm": 219, "loc": 925}, "geometry": {"type": "Polygon", "coordinates": [[[-56.32206785344819, -32.65123337389933], [-56.3255143683965, -32.65552365252841], [-56.33098303296461, -32.64740015933006], [-56.329882859946814, -32.64667784366787], [-56.32854388837717, -32.64864919925031], [-56.32523544174304, -32.64646962438869], [-56.32206785344819, -32.65123337389933]]]}}, {"type": "Feature", "properties": {"cod": 1810319, "dpto": 18, "secc": 10, "segm": 319, "loc": 925}, "geometry": {"type": "Polygon", "coordinates": [[[-56.32523544174304, -32.64646962438869], [-56.32854388837717, -32.64864919925031], [-56.332501518144866, -32.64281358105363], [-56.32918424450943, -32.64061418067996], [-56.32523544174304, -32.64646962438869]]]}}, {"type": "Feature", "properties": {"cod": 1810419, "dpto": 18, "secc": 10, "segm": 419, "loc": 925}, "geometry": {"type": "Polygon", "coordinates": [[[-56.32916558170776, -32.64055964572944], [-56.332501518144866, -32.64281358105363], [-56.329882859946814, -32.64667784366787], [-56.33098303296461, -32.64740015933006], [-56.33105552030765, -32.64730256725768], [-56.333144278797946, -32.64871384308283], [-56.33571114207356, -32.644933316837715], [-56.33359397932235, -32.64353079979974], [-56.33613188523148, -32.63975172794586], [-56.335282297949036, -32.63898216360554], [-56.33476666872879, -32.638787389973935], [-56.3341454104141, -32.63844444134378], [-56.333787794531304, -32.63813305508444], [-56.33341963813176, -32.63796804625884], [-56.332483094699874, -32.63787279902487], [-56.33163113496978, -32.63764620722757], [-56.32957210791172, -32.63787454357075], [-56.32931252531215, -32.63809011853687], [-56.32918307873434, -32.63916145689325], [-56.329312651509504, -32.63924195876382], [-56.32916558170776, -32.64055964572944]]]}}, {"type": "Feature", "properties": {"cod": 1901121, "dpto": 19, "secc": 1, "segm": 121, "loc": 956}, "geometry": {"type": "Polygon", "coordinates": [[[-54.370151216376954, -33.226190717631724], [-54.37048395007411, -33.222040355434224], [-54.37065330599384, -33.21778241519798], [-54.37008135971869, -33.21793307378805], [-54.36797167566495, -33.21811436102912], [-54.36595104859464, -33.2178777875385], [-54.364658488017966, -33.217542892483735], [-54.36356770663016, -33.217132469194425], [-54.36363731915478, -33.21670267462629], [-54.353287345381055, -33.21210424393336], [-54.35402183912405, -33.206992390712664], [-54.35481813135122, -33.20246681239368], [-54.346948142534586, -33.20354454332371], [-54.346224141242715, -33.210764701051254], [-54.3460595156954, -33.21386203810412], [-54.34556859359869, -33.219274216711014], [-54.34556730154172, -33.21994026309496], [-54.345423609612546, -33.220043054595195], [-54.344497784209594, -33.219920398709235], [-54.34460690725151, -33.22034317865149], [-54.34464401016385, -33.221033305993394], [-54.344457740348886, -33.223109813044935], [-54.34433588724378, -33.22359431819976], [-54.344338775914515, -33.224170926508414], [-54.34442454831334, -33.22445483565441], [-54.344299196903776, -33.22480367818509], [-54.34402221306171, -33.225218130100544], [-54.343940580606, -33.22569111231087], [-54.34392316783452, -33.22691252575452], [-54.34382701334387, -33.22727517126332], [-54.34949616956524, -33.230450909787265], [-54.36733910533559, -33.242886150339096], [-54.36937611235833, -33.24446667283841], [-54.369360036683005, -33.240358993578695], [-54.370151216376954, -33.226190717631724]]]}}, {"type": "Feature", "properties": {"cod": 1901221, "dpto": 19, "secc": 1, "segm": 221, "loc": 956}, "geometry": {"type": "Polygon", "coordinates": [[[-54.38585500778987, -33.21187563585324], [-54.38450816938058, -33.20888526434519], [-54.38311375866569, -33.206067139301325], [-54.382334142956694, -33.204086566968144], [-54.381502167046385, -33.20110730815009], [-54.38140624837863, -33.200191549638774], [-54.38106910643761, -33.19892177700672], [-54.35481813135122, -33.20246681239368], [-54.35402183912405, -33.206992390712664], [-54.353287345381055, -33.21210424393336], [-54.36363731915478, -33.21670267462629], [-54.36356770663016, -33.217132469194425], [-54.364658488017966, -33.217542892483735], [-54.36595104859464, -33.2178777875385], [-54.36797167566495, -33.21811436102912], [-54.37008135971869, -33.21793307378805], [-54.37065330599384, -33.21778241519798], [-54.37634321964229, -33.21966518983741], [-54.38126102006566, -33.22110815658503], [-54.38169914207976, -33.21364384266645], [-54.38362632491655, -33.21375717878877], [-54.38725536528248, -33.21414554123414], [-54.38585500778987, -33.21187563585324]]]}}, {"type": "Feature", "properties": {"cod": 1901321, "dpto": 19, "secc": 1, "segm": 321, "loc": 956}, "geometry": {"type": "MultiPolygon", "coordinates": [[[[-54.414585522750166, -33.23967326597578], [-54.414921322306654, -33.23948444522312], [-54.415698580183374, -33.23854773706657], [-54.41578454709763, -33.23819252985921], [-54.41553021990936, -33.23790834249332], [-54.414671498611504, -33.237409554872166], [-54.41406416291669, -33.236195023191335], [-54.413519301411974, -33.2353418111817], [-54.412600513528965, -33.23464415105783], [-54.41241168448503, -33.23444263941542], [-54.412215022678105, -33.23398769014589], [-54.41131901066807, -33.2334377461045], [-54.4109962553965, -33.233133562417095], [-54.40976149552915, -33.231772653134485], [-54.409624586489045, -33.23130933738118], [-54.409679516891245, -33.23076918020329], [-54.40962111581322, -33.23053467795111], [-54.40937045385719, -33.23038603366856], [-54.40924744362144, -33.23047429117538], [-54.40870464183084, -33.23042247142212], [-54.40833524446577, -33.23005668200137], [-54.40822602052729, -33.22985001204728], [-54.40806642971147, -33.22902301567899], [-54.40777480505444, -33.228687817317926], [-54.40727738732839, -33.22851746567541], [-54.40700044475281, -33.22829262991748], [-54.40687236476175, -33.2280648900105], [-54.40670927563974, -33.22710223105529], [-54.40594708900177, -33.22687106905368], [-54.405350060106024, -33.22649545436078], [-54.40519043482129, -33.226307600247445], [-54.40501230852954, -33.225666627450465], [-54.40470083109472, -33.22512117912846], [-54.40441219600499, -33.22514647908788], [-54.403706483950366, -33.22540153324232], [-54.4033447243937, -33.225721256013195], [-54.40252969473726, -33.22619264664657], [-54.401235360957585, -33.2261096367851], [-54.400979943467966, -33.22605927574574], [-54.40081780972271, -33.225925084458716], [-54.4008750195601, -33.226609523056204], [-54.400087294396904, -33.22650024657162], [-54.39957809045762, -33.22700303696117], [-54.398366672327256, -33.22768950237771], [-54.395560240190775, -33.22729912566204], [-54.39196659596184, -33.22827580801866], [-54.391989676197376, -33.2256597937889], [-54.390735569821935, -33.22556511559511], [-54.39069907499489, -33.23122187403137], [-54.40018530784531, -33.23245772814368], [-54.40010214536021, -33.23678351923589], [-54.40420038922071, -33.237310859476196], [-54.404307188471094, -33.23913273089044], [-54.40683, -33.23814], [-54.40722, -33.23927], [-54.40964, -33.23877], [-54.40986, -33.24104], [-54.4144, -33.23972], [-54.41455099944134, -33.23982165321868], [-54.414585522750166, -33.23967326597578]]], [[[-54.39814182905141, -33.24543325662917], [-54.39722697971306, -33.24613174969462], [-54.39566890562517, -33.24723928395337], [-54.39735543991434, -33.24698976073657], [-54.39859335265716, -33.24700649833278], [-54.40012605053698, -33.244826181630486], [-54.39814182905141, -33.24543325662917]]]]}}, {"type": "Feature", "properties": {"cod": 1901421, "dpto": 19, "secc": 1, "segm": 421, "loc": 956}, "geometry": {"type": "Polygon", "coordinates": [[[-54.38860641173017, -33.216200436129256], [-54.38815803467357, -33.2217388252498], [-54.39084481152988, -33.22195477777404], [-54.390735569821935, -33.22556511559511], [-54.391989676197376, -33.2256597937889], [-54.39196659596184, -33.22827580801866], [-54.395560240190775, -33.22729912566204], [-54.398366672327256, -33.22768950237771], [-54.39957809045762, -33.22700303696117], [-54.400087294396904, -33.22650024657162], [-54.4008750195601, -33.226609523056204], [-54.40081780972271, -33.225925084458716], [-54.40044465306564, -33.22563971656821], [-54.39993856678144, -33.22544085665812], [-54.399225049590704, -33.224803476416746], [-54.39891447477861, -33.22466317274697], [-54.397985043775236, -33.22482815142567], [-54.39733134577897, -33.22460543696731], [-54.39720242963383, -33.2243955846815], [-54.39710124665261, -33.223802945140335], [-54.396400773305906, -33.222465518707295], [-54.3963402852833, -33.22227566278686], [-54.39642348958977, -33.22219005711117], [-54.39706209078273, -33.222311280117], [-54.39733396360301, -33.222220118461124], [-54.39754293399818, -33.221776799134766], [-54.397577241938876, -33.2214673118533], [-54.39777943580339, -33.22138291257323], [-54.39824309519072, -33.22079158641973], [-54.39837486808538, -33.22051587257352], [-54.39825706928784, -33.219857688037145], [-54.39827204686674, -33.219112824237556], [-54.398066810600646, -33.21841340213071], [-54.397557734788386, -33.21785404394397], [-54.39742573497346, -33.21749965798187], [-54.397048988417886, -33.21559327537194], [-54.39693652759992, -33.215241900465365], [-54.39662870859978, -33.21483214064513], [-54.39656208771, -33.21371407504268], [-54.39554753274055, -33.21421622796358], [-54.39526782075962, -33.214261139155745], [-54.394628644357404, -33.213941719647316], [-54.39447611622444, -33.21360203894407], [-54.39407916864308, -33.21191730968552], [-54.394108145881916, -33.211507909151265], [-54.394350493966435, -33.210988954697136], [-54.394869564861, -33.21027163254978], [-54.394921839910396, -33.20957777970813], [-54.394574830973106, -33.20852253882725], [-54.39424758115201, -33.20810055430311], [-54.39403081242004, -33.207651293778], [-54.39313489446976, -33.20688538512302], [-54.39290761762399, -33.206236469419004], [-54.392957123225315, -33.20581236355806], [-54.39365002006309, -33.20477205521141], [-54.39394987339699, -33.204082313013245], [-54.39435101740798, -33.20376895491242], [-54.39509084284863, -33.20384352978602], [-54.39557968571561, -33.20356236684624], [-54.39579781253404, -33.203561571471994], [-54.39732761061086, -33.20390784415826], [-54.398026344821844, -33.20465097182189], [-54.39830865256647, -33.204336578614885], [-54.39865383757155, -33.20331202321264], [-54.3987823479454, -33.20162224267832], [-54.39817015541705, -33.20051506255834], [-54.397734263664304, -33.20008445916429], [-54.39758967554931, -33.19957491889273], [-54.39725740876619, -33.19926026001458], [-54.396908860381245, -33.19908685879796], [-54.396581670152734, -33.199088051877965], [-54.39640158289739, -33.1993379352398], [-54.396399234965266, -33.19959866572594], [-54.39670627740215, -33.20044949080872], [-54.39587634510414, -33.19997323178616], [-54.39564080762103, -33.19928708215685], [-54.39542082959894, -33.198054119829486], [-54.39514581351978, -33.197577570130456], [-54.39469488419739, -33.197261611149656], [-54.39458341318411, -33.197099561649694], [-54.394042437034344, -33.197012137950125], [-54.3935426117051, -33.196679339101905], [-54.39345156819351, -33.19671869438172], [-54.393704129015596, -33.19725462156633], [-54.393826937897366, -33.197805625824664], [-54.39360161307159, -33.19817435778362], [-54.39337597446498, -33.198335850837175], [-54.392079494108906, -33.197874309659454], [-54.39169124065026, -33.197487450279176], [-54.391075508991875, -33.19709093696004], [-54.3899665475736, -33.19664153025626], [-54.389824520755134, -33.196501650187585], [-54.389343677539685, -33.19703613116982], [-54.38106910643761, -33.19892177700672], [-54.38140624837863, -33.200191549638774], [-54.381502167046385, -33.20110730815009], [-54.38193191750773, -33.20272524752323], [-54.382334142956694, -33.204086566968144], [-54.38311375866569, -33.206067139301325], [-54.38450816938058, -33.20888526434519], [-54.38585500778987, -33.21187563585324], [-54.38725536528248, -33.21414554123414], [-54.388844079572124, -33.21429429331283], [-54.38860641173017, -33.216200436129256]]]}}, {"type": "Feature", "properties": {"cod": 1902101, "dpto": 19, "secc": 2, "segm": 101, "loc": 722}, "geometry": {"type": "Polygon", "coordinates": [[[-53.8062938456469, -33.20516682869845], [-53.81030208302477, -33.20872379288925], [-53.814208709934285, -33.20575754071933], [-53.81244318911557, -33.204190267435294], [-53.810065606216604, -33.20225064198668], [-53.8062938456469, -33.20516682869845]]]}}, {"type": "Feature", "properties": {"cod": 1902102, "dpto": 19, "secc": 2, "segm": 102, "loc": 722}, "geometry": {"type": "Polygon", "coordinates": [[[-53.801709188123695, -33.208749654107955], [-53.80092269566986, -33.210590620980845], [-53.80175268149071, -33.21036369977275], [-53.8020749570162, -33.210497628344484], [-53.80250170598702, -33.21054595606289], [-53.80425783044462, -33.210215466773455], [-53.8057485989269, -33.20983754448392], [-53.806486657822084, -33.209768462980065], [-53.80696190295708, -33.20985516057228], [-53.80810973774371, -33.21038575050126], [-53.81030208302477, -33.20872379288925], [-53.80682558749411, -33.20564439696471], [-53.80558816468979, -33.206598595665525], [-53.80506222739419, -33.20613751750204], [-53.802028600294975, -33.20842287724549], [-53.801709188123695, -33.208749654107955]]]}}, {"type": "Feature", "properties": {"cod": 1902201, "dpto": 19, "secc": 2, "segm": 201, "loc": 722}, "geometry": {"type": "Polygon", "coordinates": [[[-53.810065606216604, -33.20225064198668], [-53.805218914816116, -33.19796740713124], [-53.801364983816754, -33.20082456585842], [-53.8062938456469, -33.20516682869845], [-53.810065606216604, -33.20225064198668]]]}}, {"type": "Feature", "properties": {"cod": 1902202, "dpto": 19, "secc": 2, "segm": 202, "loc": 722}, "geometry": {"type": "Polygon", "coordinates": [[[-53.79772363966706, -33.2036666521512], [-53.798607129218446, -33.204360666651375], [-53.799568293020435, -33.2049179523621], [-53.80004479674237, -33.20530140197492], [-53.80057720917687, -33.20556048967102], [-53.800992743437405, -33.20600492940489], [-53.80120843213353, -33.20744176899232], [-53.801478841857744, -33.2085434896286], [-53.80141947113604, -33.209330569911714], [-53.801338436550715, -33.20956814855843], [-53.80117721253261, -33.20973912097395], [-53.80129020965074, -33.20987312177692], [-53.801709188123695, -33.208749654107955], [-53.802028600294975, -33.20842287724549], [-53.80506222739419, -33.20613751750204], [-53.80558816468979, -33.206598595665525], [-53.80682558749411, -33.20564439696471], [-53.801364983816754, -33.20082456585842], [-53.79772363966706, -33.2036666521512]]]}}, {"type": "Feature", "properties": {"cod": 1902207, "dpto": 19, "secc": 2, "segm": 207, "loc": 722}, "geometry": {"type": "Polygon", "coordinates": [[[-53.80777760633406, -33.20020731273787], [-53.810065606216604, -33.20225064198668], [-53.81277007287931, -33.19878466665804], [-53.81185911128876, -33.19817240100675], [-53.81187314313237, -33.19806527261801], [-53.81110114634761, -33.19751278141998], [-53.810756684915894, -33.19778119854279], [-53.81073583208828, -33.19791855081347], [-53.80777760633406, -33.20020731273787]]]}}, {"type": "Feature", "properties": {"cod": 1907102, "dpto": 19, "secc": 7, "segm": 102, "loc": 723}, "geometry": {"type": "Polygon", "coordinates": [[[-54.422149955075426, -33.26039528166673], [-54.421634872457204, -33.25975392367554], [-54.4195105634454, -33.26194934270094], [-54.42521321701968, -33.26610284313807], [-54.4234633567629, -33.26791758367665], [-54.42485000321001, -33.26899694486912], [-54.425882002911415, -33.26833555298908], [-54.42669967639211, -33.266955247323516], [-54.43687619557122, -33.27441543918575], [-54.43690340636189, -33.27425777845697], [-54.43421456820747, -33.2717796499102], [-54.43128659372436, -33.26890286091095], [-54.43077376537668, -33.26842377882941], [-54.43018948490948, -33.26820334436081], [-54.424842873142964, -33.26300008213963], [-54.428795616444106, -33.25943472656798], [-54.42569276658301, -33.2562684206762], [-54.424994531845904, -33.25700191944352], [-54.42561992870743, -33.257616120987805], [-54.422149955075426, -33.26039528166673]]]}}, {"type": "Feature", "properties": {"cod": 1907202, "dpto": 19, "secc": 7, "segm": 202, "loc": 723}, "geometry": {"type": "Polygon", "coordinates": [[[-54.422149955075426, -33.26039528166673], [-54.42561992870743, -33.257616120987805], [-54.424994531845904, -33.25700191944352], [-54.424939956491016, -33.25711002785343], [-54.424087596964455, -33.2562611912555], [-54.41197903589421, -33.246030941940695], [-54.41159440680298, -33.24662595502489], [-54.410539530328556, -33.24735574088508], [-54.409749001291104, -33.248155353605554], [-54.40929652608068, -33.248928421483015], [-54.408805181509756, -33.24926310182405], [-54.4079398033448, -33.25017663129013], [-54.40754492704535, -33.250355905027774], [-54.406612833930865, -33.250367333505], [-54.40598589078314, -33.25063511703677], [-54.40976870129112, -33.253244905360354], [-54.4195105634454, -33.26194934270094], [-54.421634872457204, -33.25975392367554], [-54.422149955075426, -33.26039528166673]]]}}, {"type": "Feature", "properties": {"cod": 1908002, "dpto": 19, "secc": 8, "segm": 2, "loc": 521}, "geometry": {"type": "Polygon", "coordinates": [[[-54.942845300552534, -32.92190866655295], [-54.943159409121925, -32.9221921041861], [-54.94488060220383, -32.92224916711003], [-54.94503392637366, -32.92592154761109], [-54.94783113389714, -32.92580214523224], [-54.95036638889132, -32.92500391771635], [-54.9511053989395, -32.92673972707717], [-54.953615023103154, -32.92454975778257], [-54.954495515367476, -32.925205653328845], [-54.95646276476041, -32.923694429770464], [-54.95692779996392, -32.92407817904009], [-54.959980496605915, -32.921815001324845], [-54.957308921123236, -32.92093822855666], [-54.95722240699552, -32.921123146539216], [-54.95530018942037, -32.920602796773764], [-54.95397366678729, -32.92041163807355], [-54.952807504929794, -32.92036431528442], [-54.951644068462066, -32.92040767616484], [-54.950484137925606, -32.92055684300106], [-54.942845300552534, -32.92190866655295]]]}}, {"type": "Feature", "properties": {"cod": 1908003, "dpto": 19, "secc": 8, "segm": 3, "loc": 521}, "geometry": {"type": "Polygon", "coordinates": [[[-54.9347230967303, -32.918022638844064], [-54.939361865279054, -32.91991187692918], [-54.94275288652709, -32.921921254299654], [-54.95049330474928, -32.920556501356664], [-54.950014895250014, -32.9185839548842], [-54.952146857959804, -32.9181865643248], [-54.95132997448737, -32.91516702007535], [-54.95074220310006, -32.91528722542816], [-54.950441569148175, -32.91426160608179], [-54.94909042028819, -32.91450117067084], [-54.94867503940412, -32.91248082091854], [-54.9347230967303, -32.918022638844064]]]}}, {"type": "Feature", "properties": {"cod": 1908004, "dpto": 19, "secc": 8, "segm": 4, "loc": 521}, "geometry": {"type": "Polygon", "coordinates": [[[-54.915858506209446, -32.9168296281482], [-54.91597683908483, -32.91705975667313], [-54.925235694447274, -32.91841003777571], [-54.92929343512142, -32.918690190922554], [-54.93058452570977, -32.919103679431096], [-54.93061705936739, -32.91903442677008], [-54.93738769845945, -32.92149911530755], [-54.93913147696921, -32.92197895978867], [-54.94031876571167, -32.922099104129785], [-54.94275288652709, -32.921921254299654], [-54.939361865279054, -32.91991187692918], [-54.9347230967303, -32.918022638844064], [-54.93443, -32.91814], [-54.915858506209446, -32.9168296281482]]]}}, {"type": "Feature", "properties": {"cod": 1908005, "dpto": 19, "secc": 8, "segm": 5, "loc": 521}, "geometry": {"type": "Polygon", "coordinates": [[[-54.942845300552534, -32.92190866655295], [-54.94139112925056, -32.92210673973421], [-54.94011526159943, -32.92210132256041], [-54.93831261193451, -32.92180511946923], [-54.932437592007524, -32.919697147950345], [-54.93058452570977, -32.919103679431096], [-54.93033096578923, -32.91934023373261], [-54.93024669711742, -32.91960070183189], [-54.931149966534036, -32.92447128690658], [-54.93058697026845, -32.92449978371821], [-54.930828250282, -32.93065149850603], [-54.9413855712944, -32.930091488529655], [-54.94122298204033, -32.92613169990972], [-54.944915925910784, -32.92598655104968], [-54.94503392637366, -32.92592154761109], [-54.94488060220383, -32.92224916711003], [-54.943159409121925, -32.9221921041861], [-54.942845300552534, -32.92190866655295]]]}}, {"type": "Feature", "properties": {"cod": 1908101, "dpto": 19, "secc": 8, "segm": 101, "loc": 521}, "geometry": {"type": "Polygon", "coordinates": [[[-54.95664443681993, -32.91514300819991], [-54.95747240684651, -32.91822274485885], [-54.956195999453456, -32.91848970346971], [-54.95688591910559, -32.92100696202371], [-54.95722240699552, -32.921123146539216], [-54.957308921123236, -32.92093822855666], [-54.959980496605915, -32.921815001324845], [-54.962976781602634, -32.919523623235825], [-54.962748801588006, -32.91932776086471], [-54.96362415835586, -32.918659393686774], [-54.963316372094916, -32.91824479509649], [-54.96159, -32.91821], [-54.95985510762462, -32.91348702023012], [-54.95889119079728, -32.913697001405076], [-54.959151981189734, -32.91463332049495], [-54.95664443681993, -32.91514300819991]]]}}, {"type": "Feature", "properties": {"cod": 1908201, "dpto": 19, "secc": 8, "segm": 201, "loc": 521}, "geometry": {"type": "Polygon", "coordinates": [[[-54.95049330474928, -32.920556501356664], [-54.95222530676306, -32.920370862203285], [-54.95377909287578, -32.92039622426735], [-54.95542245477966, -32.92062260694921], [-54.95688591910559, -32.92100696202371], [-54.956195999453456, -32.91848970346971], [-54.95747240684651, -32.91822274485885], [-54.95664443681993, -32.91514300819991], [-54.95285147236289, -32.915920113590005], [-54.95281045802039, -32.91578480626783], [-54.95268, -32.91583], [-54.951823160603155, -32.91507228084187], [-54.95132997448737, -32.91516702007535], [-54.952146857959804, -32.9181865643248], [-54.950014895250014, -32.9185839548842], [-54.95049330474928, -32.920556501356664]]]}}]}